address	kind	name	type	comment
0x00100008	function	entry	void entry(void)	Inferred from an exact code match with NA2 SLPS_258.37 0x00100008. Boot zero interval0x00607380..0x008DD080 in16-byte sq steps at0x00100160 initializes queue globals/cleanup mode before GP setup. Along with start zero byte,only observed cleanup-mode writes;no nonzero writer found within bounded audit. | Zero-fill 0x00607380..0x008DD080; InitMainThread syscall0x3C uses gp0x0060A9F0,stack-1,size0x8000; InitHeap syscall0x3D uses start0x008DD080,size-1. | Reset integer/accumulator/floating registers,sync0x10/FCSR0; loaded SECTION4 interval0x00100000..0x0060737F precedes upper-exclusive zero interval0x00607380..0x008DD080;GP0x0060A9F0,syscall0x3C stack-1/size0x8000/args0x00607A00/exit0x00100220,returned SP;syscall0x3D heap0x008DD080/-1;SDK prelude,FlushCache(0),EI;load word0x00607A00 as first arg and pointer0x00607A04 as second at0x00100204/0x0010020C(bytes00 00 44 8C /04 00 45 24);engine boot nonreturning,return would forward status to library exit. | Boot FCSR write00100118 bytes00 F8 C0 44=ctc1 zero,fcsr; aligned search00 F8 ?? 44 across three scoped programs distinguishes0010010C mtc1 zero,f31; establishes FCSR0,not selectable rounding mode; no scoped timer helper FCSR writes. Boundary0x008DD080 is constructed twice in this routine:0x00100120/0x00100128 for zero-fill and0x001001D0/0x001001D8 for InitHeap (ELF offsets0x220/0x228 and0x2D0/0x2D8).
0x00101180	function	gs_transfer_global_complete	void gs_transfer_global_complete(int param_1)	Inferred from an exact code match with NA2 SLPS_258.37 0x00101370. Global-object helper conditionally called by generic GS transfer completion; no established CCS packet semantics.
0x00101880	function	mpeg_decoder_commit_callback	int mpeg_decoder_commit_callback(void)	Inferred from an exact code match with NA2 SLPS_258.37 0x00101A60. Decoder callback calls mpeg_buffer_commit with decoder+0x48 after service call,return1; callback reachability of zero transfer_active path remains open.
0x00101DB0	function	mpeg_decoder_destroy		Inferred from an exact code match with NA2 SLPS_258.37 0x00101FA0. Destroy outer decoder by mpeg_buffer_destroy(outer+0x48),then decoder cleanup,return1.
0x00101EF0	function	abi_general_arguments_forward	unsigned int abi_general_arguments_forward(int arg1, unsigned int arg2, unsigned int arg3, unsigned int arg4, unsigned int arg5, unsigned int arg6, unsigned int arg7, unsigned int arg8)	Inferred from an exact code match with NA2 SLPS_258.37 0x001020E0. Spill eight general arguments a0-a3,t0-t3 at entry; frame0x90 preserves16-byte alignment. General integer/pointer result bank v0 is independent of FP argument bank f12-f19; additional general caller slots stride8. Mixed FP/general decompiler order is not physical parameter order; inspect each independent bank and caller. This full body returns integer1 through v0. MPEG decoder initializer passes outer+0x48 plus its last five arguments to mpeg_buffer_initialize; returns1; separate embedded buffer layout.
0x001026C0	function	mpeg_buffer_align_bytes		Inferred from an exact code match with NA2 SLPS_258.37 0x00102870. Acquire semaphore,align pending_bytes to0x800 with signed rounding expression,signal.
0x00102730	function	mpeg_buffer_occupied_bytes		Inferred from an exact code match with NA2 SLPS_258.37 0x001028E0. Acquire semaphore,read occupied bytes=pending_bytes+occupied_sector_count*0x800,signal,return count.
0x00103190	function	mpeg_buffer_advance_bytes		Inferred from an exact code match with NA2 SLPS_258.37 0x001032A0. Acquire semaphore,add bytes to pending_bytes and64-bit total at+0x48,signal.
0x00103550	function	mpeg_buffer_initialize		Inferred from an exact code match with NA2 SLPS_258.37 0x00103660. Initialize embedded MpegBuffer from five buffer/tag/record arguments; create semaphore maximum1/initial1 at semaphore_id+0x40,reset buffer,clear64-bit byte total+0x48,return1.
0x001037D0	function	mpeg_read_disc_sectors		Inferred from an exact code match with NA2 SLPS_258.37 0x001038E0. Request bytes>>11 sectors and return (bytes>>11)<<11, rounding down to whole0x800-byte sectors.
0x00105E30	function	task_add_control_flags		Inferred from an exact code match with NA2 SLPS_258.37 0x00105D80. OR supplied halfword bits into TaskCleanupRecord.control_flags.
0x00106350	function	engine_root_construct	int engine_root_construct(int param_1)	Inferred from an exact code match with NA2 SLPS_258.37 0x001062A0. Construct embedded engine objects at +0x110/+0x150 and clear the early callback; no recovery_callback installation is established.
0x001065D0	function	engine_update_services	void engine_update_services(void)	Inferred from an exact code match with NA2 SLPS_258.37 0x00106500. Prepare the engine packet buffer, then run the two following resident service helpers. | Final service step render_pool_release_frame releases frame pool entries. | Prepare alternate master template,reset every context per-frame tree/state,then recycle packet pool;shared node cursor reset follows in engine_root_update.
0x00107410	function	engine_configure_display	void engine_configure_display(int param_1,unsigned short param_2,unsigned short param_3,unsigned char param_4)	Inferred from an exact code match with NA2 SLPS_258.37 0x00107340. Configure engine display fields0x2A8/0x2AA/0x2AC; clear pacing_bypass0x2AD enabling counter wait. | Width/height are u16 requested_display_width/requested_display_height at+0x2A8/+0x2AA; byte setup_request at+0x2AC is the requested mode, cleared to zero for retail boot and later restored to-1 after configuration.
0x001075A0	function	engine_set_packed_display_value		Inferred from an exact code match with NA2 SLPS_258.37 0x001074D0. Store low24 bits at context+0x14 and update active display packet; post-splash passes0.
0x00107630	function	engine_set_display_divisor		Inferred from an exact code match with NA2 SLPS_258.37 0x00107560. Store unsigned display_divisor at +0x01 and reset display_counter at +0x00; initialization selects 1, MOTHER selects 2 after readiness, and MPEG can select other values; the threshold is a byte count, not a duration. | Movie creation selects 1 and movie teardown restores its saved value. | Direct JAL opcode census in ELF/BTL/ETC finds exactly four resident callers and no BTL/ETC sites: initialization0x001080C0 selects1; MOTHER0x001E11C4 selects2, preceded by li a1,2 at0x001E11C0 (word0x24050002); movie start0x00105A88 selects1; movie end0x001054E8 restores saved divisor.
0x00107AA0	function	engine_prepare_packet_buffer	void engine_prepare_packet_buffer(int param_1)	Inferred from an exact code match with NA2 SLPS_258.37 0x001079C0. Rebase engine by(update_counter&1)*0x60 for packet writes spanning0x1E0..0x23F relative to rebase; no gate0x192/callback0x500 writes in inspected scope. | Master templates+1E0/+240 stride0x60 selected by update_counter&1;publish head+1D0/insertion+1D4;ID bytes30,10,20,70,70,second slot copied REF from display-owned+1D8;first REF model_vu_frame_prefix003CEA30 QWC0x27B derived from exclusive003D11E0 at00107A04..00107A30. | Direct system-context update-counter load at0x001079D0 selects master-chain parity.
0x00108060	function	engine_root_initialize	void engine_root_initialize(int param_1)	Inferred from an exact code match with NA2 SLPS_258.37 0x00107F80. Initialize RNG update_counter to zero, display divisor/polling mode to 1, and recovery callback/task/state/control and frame_gate to zero; pacing_bypass starts 1 and engine_configure_display clears it before interrupt installation; register engine_sif_recovery_callback with argument 0, without a nonzero recovery-callback install. Callback/gate aligned-store audit finds only the owning initialization and frame-gate stores among engine aliases: 13 addiu +0x500 candidates are unrelated; BTL/ETC have no aligned gate byte-store, ETC no aligned +0x500 word-store, and BTL's sole such candidate belongs to skill_primary_construct; mirrored/unaligned accesses remain outside that bound. Zero stores are at 0x00107FCC, 0x00107FD4 and 0x00108010; SIF registration is 0x00108130..0x00108138. | Allocate0x14-byte pool descriptor and0x200000-byte backing; publish EnginePadContext.render_pool. | Render initialization obtains a 0x14-byte descriptor and constructs its 0x200000-byte backing through render_pool_create_owned; inspected whole body ends at 0x00108163. | Boot requests engine_configure_display(engine,0x200,0x1C0,0), then installs display configuration and selects divisor1 at0x001080C0.
0x00108250	function	render_pool_create_owned		Inferred from an exact code match with NA2 SLPS_258.37 0x00108170. Call render_pool_configure(pool,0,bytes) and return pool.
0x00108780	function	engine_clear_early_callback	void engine_clear_early_callback(void)	Inferred from an exact code match with NA2 SLPS_258.37 0x001086A0. Clear EnginePadContext.early_callback at +0x520 during construction; no nonzero installation was found by the bounded constant-offset resident store search, which cannot exclude indirect writers.
0x00108AA0	function	graphics_interrupt_handlers_initialize	undefined4 graphics_interrupt_handlers_initialize(void)	Inferred from an exact code match with NA2 SLPS_258.37 0x001089A0. Register three enabled INTC records and one positive-enabled DMAC record00602A08 channel1/handler00108BA0;enable DMAC1;return unestablished.
0x00108BF0	function	engine_sif_recovery_callback	void engine_sif_recovery_callback(void)	Inferred from an exact code match with NA2 SLPS_258.37 0x00108AF0. SIF callback loads published engine using saved owner GP and sets cdvd_recovery_suppressed byte0x506=1; no task record,no direct frame_gate or callback0x500 write; state0 transition blocked without resetting advanced states. Recovery-suppressed byte store1 at0x00108AFC. Engine installs this via cdvd_register_sif_callback with zero context,not the separate thread callback registration.
0x00108E70	function	engine_increment_display_counter	void engine_increment_display_counter(char * param_1,char param_2)	Inferred from an exact code match with NA2 SLPS_258.37 0x00108D70. Add argument to engine display_counter through byte store,wrap modulo256.
0x00109030	function	gs_command_target_initialize	void gs_command_target_initialize(int param_1,unsigned int param_2,unsigned int param_3)	Inferred from an exact code match with NA2 SLPS_258.37 0x00108F20. Initialize two DMA tags, callback+0x18 and argument+0x1C; GS producer supplies gs_transfer_complete; no established link to CCS packet ring. Bounded encoded-call census: only resident caller0x00104F5C in gs_build_transfer_draw_packets; no BTL/ETC call.
0x001090F0	function	ccs_packet_ring_commit	void ccs_packet_ring_commit(int param_1)	Inferred from an exact code match with NA2 SLPS_258.37 0x00109000. With command target increment queued count, advance write index modulo 0x100 and SignalSema. Bounded encoded-call census: two resident direct calls, file0x2200 and frame0x2201; none in BTL.BIN or ETC.BIN.
0x00109340	function	ccs_packet_ring_request_stop	void ccs_packet_ring_request_stop(int param_1)	Inferred from an exact code match with NA2 SLPS_258.37 0x00109240. With command target OR command word+0x2C bit2 and SignalSema; requested by playback stop/exit when container flag 0x80 set. Bounded encoded-call census: three resident calls, playback stop helper and two play-loop paths; none in BTL.BIN or ETC.BIN.
0x00109440	function	ccs_packet_ring_request_start	void ccs_packet_ring_request_start(int param_1)	Inferred from an exact code match with NA2 SLPS_258.37 0x00109330. With command target OR command word+0x2C bit1 and SignalSema; requested on streamed playback entry when container flag 0x80 set. Bounded encoded-call census: one resident call on streamed playback entry; none in BTL.BIN or ETC.BIN.
0x001094D0	function	ccs_packet_ring_construct	unsigned int * ccs_packet_ring_construct(unsigned int *param_1)	Inferred from an exact code match with NA2 SLPS_258.37 0x001093C0. Initialize buffer/command target/count/write/read indices0, semaphore-1, snapshot-1, halfword+0x16=0x3F; does not activate buffer or command target. Bounded encoded-call census: one resident call at static initializer0x005D6910; none in BTL.BIN or ETC.BIN; initializer registers destructor at0x005D6930 then returns without buffer/target publication.
0x00109540	function	image_transfer_copy	long image_transfer_copy(unsigned int source,unsigned int width,unsigned int format,int copy_width,int copy_height,int * rectangle,unsigned int context)	Inferred from an exact code match with NA2 SLPS_258.37 0x00109430. Screen-break capture uses this image-copy routine through image_transfer_copy_request. | Request0x110 and check allocation before writes/appending;return allocated packet/null.
0x00109EF0	function	ordered_controller_special_process_noop		Inferred from an exact code match with NA2 SLPS_258.37 0x00109D00. Inspected body only saves/restores registers and spills unused a0; no semantic work or GS SCISSOR emission; original used parameters and return unestablished. | Empty special-processing body reached for nonzero draw-environment special_processing; caller supplies context but body consumes no proved input and return interface is unestablished.
0x00109F40	function	ordered_controller_list_process	void ordered_controller_list_process(unsigned int param_1)	Inferred from an exact code match with NA2 SLPS_258.37 0x00109D50. Process the ordered controller list. | Resolve ordered work first; environment.special_processing byte6==0 allocates/prepends0x30 state packet setting GS0x40 from renderer packed scissor+260 at00109DE8..00109E04; nonzero calls empty ordered_controller_special_process_noop and emits no equivalent packet. | Walk descending-priority environments;flush tree,ordinary byte+6==0 optionally allocate/prepend0x30 setup packet then rotate list;nonzero calls empty ordered_controller_special_process_noop;splice each submission at same master tag (ascending resulting chain priority,reverse equal registration).
0x0010A1A0	function	render_contexts_prepare_frame	undefined4 render_contexts_prepare_frame(void)	Inferred from an exact code match with NA2 SLPS_258.37 0x00109F60. Walk drawing-environment list and call engine_embedded_object_initialize for each,clearing tree root/depth;no cursor reset here;return unestablished.
0x0010A1F0	function	engine_embedded_object_initialize	void engine_embedded_object_initialize(int param_1)	Inferred from an exact code match with NA2 SLPS_258.37 0x00109FB0. Initialize engine embedded0x40-byte object; inspected local accesses do not reach engine0x192/0x500. | Clear ordering root/depth via render_ordering_tree_clear(environment+0x28);ordinary special_processing0 copies+30 to+34 and+38 to+3A then clears+30 and sets+38=0xFF.
0x0010A2E0	function	ordered_controller_set_group	undefined4 ordered_controller_set_group(void *controller, short group)	Inferred from an exact code match with NA2 SLPS_258.37 0x0010A0A0. Unlink/reset ordered controller,write supplied group halfword at+4,then reinsert via engine_embedded_object_reset; cinematic draw switches supply authored group values. Used controller/group inputs established; original C return unspecified. | Changing signed priority unlinks then reinserts; resulting priority registration order preserved by insertion helper.
0x0010A410	function	render_descriptor_construct		Initializes 0x40 render descriptor; borrows provided renderer at +0x3C or allocates/owns a 0x2B0 renderer when null.
0x0010A790	function	draw_environment_submit_2d_record		Submits 2D packet through descriptor renderer +0x3C; uses device rectangle and shared framebuffer state 0x00609588 for texture/UV registers.
0x0010BD90	function	draw_transform_record_initialize		Inferred from an exact code match with NA2 SLPS_258.37 0x0010BB10. Separate2D record scales both receive caller float,rotation caller float,pivot(256,192),offsets(0,0); packet/color fields have independent ownership; mixed scalar/general parameter ordering remains unestablished. | Prototype retains proved used record,color and float scale/angle in Ghidra bank representation; original C interleaving/return unspecified.
0x0010BE80	function	draw_transform_record_reset		Inferred from an exact code match with NA2 SLPS_258.37 0x0010BC00. Reset2D record scales1,rotation0,pivot(256,192),offsets(0,0),alongside packet defaults; separate from persistent renderer.
0x0010BFA0	function	draw_environment_device_alpha_pass		Own-game 80-byte packet on active draw environment00609580; device rectangle from renderer at environment+3C; ZBUF mask, TEST1001, ALPHA80000000A4, RGBA3F80000080FFFFFF, XYZ2/XYZF2 sprite; same bounded packet path as NA2 named helper. Called while Dead Soul skill3E resident script helper is present, frames235..262.
0x0010C140	function	device_alpha_helper_initialize		Own-game initialization body is return only; called by device_alpha_helper_construct. No resources or fields initialized.
0x0010C150	function	device_alpha_helper_construct		Call no-op device_alpha_helper_initialize then return incoming allocated pointer. Scene script operation1 allocates one byte and uses its nonnull presence to enable the device-alpha pass; no CCS lookup here.
0x0010CCE0	function	render_set_option114		Inferred from an exact code match with NA2 SLPS_258.37 0x0010C9E0. Store halfword+0x114; splash passes0;  | Established composer identifies stored low halfword114 as unchecked model_blend_states index; previous wider-option uncertainty is resolved for this GS consumer.
0x0010CD10	function	render_set_depth_writes		Inferred from an exact code match with NA2 SLPS_258.37 0x0010CA10. Store low byte to depth_writes122; zero asks composer to mask ZBUF writes. | Prototype records recovered used inputs; original C return is unspecified.
0x0010CD40	function	render_set_depth_comparison		Inferred from an exact code match with NA2 SLPS_258.37 0x0010CA40. Store low byte to depth_comparison121; composer selects TEST0x30000 for zero,0x50000 otherwise. | Prototype records recovered used inputs; original C return is unspecified.
0x0010CD70	function	render_set_texturing		Inferred from an exact code match with NA2 SLPS_258.37 0x0010CAA0. Store byte+0x11D; splash passes1. | Store low byte texturing_enabled11d; with bound texture zero selects software texture flag0x80,nonzero flag0x100 and PRIM0x100, so this field is a coordinate-mode selector rather than a general texture-presence gate.
0x0010CDA0	function	render_set_interpolation		Inferred from an exact code match with NA2 SLPS_258.37 0x0010CAD0. Store low byte interpolation11e; composer shifts it left3 into PRIM; complete setter family0010c9e0..0010caf4 truncates fields rather than enforcing common boolean interface. | Prototype records recovered used inputs; original C return is unspecified.
0x0010D3C0	function	render_set_fog	void render_set_fog(float arg1,float arg2,float arg3,float arg4,int arg5,int arg6)	Inferred from an exact code match with NA2 SLPS_258.37 0x0010D0D0. Store four floats in draw context+0xF0..+0xFC; percentages p map to(100-p)*2.55; linear distance slope/intercept+0x108/+0x10C,RGB+0x110.
0x0010D4F0	function	projectile_context_end	void projectile_context_end(int param_1)	Inferred from an exact code match with NA2 SLPS_258.37 0x0010D200. Clear drawing-context word+0xE8 after fog drawing. Reset the paired context after projectile service wrapper; begin/end surround root submission.
0x0010D600	function	render_get_packed_lighting_color		Inferred from an exact code match with NA2 SLPS_258.37 0x0010D310. Convert lighting_red70/green74/blue78 times255 to integers and pack R+G*256+B*65536; no exact float snapshot or local per-channel8-bit clamp.
0x0010D720	function	render_set_packed_lighting_color		Inferred from an exact code match with NA2 SLPS_258.37 0x0010D430. Use packed_color_to_weighted_rgb with scale1 then write three shared floats through color-vector setter; inverse packed representation rather than exact saved floats. | Prototype records recovered used inputs; original C return is unspecified.
0x0010D8B0	function	render_set_tex1_filter		Inferred from an exact code match with NA2 SLPS_258.37 0x0010D5C0. Replace tex1_sampling130 MMAG bit5 with magnification&1 and MMIN bits6..8 with minification&7; inputs are truncated,not generally boolean. | Prototype records recovered used inputs; original C return is unspecified.
0x0010D920	function	render_set_tex1_lod		Inferred from an exact code match with NA2 SLPS_258.37 0x0010D630. Replace tex1_sampling130 L bits19..20 with level&3 and K bits32..43 with bias&0xfff. | Prototype records recovered used inputs; original C return is unspecified.
0x0010DC90	function	render_environment_refresh_lights	void * render_environment_refresh_lights(void *environment)	Inferred from an exact code match with NA2 SLPS_258.37 0x0010D8E0. Literal+0xC0 accesses are render/light environment/light-list storage,not0x2B0 transform state; bounded complete-body classification from aligned addiu/lq/lqc2 literal0xC0 search.
0x0010E5C0	function	camera_output_submit	void camera_output_submit(void *output, void *engine, int flags)	Inferred from an exact code match with NA2 SLPS_258.37 0x0010E220. Copy engine camera field0C into destination29C then submit engine+10 view through resident output helper with supplied third parameter. | Copy EngineBattleCamera.field_of_view+0x0C into renderer field_of_view+0x29C; refresh from camera view_matrix+0x10 and optional third matrix; retain established existing signature.
0x0010E610	function	renderer_project_logical		Inferred from an exact code match with NA2 SLPS_258.37 0x0010E270. Project homogeneous input through logical_projection with matrix_project_integer fourth arg1; divideXYZ byW,recoverXY with fixed4_to_float,integerZ tofloat,outputW0; result logical projectedXY and quantized mapped depthB+A/z.
0x0010E6A0	function	fixed4_to_float	float fixed4_to_float(int value)	Inferred from an exact code match with NA2 SLPS_258.37 0x0010E300. vitof4.x converts signed four-fraction-bit integer to scalar float.
0x0010E6C0	function	renderer_screen_depth_to_world		Inferred from an exact code match with NA2 SLPS_258.37 0x0010E320. Consume renderer/output/screen vector and camera-depth scalar; form(depth*(x-256)/F,depth*(y-192)/F,depth,1),F=focal_coefficient; transform by rigid_inverse(camera_transform); ignores viewport center/rectangle/scales,not general inverse of renderer_project_logical; mixed scalar/general parameter ordering remains unestablished. Verified register interface: a0=RendererTransformState *renderer,a1=float *output,a2=float *screen,f12=float camera_depth; sole resident caller jutsu_hit_popups_draw at0x0035C700 supplies depth256 and consumes output XYZ to translate its transform; neither the caller nor callee establishes the C interleaving of float/pointer parameters or a return-value contract.
0x0010E7B0	function	renderer_set_clip_planes		Inferred from an exact code match with NA2 SLPS_258.37 0x0010E410. Write near to device_min.plane+0x20C/clip_min.plane+0x22C and far to device_max.plane+0x21C/clip_max.plane+0x23C; no matrix refresh; mixed scalar/general parameter ordering remains unestablished.
0x0010F050	function	renderer_set_2d_transform		Inferred from an exact code match with NA2 SLPS_258.37 0x0010EC90. Forward renderer/scales/rotation/pivot to renderer_set_2d_transform_offset with offsetXY0; mixed scalar/general parameter ordering remains unestablished.
0x0010F360	function	renderer_transform_2d_integer		Inferred from an exact code match with NA2 SLPS_258.37 0x0010EFA0. Apply transform_2d then vftoi0.xyzw without homogeneous divide; XY16 units/display pixel already in matrix. | Bounded direct resident consumers exactly3:text_draw_projected_rectangle,rgba_transition_pool_draw,sprite_draw_projected_rectangle; each transforms anchor with full matrix but extents with XY diagonals.
0x0010F3A0	function	renderer_get_device_rectangle_fixed4		Inferred from an exact code match with NA2 SLPS_258.37 0x0010EFE0. Read rectangle floats through renderer_get_device_rectangle then vector_float_to_fixed4.
0x0010F3E0	function	renderer_get_device_rectangle		Inferred from an exact code match with NA2 SLPS_258.37 0x0010F020. Copy device_min.x/y and device_max.x/y; no input-point projection.
0x0010F4C0	function	renderer_get_camera_reference		Inferred from an exact code match with NA2 SLPS_258.37 0x0010F100. Copy camera_reference vec4+0x240,computed by rigid inverse camera*(0,0,-1,1).
0x0010F5A0	function	renderer_list_insert		Inferred from an exact code match with NA2 SLPS_258.37 0x0010F1E0. Prepend renderer to global0x006073CC using next+0x268.
0x0010F5D0	function	renderer_list_refresh_viewports	void renderer_list_refresh_viewports(void)	Inferred from an exact code match with NA2 SLPS_258.37 0x0010F210. Walk renderer list,replay each stored rectangle/offset/scales through abi_float_arguments_consume; reset2D defaults without renderer_refresh_camera; direct caller engine_install_display_interrupt first sets dimensions and gY=H*(4/3)/W. | Refresh call0x0010F24C follows stored viewport/scales and next pointer; persistence reaches every registered renderer,not primary-only ownership.
0x0010F6A0	function	renderer_construct		Inferred from an exact code match with NA2 SLPS_258.37 0x0010F2E0. Clear four limit vec4s,set upper XY4095,near8/far1048576,depth_far0/depth_near1048575,FOV45; identity camera refresh before viewport(0,0,512,384),scales1,list insertion; no second refresh; exactly three direct resident owner callers ordered_controller_register,renderer_owner_construct,lazy_camera_holder_initialize; returns supplied renderer. | Initialize caller-allocated0x2B0 renderer;ordered controller requests it only when supplied renderer pointer is null.
0x0010F7F0	function	renderer_set_centered_viewport		Inferred from an exact code match with NA2 SLPS_258.37 0x0010F430. Derive center offsets from half caller rectangle width/height then forward rectangle,offsets,scales to abi_float_arguments_consume; mixed scalar/general parameter ordering remains unestablished.
0x0010FB20	function	texture_readback	void texture_readback(int texture)	Inferred from an exact code match with NA2 SLPS_258.37 0x0010F790. Read the texture pixels used by zg_break_screen_task for grayscale screen capture.
0x00110560	function	render_packet_list_splice_submission		Inferred from an exact code match with NA2 SLPS_258.37 0x001101B0. If submission first_packet nonzero,splice first/last at master insertion via render_dma_chain_splice; no allocation; return unestablished.
0x001105C0	function	render_packet_list_rotate		Inferred from an exact code match with NA2 SLPS_258.37 0x00110210. Clear old submission endpoints/release its block ownership; select it as construction and other embedded head as submission; stable head addresses; return unestablished.
0x001106F0	function	ordered_controller_list_initialize	int * ordered_controller_list_initialize(int *param_1)	Inferred from an exact code match with NA2 SLPS_258.37 0x00110340. Initialize embedded ordered-controller list storage. Construct payload at embedded object+8; inspected accesses do not reach engine gate/callback fields. Used to initialize40-byte HUD contexts before ordered_controller_register;embedded member at+8. | Initialize0x20 RenderPacketList: construction=&heads[0] at+8,submission=&heads[1] at+0x14; all allocation/first/last words zero; return object.
0x001109C0	function	render_block_prepend_owned		Inferred from an exact code match with NA2 SLPS_258.37 0x00110600. Prepend block through next and store owner-list address at+4; no payload clearing; original return unestablished.
0x00110D00	function	render_block_list_defer_release		Inferred from an exact code match with NA2 SLPS_258.37 0x00110930. Nonnull first stores pointer at00608DB0+4*16-bit count,retargets each block.owner_list to that queue entry,then increments count; no capacity check0011093C..001109B4; declared array capacity unestablished; return unestablished.
0x00110DA0	function	render_block_list_release		Inferred from an exact code match with NA2 SLPS_258.37 0x001109D0. Traverse allocation next links and clear only owner_list; payload/size remain; return unestablished.
0x00110DE0	function	render_pool_destroy		Inferred from an exact code match with NA2 SLPS_258.37 0x00110A10. Unlink nonnull pool; defer release of nonnull backing only if flags bit0; positive delete_storage frees descriptor; return original pool.
0x00113AD0	function	pad_update_all	void pad_update_all(void)	Inferred from an exact code match with NA2 SLPS_258.37 0x00113480. Age both vibration stacks, then poll/decode both PadRecord instances.
0x00113B30	function	pad_initialize_all	void pad_initialize_all(void)	Inferred from an exact code match with NA2 SLPS_258.37 0x001134E0. Initialize the two embedded 0x78-byte PadRecord instances for ports 0/1, slot 0, using their aligned DMA areas.
0x001141D0	function	pad_age_vibration		Inferred from an exact code match with NA2 SLPS_258.37 0x00113B80. Pop zero-duration tops before aging; when empty, dirty the stop sentinel. Subtract EnginePadContext.display_divisor from only the current vibration top, saturating at zero; older entries are residual tails, and disconnect does not stop this maintenance.
0x00115610	function	pad_analog_from_direction	int pad_analog_from_direction(float *angle, unsigned char *magnitude, unsigned int held)	Inferred from an exact code match with NA2 SLPS_258.37 0x00114E60. Map held direction nibbles 1/2/3/4/6/8/9/C through direction_to_angle_table to angle with magnitude 0xFF; sentinel 4.0 for all other nibbles clears angle/magnitude. Return whether active; BTL normalization uses it as a digital fallback for zero stick magnitude, with no proven resident caller.
0x00115EF0	function	ccs_secondary_matches_append	void ccs_secondary_matches_append(int *param_1,int param_2,unsigned short param_3)	Inferred from an exact code match with NA2 SLPS_258.37 0x00115720. Append an eight-byte pointer/type pair to the growable result array, deduplicating by pointer alone. When count reaches capacity, double the halfword capacity, copy existing rows, and free the old array; capacity above 0x7FFF takes the null-store trap before doubling. Store the type halfword at row +4 and increment the halfword count.
0x001169D0	function	ccs_resolve_marked_provider_record		For # namespace return provider object's first record pointer only when runtime>=5, else0; ordinary local record returned directly, even when it has no typed definition.
0x00116A50	function	ccs_resolve_external_record_chain		Follows A00 target record runtime and first-word owning record until a non-A00 record; null or sentinel-4 target runtime returns zero. animation_attach then initializes that track's target/type/flags/evaluator to zero.
0x00117B90	function	resource_request_take_result		If request lookup117CA0 finds no existing request, allocate34-byte request and initialize through117C50(path,flags); take/clear result+30 and destroy request through1DE000 when flags0. Existing-request branch returns0. Selected CCS acquisition341730 calls with flags0 when no published container matches.
0x00119190	function	heap_allocate_payload_block	int * heap_allocate_payload_block(int param_1,int param_2,int param_3)	Inferred from an exact code match with NA2 SLPS_258.37 0x00118610. Allocation branch writes metadata before returned payload without clearing payload. | Guide placement path metadata writes do not clear returned payload.
0x00119220	function	heap_allocate_payload_split	int * heap_allocate_payload_split(int param_1,unsigned int param_2,int param_3)	Inferred from an exact code match with NA2 SLPS_258.37 0x001186A0. Allocation branch writes metadata before returned payload without clearing payload. | Guide split placement path metadata writes do not clear returned payload.
0x00119D00	function	arena_placement_scope_push		Inferred from an exact code match with NA2 SLPS_258.37 0x00118F40. 16-byte stack record;store direction,current thread,link innermost;only resident scopes CCS pipeline low0/parser high1.
0x00119EA0	function	texture_chunk_submit_levels		Inferred from an exact code match with NA2 SLPS_258.37 0x001190D0. ccTexChunk vtable slot+0x10; submit texture's per-level transfer descriptors. | Check levels+0x28, forward environment/chain/flags inputs and extra_levels+1 as fifth descriptor-array argument in t0; decompiler formerly omitted those inputs (0x001190E4..0x001190F4). Used inputs are established; original C return is unspecified and represented opaquely.
0x0011A110	function	resident_initialize_constructors		Inferred from an exact code match with NA2 SLPS_258.37 0x00100230. Walk resident constructor interval 0x005D9CF0..0x005D9D40 at startup. Full body consumes no incoming entry arguments; original return type is unestablished, so no prototype is recorded. | Invoke constructor_range_run over exactly20 resident function pointers at0x005D9CF0..0x005D9D40 then constructor_range_finish;not a task dispatcher.
0x0011A410	function	double_less_than	bool double_less_than(double left, double right)	Inferred from an exact code match with NA2 SLPS_258.37 0x001003E0. Double-comparison wrapper returns whether the underlying comparison result is negative; Parabola fallback calls it with abs(X) and5.0.
0x0011AEE0	function	member_descriptor_dispatch		Inferred from an exact code match with NA2 SLPS_258.37 0x00119B10. Dispatch three-word member descriptor supplied in t9: adjust a0 by word0; negative word1 calls direct word2, otherwise resolve virtual entry through word2 and word1; Character Select uses this for12-byte state records.
0x0011D428	function	rofs_release_file		Inferred from an exact code match with NA2 SLPS_258.37 0x0011B778. For nonnull in-use file (short+0x34),stop state2 (short+0x38),then clear operation+0x36 and in-use. Never close backing archive.
0x0011D9E8	function	rofs_stop_file		Inferred from an exact code match with NA2 SLPS_258.37 0x0011BD38. Require in-use linked state2 file; backend stop only for operation1,then operation2. Other states clear operation. Does not close backing archive.
0x0011DC40	function	rofs_add_volume		Inferred from an exact code match with NA2 SLPS_258.37 0x0011BF90. ROFS service+0x18 adds named volume using existing backing handle and password configuration.
0x0011DCF0	function	rofs_delete_volume	int rofs_delete_volume(char *volume)	Inferred from an exact code match with NA2 SLPS_258.37 0x0011C040. ROFS_DelVolume embedded0x005B5CC0; dispatch service+0x1C by name.
0x0011DD60	function	rofs_set_default_volume	int rofs_set_default_volume(char *volume)	Inferred from an exact code match with NA2 SLPS_258.37 0x0011C0B0. Embedded ROFS_SetDefVolume at0x005B5CD0; service+0x20 selects volume name.
0x0011DE38	function	rofs_open_file		Inferred from an exact code match with NA2 SLPS_258.37 0x0011C188. ROFS service+0x28 opens pathname relative to directory; unavailable returns0.
0x0011DFE0	function	rofs_pump	void rofs_pump(void)	Inferred from an exact code match with NA2 SLPS_258.37 0x0011C330. Dispatch ROFS service+0x30 only when service table exists.
0x0011E240	function	rofs_get_volume_info	int rofs_get_volume_info(char *volume, void *information)	Inferred from an exact code match with NA2 SLPS_258.37 0x0011C590. Embedded ROFS_GetVolumeInf name at0x005B5D48; service+0x38 receives volume name and two-word output.
0x0011E2C0	function	rofs_load_directory	int rofs_load_directory(char *path, void *buffer, int capacity)	Inferred from an exact code match with NA2 SLPS_258.37 0x0011C610. Embedded ROFS_LoadDir/rofs_if.c,service+0x3C;storage0x18+capacity*0x30,root68;nonzero enters error path.
0x0011EA58	function	rofs_find_volume		Inferred from an exact code match with NA2 SLPS_258.37 0x0011CDA8. Find0x34-byte volume record by name; optional default selection. Return pointer or0.
0x0011EC98	function	rofs_clear_volume_record		Inferred from an exact code match with NA2 SLPS_258.37 0x0011CFE8. Zero0x34-byte record and clear selected default if it points here. Do not close backing generic handle.
0x0011F088	function	rofs_initialize	int rofs_initialize(void *configuration)	Inferred from an exact code match with NA2 SLPS_258.37 0x0011D3D8. Initialize caller ROFS config;banner1.80 built2005-11-29 13:28:55;startup retries0.
0x0011F0C0	function	rofs_context_initialize	int rofs_context_initialize(void *configuration, void *storage)	Inferred from an exact code match with NA2 SLPS_258.37 0x0011D410. On valid new configuration,finalize previous context before initialization.
0x0011F358	function	rofs_context_finalize		Inferred from an exact code match with NA2 SLPS_258.37 0x0011D6A8. Gate nonnull context0x003D1938/first word1. Release every file,clear volumes,invoke physical-driver+4,zero storage/null context. Selected table0x005B61E8 callback0x001200F0 is jr ra;nop; neither callback nor volume clear closes backing generic handles. Contract does not establish retail shutdown.
0x0011F590	function	rofs_add_volume_inner		Inferred from an exact code match with NA2 SLPS_258.37 0x0011D8E0. Existing named volume yields-0x68 before allocation/archive reads. Otherwise allocate and parse archive; clear failed record.
0x0011F940	function	rofs_delete_volume_inner	int rofs_delete_volume_inner(char *volume)	Inferred from an exact code match with NA2 SLPS_258.37 0x0011DC90. Inspect pool context+0x108C/count+4; release in-use files whose nonnull volume link has matching backing handle,then clear volume. At0x0011DDB8..0x0011DE04 row pointer advances0x3C only for in-use linked rows; unused/unlinked row advances loop count but repeats same row,skipping later slots. Static cleanup limitation; no stale-handle outcome observed.
0x0011FAE8	function	rofs_set_default_volume_inner	int rofs_set_default_volume_inner(char *volume)	Inferred from an exact code match with NA2 SLPS_258.37 0x0011DE38. Store selected volume record in context+0x2C; return0 on success.
0x00120618	function	rofs_get_volume_info_inner	int rofs_get_volume_info_inner(char *volume, void *information)	Inferred from an exact code match with NA2 SLPS_258.37 0x0011E968. Return borrowed name pointer at record+0x16 and backing generic handle at+0. Missing volume zeros both output words and returns-0x69.
0x00122328	function	item_service_constant_17e	int item_service_constant_17e(unsigned long long param_1,unsigned long long param_2,unsigned long long param_3,long param_4)	Inferred from an exact code match with NA2 SLPS_258.37 0x00120678. Pass literal17E to resident001207E0;does not form fighter field address;literal addiu17E screen finds this at001206B0 and byte-mapped aliases only.
0x00122490	function	item_service_dispatch	unsigned long long item_service_dispatch(unsigned long long param_1)	Inferred from an exact code match with NA2 SLPS_258.37 0x001207E0. Receives service constant17E from00120678;not evidence of fighter+17E population.
0x001240F0	function	rofs_adapter_construct	void * rofs_adapter_construct(void)	Inferred from an exact code match with NA2 SLPS_258.37 0x00122440. Return table0x003D1A48. Banner ROCI1.15 built2005-11-29 13:28:57; its first callback pumps,not initializes.
0x001243C0	function	rofs_adapter_remove_volume	int rofs_adapter_remove_volume(char *volume)	Inferred from an exact code match with NA2 SLPS_258.37 0x00122710. Reject literal ROFS. Delete backend volume and unregister name only after result0; no independent backing close.
0x00124420	function	rofs_adapter_control	int rofs_adapter_control(void *descriptor, int operation, unsigned int argument3, unsigned int argument4)	Inferred from an exact code match with NA2 SLPS_258.37 0x00122770. Control100 returns1; control2 validates descriptor and tail-jumps mount continuation0x00122668,control3 validates name and tail-jumps remove0x00122710 at0x00122884. Controls5/6 query/select volume. Mount continuation requires non-ROFS name<=8,registers constructor0x00122470,passes backing/password to ROFS; failure unregisters except-0x68. Ghidra merges that continuation into this decompilation; it is not an independent entry. Table bytes0x003D1A48..0x003D1B17 and dispatch instructions0x00122840..0x00122888 prove operation3 tail0x00122884 versus mount tail0x00122864. Open/close thin callback bytes0x001224B8..0x001224E7 establish their entries.
0x00129AF8	function	abi_stack_arguments_consume	unsigned int abi_stack_arguments_consume(unsigned char *buffer, long size, short *out3, unsigned char *out4, char *out5, char *out6, unsigned char *out7, unsigned int *out8, unsigned int *out9, int *out10)	Inferred from an exact code match with NA2 SLPS_258.37 0x00127E48. Consume general arguments9/10 at incoming sp+0/sp+8, eight-byte caller slots; original semantic routine identity remains open. Full leaf returns signed error-1 for size<16,-2 for mismatched leading0x8000,otherwise0 in v0 after publishing decoded fields.
0x0012B2B0	function	rofs_adapter_register	void rofs_adapter_register(void)	Inferred from an exact code match with NA2 SLPS_258.37 0x00129600. Register ROFS through its callback-table constructor.
0x0012B378	function	rofs_mount_volume_inner	int rofs_mount_volume_inner(char *volume, char *backing_path, char *password)	Inferred from an exact code match with NA2 SLPS_258.37 0x001296C8. Reject null or ROFS volume names with-3. Open backing generic handle and control2; negative result closes backing and returns-1. Successful mount retains backing and returns0.
0x0012B468	function	rofs_remove_volume_inner	void rofs_remove_volume_inner(char *volume)	Inferred from an exact code match with NA2 SLPS_258.37 0x001297B8. Query volume info (control5),then control3 removal and unconditionally close saved backing handle regardless of removal result. Instructions0x001297F4..0x00129800 establish close order; no-op outer locks provide no mutual exclusion. Concurrent outcome and lower locks unresolved.
0x0012B588	function	rofs_select_volume_inner	void rofs_select_volume_inner(char *volume)	Inferred from an exact code match with NA2 SLPS_258.37 0x001298D8. Select registered generic default; query control5 and invoke control6 only on nonnegative information result.
0x0012B6E8	function	afs_validate_registration		Inferred from an exact code match with NA2 SLPS_258.37 0x00129A38. Only ID0..255 and nonnull metadata checked; populated registry allowed. Return0 or-3.
0x0012B820	function	afs_load_sectors_blocking		Inferred from an exact code match with NA2 SLPS_258.37 0x00129B70. Start sector-mode load then pump until3/4; return0/-1 and propagate start error. Retail startup helpers do not use this blocking helper; decompiler drops forwarded arguments.
0x0012BC70	function	afs_load_sectors_buffer		Inferred from an exact code match with NA2 SLPS_258.37 0x00129FC0. Explicit archive/buffer/capacity load in mode0 sector counts (store0x00129FFC).
0x0012BE10	function	afs_load_exact_buffer		Inferred from an exact code match with NA2 SLPS_258.37 0x0012A160. Explicit archive path/buffer/capacity loader; mode1 exact sizes (store0x0012A1A0),base0/count0xFFFFF.
0x0012C1D8	function	afs_close_parser_transport	void afs_close_parser_transport(void)	Inferred from an exact code match with NA2 SLPS_258.37 0x0012A528. Close temporary ADXF handle and zero handle,cursor,input-sector count only (0x0012A528..0x0012A564). Keep ID,state,input pointer,registry and caller metadata; never free metadata.
0x0012C240	function	afs_cancel_partition_inner	void afs_cancel_partition_inner(void)	Inferred from an exact code match with NA2 SLPS_258.37 0x0012A590. Act only for nonzero handle/nonnegative ID. Synchronously stop status!=1,set singleton state1,close parser transport. Keep registered and partially built metadata; polling matching ID then returns1 without reparsing.
0x0012CC98	function	adxf_open_range_inner		Inferred from an exact code match with NA2 SLPS_258.37 0x0012AE80. Allocate explicit range handle; close/null on open failure.
0x0012CEE8	function	adxf_open_member_inner		Inferred from an exact code match with NA2 SLPS_258.37 0x0012B060. Allocate and open selected member; close/null on failure. Nested AFS admission uses this internal entry.
0x0012D6F8	function	adxf_read_nw		Inferred from an exact code match with NA2 SLPS_258.37 0x0012B778. Embedded adxf_ReadNw; require64-byte-aligned destination else-3,then inner direct-buffer read.
0x0012E018	function	adxf_get_status_inner		Inferred from an exact code match with NA2 SLPS_258.37 0x0012C020. Return handle state byte+1;null returns0xFD.
0x0012E750	function	bytes_to_sectors_ceil	int bytes_to_sectors_ceil(int bytes)	Inferred from an exact code match with NA2 SLPS_258.37 0x0012C748. Signed byte length to0x800-byte sectors; negative truncation correction,positive ceiling.
0x0012FFA8	function	cri_worker_handshake	void cri_worker_handshake(int thread_id, int restored_priority)	Inferred from an exact code match with NA2 SLPS_258.37 0x0012DEE8. Nonzero ID sets shared request0x003D6A34=1,changes target to priority0x003D6A00; status-gated wake/resume until request clears; absent clear performs200000001 pairs (indices0..200000000),not time units,then cri_report_diagnostic; raw bound0x0BEBC1FF loads0x0012DF28/34, slt(bound,counter)0x0012DF58 and delay-slot increment confirm count despite decompiler; restore supplied priority after diagnostic; no clock/sleep or task0x10.
0x001300F8	function	cri_worker_88	void cri_worker_88(void)	Inferred from an exact code match with NA2 SLPS_258.37 0x0012E038. Check64-bit stop0x003D6AA8,publish64-bit done0x003D6AB0=1,tail ExitDeleteThread; no task record unlink/free or pending-resume publication;.
0x00130150	function	cri_worker_8c	void cri_worker_8c(void)	Inferred from an exact code match with NA2 SLPS_258.37 0x0012E090. Check64-bit stop0x003D6AB8,publish64-bit done0x003D6AC0=1,tail ExitDeleteThread; no task record unlink/free or pending-resume publication;.
0x001301E8	function	cri_root_wake_worker	void cri_root_wake_worker(void)	Inferred from an exact code match with NA2 SLPS_258.37 0x0012E128. CRI worker calls cri_wake_requested_root;independent of task-record list. Check64-bit stop0x003D6AC8,publish64-bit done0x003D6AD0=1,tail ExitDeleteThread; no task record unlink/free or pending-resume publication;.
0x001303E0	function	cri_worker_9c	void cri_worker_9c(void)	Inferred from an exact code match with NA2 SLPS_258.37 0x0012E320. Check64-bit stop0x003D6AE8,publish64-bit done0x003D6AF0=1,tail ExitDeleteThread; no task record unlink/free or pending-resume publication; clear shared handshake request after service and SleepThread;.
0x00130518	function	cri_worker_a0	void cri_worker_a0(void)	Inferred from an exact code match with NA2 SLPS_258.37 0x0012E458. Check64-bit stop0x003D6AF8,publish64-bit done0x003D6B00=1,tail ExitDeleteThread; no task record unlink/free or pending-resume publication; clear shared handshake request after service and SleepThread;.
0x001306A8	function	cri_resume_thread	long long cri_resume_thread(int thread_id)	Inferred from an exact code match with NA2 SLPS_258.37 0x0012E5E8. Nonzero CRI ID:ReferThreadStatus8 or0xC permits ResumeThread and forwards its result; otherwise0.
0x00130710	function	cri_suspend_thread	unsigned long long cri_suspend_thread(long param_1)	Inferred from an exact code match with NA2 SLPS_258.37 0x0012E650. Suspend CRI-managed thread ID;not a task-record pending-resume producer. Nonzero CRI ID:ReferThreadStatus neither8 nor0xC permits SuspendThread and forwards result; otherwise0; no task runtime0x10.
0x00130770	function	cri_create_worker_88	void cri_create_worker_88(void)	Inferred from an exact code match with NA2 SLPS_258.37 0x0012E6B0. Create independent CRI thread entry0x0012E038/ID0x003D6A88,fixed stack0x003D6B20/0x800,initial priority saved creator0x003DE328/current GP; start(id,0),assign priority0x003D6A04; no task record/list/flags; nonzero ID suspended after start.
0x00130818	function	cri_create_worker_8c	void cri_create_worker_8c(void *stack, unsigned int stack_size)	Inferred from an exact code match with NA2 SLPS_258.37 0x0012E758. Create independent CRI thread entry0x0012E090/ID0x003D6A8C,fixed stack0x003D7320/0x1000,initial priority saved creator0x003DE328/current GP; start(id,0),assign priority0x003D6A08; no task record/list/flags; null caller stack uses default,otherwise caller stack/size; selected callers and assigned-priority writers unresolved.
0x001309E0	function	cri_create_worker_9c	void cri_create_worker_9c(void)	Inferred from an exact code match with NA2 SLPS_258.37 0x0012E920. Create independent CRI thread entry0x0012E320/ID0x003D6A9C,fixed stack0x003DA320/0x2000,initial priority saved creator0x003DE328/current GP; start(id,0),assign priority0x003D6A18; no task record/list/flags; suspend after priority assignment.
0x00130A78	function	cri_create_worker_a0	int cri_create_worker_a0(void *stack, unsigned int stack_size)	Inferred from an exact code match with NA2 SLPS_258.37 0x0012E9B8. Create independent CRI thread entry0x0012E458/ID0x003D6AA0,fixed stack0x003DC320/0x2000,initial priority saved creator0x003DE328/current GP; start(id,0),assign priority0x003D6A1C; no task record/list/flags; null caller stack uses default,otherwise caller stack/size; selected callers and assigned-priority writers unresolved; suspend after priority assignment; returns worker9C ID.
0x00130B80	function	cri_threads_initialize	void cri_threads_initialize(int *priorities)	Inferred from an exact code match with NA2 SLPS_258.37 0x0012EAC0. Reference-counted init; zero users chooses six-word caller config or defaults[1,8,0x10,0x12,0x18,0x19] into priority slots00/04/0C/10/14/18,never08/1C; save creator GetThreadId0x003D6A98 and ReferThreadStatus.current_priority0x003DE328,create workers88/90/94/9C,change creator configured14,register9C handshake callback; initial descriptor priorities inherit saved creator priority,not retail zero data.
0x00130D10	function	cri_threads_request_stop	void cri_threads_request_stop(void)	Inferred from an exact code match with NA2 SLPS_258.37 0x0012EC50. Publish1 to all six64-bit CRI stop words0x003D6AA8/6AB8/6AC8/6AD8/6AE8/6AF8; independent of task flags.
0x00130D60	function	cri_threads_release	void cri_threads_release(void)	Inferred from an exact code match with NA2 SLPS_258.37 0x0012ECA0. Decrement library users; last release requests all stops,cleans9C/94/90/88,restores saved creator priority,unregisters service callbacks/releases library; optional8C/A0 cleanup caller paths not established.
0x00131378	function	cri_wake_interrupt_workers	unsigned long long cri_wake_interrupt_workers(unsigned long long param_1)	Inferred from an exact code match with NA2 SLPS_258.37 0x0012F2B8. Wake CRI IDs0x003D6A90/0x003D6A94 when activity flags clear,optionally0x003D6A8C when library mode predicate allows.
0x001314D0	function	cri_resume_root_workers	void cri_resume_root_workers(void)	Inferred from an exact code match with NA2 SLPS_258.37 0x0012F410. Conditionally resume/wake CRI IDs stored0x003D6A9C/0x003D6AA0.
0x00131558	function	cri_wake_requested_root	void cri_wake_requested_root(void)	Inferred from an exact code match with NA2 SLPS_258.37 0x0012F498. Require root_sleep_request==1 and saved root ID0x003D6A98 status4 or0xC;WakeupThread,and clear request only when syscall returns requested ID.
0x001315D8	function	cri_request_root_sleep	void cri_request_root_sleep(void)	Inferred from an exact code match with NA2 SLPS_258.37 0x0012F518. Store cri_root_sleep_request0x003D6A4C=1 at0x0012F530,tail-call cri_sleep_current_thread;no task record flags.
0x00131600	function	cri_root_wait_service	void cri_root_wait_service(void)	Inferred from an exact code match with NA2 SLPS_258.37 0x0012F540. CRI root service order cri_call_pre_wait_callback,cri_resume_root_workers,cri_call_wait_callback,cri_request_root_sleep,cri_call_post_wait_callback; root can sleep before returning to counter compare.
0x00135788	function	flist_initialize_descriptor	int flist_initialize_descriptor(void *descriptor)	Inferred from an exact code match with NA2 SLPS_258.37 0x001336B8. Forward descriptor path/storage/size/max-name to cache loader;null clears.
0x00139968	function	cri_wait_stream_stop		Inferred from an exact code match with NA2 SLPS_258.37 0x00137830. After initial stream operation, when driver handle exists repeatedly service streams until driver reports2 or stream query reports5; finished handler can therefore run synchronously.
0x0013A078	function	cri_stream_begin_playback		Inferred from an exact code match with NA2 SLPS_258.37 0x00137F18. CRI stream start step: once the header is ready, apply its decoding parameters, reapply the stream's stored gain and enter state 2.
0x0013A720	function	cri_drain_finished_stream		Inferred from an exact code match with NA2 SLPS_258.37 0x001385C0. Drain/zero decoded channel buffers and accumulate consumed samples; when remaining buffered/driver samples minus consumption is <=0, stop driver operations and write state5.
0x0013ADB8	function	cri_update_stream_state		Inferred from an exact code match with NA2 SLPS_258.37 0x00138C58. Null reports error; state byte+1 dispatches states1,2,3,4,5, with4 to drain and5 to no-op; then runs two common maintenance helpers.
0x00140378	function	device_layer_finalize		Inferred from an exact code match with NA2 SLPS_258.37 0x0013E218. Decrement initialization count0x003E5784; only zero closes every allocated generic handle via its saved table+0x14,then clears40-slot pool,registry/default. No direct resident caller in300-result query; no retail shutdown sequence established.
0x001404B8	function	device_register_name	void * device_register_name(char *device, void *constructor)	Inferred from an exact code match with NA2 SLPS_258.37 0x0013E358. Obtain callback table through supplied constructor; if no name match,store it in first empty-name slot of32-entry registry.
0x00140590	function	device_find_callbacks	void * device_find_callbacks(char *device)	Inferred from an exact code match with NA2 SLPS_258.37 0x0013E430. Find registered callback table among32 entries of0x10 bytes at0x0060B028. Live BSS 0x0060B028: 0x10-byte callback/name rows;unregister clears only first name byte.
0x00140688	function	device_unregister_name	void device_unregister_name(char *device)	Inferred from an exact code match with NA2 SLPS_258.37 0x0013E528. Clear matched registration's first name byte only; leave callback pointer. No close,destructor or removal callback.
0x00140760	function	device_set_default		Inferred from an exact code match with NA2 SLPS_258.37 0x0013E600. Set uppercase default only for registered name. Empty name clears the nine-byte default at0x0060B228. Live BSS 0x0060B228: Empty set clears;registered uppercase name selected.
0x001408B8	function	device_resolve_callbacks	void * device_resolve_callbacks(char *device, char *filename, char *original_path)	Inferred from an exact code match with NA2 SLPS_258.37 0x0013E758. Use default device when absent or explicit name unregistered. Unregistered branch restores the original complete pathname for the default. Successful access through that branch is unproven.
0x00140960	function	device_file_open		Inferred from an exact code match with NA2 SLPS_258.37 0x0013E800. Allocate an eight-byte saved-table/file pair from40 slots at0x0060AEE8. Dispatch open at table+0x10; failure clears the pair and returns0. Live BSS 0x0060AEE8: Saved callback table/file pairs;close dispatch independent of registration names.
0x00140B00	function	device_split_path	void device_split_path(char *device, char *filename, char *pathname)	Inferred from an exact code match with NA2 SLPS_258.37 0x0013E9A0. Split at colon; uppercase device name only,without normalizing the remaining filename.
0x00141298	function	device_query_command_192	unsigned long long device_query_command_192(void * device)	Inferred from an exact code match with NA2 SLPS_258.37 0x0013F138. Return0 for null device or missing method at methods+0x60;otherwise return method(device word+4,0x192,0,0). Engine-gate audit candidate0x0013F15C loads scalar command0x192,does not form engine+0x192.
0x00141D78	function	device_mount_volume_control		Inferred from an exact code match with NA2 SLPS_258.37 0x0013FC18. Require registered device,name and backing handle; five-word descriptor stores backing+0,name+4,password+8. Dispatch control2 at callback table+0x60; unavailable returns-1.
0x00141E80	function	device_remove_volume_control	int device_remove_volume_control(char *device, char *volume)	Inferred from an exact code match with NA2 SLPS_258.37 0x0013FD20. Require registered device/nonnull volume name; five-word descriptor name+4,callback table+0x60 control3. Unavailable returns-1. Only inspected caller is inner removal wrapper0x001297F4.
0x00142120	function	device_preserve_volume_prefix	void device_preserve_volume_prefix(char *device, char *filename)	Inferred from an exact code match with NA2 SLPS_258.37 0x0013FFC0. Query control100; on result1 rebuild filename with device prefix using format0x005B9250. ROFS returns1 so mounted-volume identity reaches open.
0x00142640	function	service_marker_publish_rect_value	unsigned int service_marker_publish_rect_value(int param_1,unsigned int param_2,unsigned int param_3,unsigned int param_4, unsigned int *param_5)	Inferred from an exact code match with NA2 SLPS_258.37 0x001404E0. Pass numeric 0x1200 to two-word service-marker updater; unrelated to CCS resource tags.
0x00142840	function	service_marker_publish_page_value	void service_marker_publish_page_value(int param_1)	Inferred from an exact code match with NA2 SLPS_258.37 0x001406E0. Pass numeric 0x1100 to two-word service-marker updater; unrelated to CCS resource tags.
0x00143518	function	service_marker_update	void service_marker_update(unsigned int param_1)	Inferred from an exact code match with NA2 SLPS_258.37 0x001413B8. Update two-word service marker with numeric argument;0x1100/0x1200 callers are unrelated to CCS tags.
0x00144968	function	disc_search_file	int disc_search_file(void *output, char *path)	Inferred from an exact code match with NA2 SLPS_258.37 0x00142808. Physical RPC with output/path/mode003E6C5C between service markers8000/8001.
0x00144B68	function	disc_path_normalize	void disc_path_normalize(char *path)	Inferred from an exact code match with NA2 SLPS_258.37 0x00142A08. Uppercase ASCII a..z,forward slash to backslash in place.
0x00144BE0	function	file_exists_cached_or_disc	int file_exists_cached_or_disc(char *path)	Inferred from an exact code match with NA2 SLPS_258.37 0x00142A80. Null0;zero cached size triggers physical normalized lookup,success1 else0.
0x00144C68	function	file_size_cached_or_disc	int file_size_cached_or_disc(char *path)	Inferred from an exact code match with NA2 SLPS_258.37 0x00142B08. Cached nonzero bytes else physical lookup;null/failure diagnose0.
0x00145390	function	file_size_optional_cached_or_disc	int file_size_optional_cached_or_disc(char *path)	Inferred from an exact code match with NA2 SLPS_258.37 0x00143230. Cached nonzero bytes else physical lookup;miss diagnose0.
0x001455A8	function	disc_path_build	void disc_path_build(char *path, char *output)	Inferred from an exact code match with NA2 SLPS_258.37 0x00143448. Current directory003E7960,separator as needed,path,missing ;1,uppercase/slash normalize.
0x00145650	function	disc_path_fold_character	int disc_path_fold_character(char character)	Inferred from an exact code match with NA2 SLPS_258.37 0x001434F0. Uppercase ASCII and equate slash styles.
0x00145778	function	flist_parse_names	int flist_parse_names(void *table, char *list, int bytes, int capacity, int maximum_name_length)	Inferred from an exact code match with NA2 SLPS_258.37 0x00143618. Parse at most capacity lines,normalize names after capacity*8 tuples,stride max-name+1;record table/count/capacity/max-name003E7940/44/48/4C;return count;no pre-copy length rejection.
0x00145A98	function	flist_resolve_locations	int flist_resolve_locations(void *table, int count)	Inferred from an exact code match with NA2 SLPS_258.37 0x00143938. Physical normalized search populates8-byte LSN/size tuples,return successes,diagnose misses.
0x00145D58	function	flist_parse_literal_location	int flist_parse_literal_location(char *text, unsigned int *lsn, unsigned int *sectors)	Inferred from an exact code match with NA2 SLPS_258.37 0x00143BF8. Base16 separated LSN/sectors outputs,return1;caller shape has no full digit check.
0x00145E18	function	flist_get_location	int flist_get_location(char *path, unsigned int *location)	Inferred from an exact code match with NA2 SLPS_258.37 0x00143CB8. DVD-ROM LSN0,size-1,result1;17-char dot-at8 literal hex LSN/sectors without digit validation,sectors<<11;cache miss zeros,no insert;four direct consumers00142A80/00142B08/00143230/00144060.
0x00145EF8	function	flist_load_cache	int flist_load_cache(char *path, void *storage, int storage_size, int maximum_name_length)	Inferred from an exact code match with NA2 SLPS_258.37 0x00143D98. Clear0x1000 scratch/prior cache,read list,capacity=storage/(max-name+9),parse/resolve;40 slots for0x668/name32;invalid/read failure0,return used bytes;no per-name length guard. Live BSS 0x0061E3E0: 40 eight-byte locations followed40 names33 bytes;clean8entries,32free. Long names not stride-checked. Storage ranges0x000..0x13F contain40 eight-byte tuples;0x140..0x667 contain40 names33 bytes.
0x00146078	function	flist_replace_cache	int flist_replace_cache(char *list, int bytes, void *storage, int storage_size, int maximum_name_length)	Inferred from an exact code match with NA2 SLPS_258.37 0x00143F18. Clear prior state/scratch,parse supplied bytes/resolve;capacity storage/(max-name+9),invalid0,success used bytes.
0x001461C0	function	file_has_cached_lsn	bool file_has_cached_lsn(char *path)	Inferred from an exact code match with NA2 SLPS_258.37 0x00144060. Return cached LSN!=0,no physical lookup,false not absence.
0x0014FF00	function	cri_report_diagnostic	void cri_report_diagnostic(char *message)	Inferred from an exact code match with NA2 SLPS_258.37 0x0014DC00. Report diagnostic via registered callback/context; nonnull message copied at most0x7F bytes into0x003F7558 then callback if nonnull; null message invokes callback with0.
0x00152E50	function	file_size_sector_bytes		Inferred from an exact code match with NA2 SLPS_258.37 0x001BE7C0. Return sector count<<11; tail-call decompilation loses forwarded handle.
0x00153040	function	file_metadata	unsigned int file_metadata(unsigned long long param_1)	Inferred from an exact code match with NA2 SLPS_258.37 0x001BE9B0. Look up GZLIST file metadata, returning decoded size or zero. Zero selects raw input; nonzero supplies gzip output capacity. | Return GzlistFileNode.decoded_size to load coordinator;nonzero chooses gzip and flags0x100 whole-decoded buffer capacity.
0x00153420	function	audio_stop_mono_handle		Inferred from an exact code match with NA2 SLPS_258.37 0x001D6A30. Mono slot CRI level-960 then stop. | Reset only individual mono player;does not free archive backing or manager.
0x00153550	function	afs_startup_load_archive		Own NUN4 code: prefix CDV:data/ to four paths at 433C20; halfword IDs at 606FD0 are 255/254/253/252. Index 0 uses mode 1, others mode 0; wait for state 3.
0x00153660	function	afs_startup_load_nested		Own NUN4 code: manager unused; load destination handle from parent archive/member and supplied metadata. Null metadata skips load; wait for state 3.
0x001536E0	function	audio_start_streamed_music	void audio_start_streamed_music(void *manager, int channel, int archive, int track, int start_parameter, int mode, short family)	Use stereo handle manager+8+channel*12; apply track/volume gain for family0, set CRI mode then start archive/member; retain track at manager+0x9A4+channel*4.
0x00153CA0	function	audio_poll_mono_activity		Inferred from an exact code match with NA2 SLPS_258.37 0x001D7270. CRI state<2 returns0,else(completion(handle)+1)&1.
0x00153D10	function	audio_schedule_music_fade		kind0/channel0..2 requires nonnull stream/selected-track. Flag8 immediately stops invalid/already-low stream and clears selection; otherwise stores target/step/flag fields for a fade to-300,with signed step derived over parameter*30 update units. No seconds asserted.
0x00154508	function	gs_reset_and_configure_output	undefined4 gs_reset_and_configure_output(short reset_mode, unsigned short interlace, unsigned short video_mode, unsigned short field_mode)	Inferred from an exact code match with NA2 SLPS_258.37 0x0014E808. Reset mode 0 writes GS CSR 0x200, configures IMR 0xFF00, removes the installed channel-2 handler when present, records GS configuration and calls SetGsCrt(interlace&1,video_mode&0xFF,field_mode&1); mode 5 changes CRT configuration without the reset and mode 1 writes CSR 0x100. Retail boot supplies (0,1,2,0). Input widths are established; return remains opaque and unestablished.
0x00154B38	function	gs_display_environment_write		Inferred from an exact code match with NA2 SLPS_258.37 0x0014EE38. Write five64-bit privileged GS values:config short+6==1 PMODE/DISPFB1/DISPLAY1/EXTDATA;otherwise PMODE/SMODE2/DISPFB2/DISPLAY2/BGCOLOR;no GS FINISH wait;return unestablished.
0x00154FB0	function	gif_submit_draw_environment	unsigned int gif_submit_draw_environment(void *packet)	Inferred from an exact code match with NA2 SLPS_258.37 0x0014F2B0. Wait GIF CHCR100 clear with poll counter>1000000 timeoutFFFFFFFF/diagnostic;success QWC=(first_word&7FFF)+1,MADR low28 plus scratchpad bit31 for7xxxxxxx pointer,CHCR101,return0;no GS FINISH wait.
0x00155330	function	gs_paired_environments_submit	undefined4 gs_paired_environments_submit(void *environments, unsigned int selector)	Inferred from an exact code match with NA2 SLPS_258.37 0x0014F630. Mask selector&1;write0x28 display env then GIF-submit draw packet+50(bank0)/+140(bank1);ignore GIF return,do not wait GS FINISH;return unestablished.
0x00155428	function	graphics_synchronize	unsigned int graphics_synchronize(int nonblocking)	Inferred from an exact code match with NA2 SLPS_258.37 0x0014F728. Blocking0 checks VIF1 CHCR100,GIF CHCR100,VIF1 STAT1F000003,VU control29 bit100,GIF STATC00 in order;shared poll counter>0x1000000 prints register diagnostics and returnsFFFFFFFF,pass returns0;nonzero returns busy bits0..4 for same gates;no GS FINISH fence;0014F738..0014F87C/raw4846E800 at0014F80C proves control29 despite vc13 spelling;whole body through0014FA3B;only one input used.
0x00156278	function	intc_register_channel2_handler	int intc_register_channel2_handler(long param_1)	Inferred from an exact code match with NA2 SLPS_258.37 0x00150578. Remove previous channel handler,AddIntcHandler(2,callback,-1),enable interrupt channel2.
0x00156318	function	gs_draw_environment_adjust_field		Inferred from an exact code match with NA2 SLPS_258.37 0x00150618. Read SCISSOR+30 width/height fields+1,write XYOFFSET+20 around supplied centers;field0 uses whole-row Y*16,nonzero adds8 half-row;return unestablished.
0x001564F8	function	dma_channel_registers	void * dma_channel_registers(unsigned int index)	Inferred from an exact code match with NA2 SLPS_258.37 0x001507F8. Return DMA channel register pointer from ten-entry resident table0x003F7640 for index<10, otherwise null; index0=VIF0 DMA0x10008000.
0x00156828	function	dma_submit_chain	undefined4 dma_submit_chain(void *registers, void *source)	Inferred from an exact code match with NA2 SLPS_258.37 0x00150B28. Submit source chain to supplied DMA register block; resolve source address, wait channel, write TADR unless sentinel0xFFFFFFFF,clear QWC,set CHCR mode bits with0x105; used register-block/source arguments proved, original C return unspecified.
0x00158670	function	vu_rotation_polynomial		Inferred from an exact code match with NA2 SLPS_258.37 0x00152340. VU polynomial p=beta+c3*beta^3+c5*beta^5+c7*beta^7+c9*beta^9 with successive-add order; coefficients from003F7680 in reverse order362E9C14/B94FB21F/3C08873E/BE2AAAA4; produces square-root complement with caller sign; decompiler no-argument declaration does not describe VU register inputs.
0x001589C8	function	matrix_apply_euler_zyx	void matrix_apply_euler_zyx(unsigned long long param_1,unsigned long long param_2,unsigned int *param_3)	Inferred from an exact code match with NA2 SLPS_258.37 0x001525B0. Apply Z then Y then X axis rotation helpers to supplied matrix/rotation vector; instruction order establishes axes despite incomplete caller decompiler.
0x00158AA0	function	matrix_build_camera_basis	void matrix_build_camera_basis(float *output, float *eye, float *forward, float *reference_axis)	Inferred from an exact code match with NA2 SLPS_258.37 0x00152628. Construct right=normalize(reference_axis cross forward),forward=normalize(forward),up=forward cross right,eye translation,then rigid-invert; writes world-to-view matrix.
0x00164AE0	function	system_sbrk	unsigned int system_sbrk(int increment)	Inferred from an exact code match with NA2 SLPS_258.37 0x0015E3E0. Break0x003F78F4 starts008DD080;reject above EndOfHeap,set errno12,return-1 unchanged break;otherwise old break;interrupt-protected.
0x001650E0	function	kernel_dispatch_queue_worker	void kernel_dispatch_queue_worker(unsigned int * param_1)	Inferred from an exact code match with NA2 SLPS_258.37 0x0015E9E0. Separate kernel dispatch queue worker uses SuspendThread outside task list;not task runtime0x10 producer. Wait on dispatcher semaphore; mask read index511 then increment, consume 2-byte slot; command0 WakeupThread,1 RotateThreadReadyQueue,2 SuspendThread, other command diagnostic; no task-record runtime_flags access, queue-full check, ownership check or signal-failure retry.
0x001651B8	function	kernel_dispatch_initialize	int kernel_dispatch_initialize(void)	Inferred from an exact code match with NA2 SLPS_258.37 0x0015EAB8. Create SceKerneltopThread semaphore/dispatch worker,0x400 stack0x0060DCC0; queue0x0060E0C8/CC; start and set caller priority1; return thread ID/-1, delete semaphore on thread failure. Construct independent SceKerneltopThread when dispatcher ID<1; semaphore max255/initial0; entry kernel_dispatch_queue_worker, fixed stack0x0060DCC0/0x400, GP0x0060A9F0, priority0; clear ring indices, start with queue0x0060E0C8, change creator priority1; return thread ID, else -1; semaphore creation failure stops, thread creation failure deletes semaphore; no task record or normal teardown recovered.
0x001652A8	function	thread_wake_interrupt	void thread_wake_interrupt(unsigned long param_1)	Inferred from an exact code match with NA2 SLPS_258.37 0x0015EBA8. Interrupt-context wake used by display interrupt only when root thread status exactly4. Raw syscall selector -0x2F supplies current interrupt-context thread ID; different target calls _iWakeupThread directly, same target queues command0 only unsigned ID<256 and dispatcher ID!=0; mask write index511 then increment, store command/byte operand, iSignalSema without retry/full check; instruction0x0015EBB4/branch0x0015EBC0 and stores0x0015EC1C/0x0015EC24 establish path; direct callers engine_display_interrupt and cri_wake_thread_interrupt.
0x00165340	function	kernel_dispatch_rotate_ready	unsigned int kernel_dispatch_rotate_ready(unsigned int priority)	Inferred from an exact code match with NA2 SLPS_258.37 0x0015EC40. Queue command1/byte priority only unsigned priority<128 and dispatcher ID!=0; mask write index511 then increment and iSignalSema; returns supplied priority or unsigned -1; no queue-full check or signal-failure retry; bounded direct xrefs recover no caller.
0x001653C0	function	kernel_dispatch_enqueue	void kernel_dispatch_enqueue(unsigned long param_1)	Inferred from an exact code match with NA2 SLPS_258.37 0x0015ECC0. Separate kernel dispatch enqueue/suspend path outside task list;not task runtime0x10 producer. Raw syscall -0x2F compares interrupt-context current ID with requested ID; different target calls _iSuspendThread directly, same target queues command2 only unsigned ID<256 and dispatcher ID!=0; mask index511/increment, command/byte stores, iSignalSema; no full check/retry; bounded direct xrefs recover no caller; task runtime0x10 never read/written.
0x00165458	function	thread_delay_microseconds	long thread_delay_microseconds(unsigned long long param_1)	Inferred from an exact code match with NA2 SLPS_258.37 0x0015ED58. Delay current thread; overlay loader supplies200000 only while CD/DVD readiness state is nonzero. CPU Status bit0x10000 clear returns0x80008008; CreateSema max1/initial0 failure returns0x80008003; convert (0,requested_delay), register delay_alarm_signal with semaphore ID context; registration failure deletes semaphore and returns registration result; success ignores WaitSema result at0x0015EDF8, deletes at0x0015EE00 and returns0; retains no alarm handle, cancels nothing, publishes no task0x0008; bounded resident xrefs recover ten delay-calling owners including CD retry helpers, not task-cycle counts.
0x00165520	function	thread_start_dormant	int thread_start_dormant(int thread_id, void * argument)	Inferred from an exact code match with NA2 SLPS_258.37 0x0015EE20. Guarded thread start: reject kernel context guard/non-enabled DI or failed ReferThreadStatus; only status exactly0x10 reaches _StartThread(thread_id,record); otherwise -1 or kernel error; task callers ignore return. Kernel dispatcher starts with its queue pointer; all six CRI constructors start with argument0.
0x00165698	function	delay_alarm_signal	long long delay_alarm_signal(unsigned int handle, unsigned long long duration, unsigned long long elapsed, int semaphore_id)	Inferred from an exact code match with NA2 SLPS_258.37 0x0015EF98. Fourth callback argument is semaphore ID; iSignalSema then sync/ei and return0; one-shot via alarm trampoline; does not delete semaphore.
0x00167D98	function	rpc_packet_release	void rpc_packet_release(int param_1)	Inferred from an exact code match with NA2 SLPS_258.37 0x00161510. Clear SaveRpcPacket.release_word and allocation_flags bit 0; release request-packet ownership without interpreting card results or closing a payload file handle.
0x00167E28	function	rpc_complete_dispatch	void rpc_complete_dispatch(int param_1)	Inferred from an exact code match with NA2 SLPS_258.37 0x001615A0. Restore SaveRpcClient.callback_gp, invoke callback with callback_argument through jalr at 0x0016160C, release the RPC packet and clear active_request; no card-result interpretation or file close.
0x001686B0	function	sif_rpc_completion_pending	int sif_rpc_completion_pending(void *client)	Inferred from an exact code match with NA2 SLPS_258.37 0x00161E28. Completion polling used for audio RPC commandsB0/9200/9210/9400.
0x00168D58	function	rpc_buffer_service_call	int rpc_buffer_service_call(int *param_1,unsigned int param_2,unsigned long param_3,long param_4,long param_5,long param_6, long param_7,long param_8,int param_9,int param_10)	Inferred from an exact code match with NA2 SLPS_258.37 0x001624D0. RPC service wrapper called with buffer 0x00611100;not a CCS tag consumer.
0x001693F0	function	rpc_wrapper_buffer_call_begin	unsigned int rpc_wrapper_buffer_call_begin(void)	Inferred from an exact code match with NA2 SLPS_258.37 0x00162B68. RPC wrapper constructs buffer 0x00611100 for rpc_buffer_service_call;literal 0x1100 is address material, not CCS tag.
0x001698F0	function	stdio_open_threaded	int stdio_open_threaded(char *path, unsigned int flags, int mode)	Inferred from an exact code match with NA2 SLPS_258.37 0x00163068. Threaded stdio open; loader uses flags1, mode0x1FF and retries negative result.
0x0016C638	function	rpc_wrapper_buffer_call_end	unsigned int rpc_wrapper_buffer_call_end(char *param_1,unsigned long long param_2,unsigned long param_3)	Inferred from an exact code match with NA2 SLPS_258.37 0x00165DB0. RPC wrapper constructs buffer 0x00611100 for rpc_buffer_service_call;literal 0x1100 is address material, not CCS tag.
0x0016DEF8	function	sdk_exit_syscalls_install	void sdk_exit_syscalls_install(void)	Inferred from an exact code match with NA2 SLPS_258.37 0x00167670. Copy0x003F79C8->0x80075000 size0x330, flush0/2, install syscalls; selector3 returned address stored0x003F7D40.
0x0016E080	function	library_exit_tlb	void library_exit_tlb(void)	Inferred from an exact code match with NA2 SLPS_258.37 0x001677F8. GetMemorySize()==0x02000000 selects alternate resident TLB setup, otherwise _InitTLB, before _Exit.
0x0016E620	function	synchronization_disable_interrupts	int synchronization_disable_interrupts(void)	Inferred from an exact code match with NA2 SLPS_258.37 0x00167DA0. Disable EE interrupts with DI/SYNC until Status bit 0x10000 clears; return whether that bit was previously set. CCS publication/reference resolution and pipeline gates, plus selected task current/name lookups, use the result to conditionally restore interrupts; generic task append/remove are not synchronized by those lookup calls.
0x0016E670	function	synchronization_enable_interrupts	int synchronization_enable_interrupts(void)	Inferred from an exact code match with NA2 SLPS_258.37 0x00167DF0. Execute EI and return the prior Status bit 0x10000 as a boolean. CCS and task-lookup callers invoke this restore helper only when the paired disable helper reported interrupts enabled.
0x0016E688	function	sdk_libc_semaphores_initialize	void sdk_libc_semaphores_initialize(void)	Inferred from an exact code match with NA2 SLPS_258.37 0x00167E08. Create SceKernelLibc/SceKernelLibcEh semaphores(initial/max1); IDs0x003F8030/0x003F8034.
0x0016E7C8	function	sdk_kernel_pattern_handlers_initialize	void sdk_kernel_pattern_handlers_initialize(void)	Inferred from an exact code match with NA2 SLPS_258.37 0x00167F48. Install selectors0x83/0x5A handlers; search0x80000000..0x80080000 with patterns0x00167EC0/0x00167E88, reconcile bases after0x20C/0x168 offsets, store common address0x003F8018; wider semantics unresolved.
0x0016E8D8	function	sdk_boot_initialize	void sdk_boot_initialize(void)	Inferred from an exact code match with NA2 SLPS_258.37 0x00168058. Pre-arena/pre-task calls in order: libc semaphores, pattern handlers, counter3 syscall install, counter2 records(2), counter2 start, kernel dispatcher, OSD syscall install, exit syscall install, startup state clear; ignores initializer errors; final call is tail after stack restoration. Early kernel bootstrap selects sdk_counter2_records_initialize(2), starts counter, then constructs kernel dispatcher; sole recovered direct timer initializer xref is its call at0x00168078 with mode2 in delay slot0x0016807C; does not establish installation success or exclude other counter writers.
0x0016E998	function	sdk_osd_patch_required	bool sdk_osd_patch_required(void)	Inferred from an exact code match with NA2 SLPS_258.37 0x00168118. Temporarily set OSD bits13..15 to1, reread, restore original word; true when reread version0.
0x0016EA00	function	sdk_osd_syscalls_install	void sdk_osd_syscalls_install(void)	Inferred from an exact code match with NA2 SLPS_258.37 0x00168180. Only reread OSD version0: copy0x003F8038->0x80074000 size0x7A8, flush0/2, install syscalls.
0x0016EC90	function	os_load_exec_wrapper	void os_load_exec_wrapper(unsigned long long param_1,unsigned long long param_2)	Inferred from an exact code match with NA2 SLPS_258.37 0x00168410. Prepare relaunch arguments and call _LoadExecPS2 at 0x0015D920; no resident direct J/JAL, caller xref or stored pointer was identified.
0x0016ECD8	function	library_exit_dispatch	void library_exit_dispatch(int status)	Inferred from an exact code match with NA2 SLPS_258.37 0x00168458. Invoke memory-size-selected library_exit_tlb through thunk then _Exit(status).
0x0016ED00	function	os_exec_browser_wrapper	void os_exec_browser_wrapper(unsigned long long param_1,unsigned long long param_2)	Inferred from an exact code match with NA2 SLPS_258.37 0x00168480. Prepare browser-exit arguments and call _ExecOSD at 0x0015E100; no resident direct J/JAL, caller xref or stored pointer was identified.
0x0016EDB8	function	sdk_counter3_syscalls_install	void sdk_counter3_syscalls_install(void)	Inferred from an exact code match with NA2 SLPS_258.37 0x00168538. MODE counter3 bit0x100 clear copies0x003F8800->0x80076000 size0x740 and0x003F8F40->0x00082000 size0x28; cache flush0/2 and syscall install; retail writes, no live kernel inspection.
0x0016EF30	function	sdk_counter2_records_initialize	unsigned int sdk_counter2_records_initialize(unsigned int mode)	Inferred from an exact code match with NA2 SLPS_258.37 0x001686B0. Negative handler ID: clear/link128 records of0x40 at0x00613380..0x0061537F; INTC source0xB handler sdk_counter2_interrupt, configure counter2 and enable source; returns0,0x80009021 on handler failure,0x80008001 if initialized; boot mode2. Reject installed handler>=0 with0x80008001; reset overflow/allocated count,clear/link128 timer records0x00613380,size0x40, initialize64 alarm records; AddIntcHandler channel0xB entry sdk_counter2_interrupt failure0x80009021; mode=(old&~3)|caller_mode|0x300 without range check/mask; if bit0x80 clear reset count0,target0xFFFF,OR0xC80,otherwise preserve count/target; enable channel,return0; mode write0x001687C0.
0x0016F088	function	timer_library_uninstall	int timer_library_uninstall(void)	Inferred from an exact code match with NA2 SLPS_258.37 0x00168808. Reject missing handler0x80008001 or allocated timer count!=0 with0x80000010; otherwise guarded RemoveIntcHandler channel0xB; on successful removal disable channel,write mode0xC00/count0; clear overflow/handler -1 and return0.
0x0016F170	function	sdk_counter2_start	unsigned int sdk_counter2_start(void)	Inferred from an exact code match with NA2 SLPS_258.37 0x001688F0. Hold interrupts; MODE0x80 clear starts counter2 and initializes timing via sdk_counter2_time_read/sdk_counter2_alarm_program, returns0; active returns1; restore interrupts. Interrupt guarded counter admission: inactive clears0xC00/sets0x80,preserves low mode bits,reprograms compare,return0; active return1.
0x0016F200	function	timer_counter_stop	int timer_counter_stop(void)	Inferred from an exact code match with NA2 SLPS_258.37 0x00168980. Interrupt guarded stop clears0xC80,preserves low mode bits; inactive return0,active return1.
0x0016F280	function	sdk_counter2_alarm_program	void sdk_counter2_alarm_program(unsigned long long current_count)	Inferred from an exact code match with NA2 SLPS_258.37 0x00168A00. Accept current time, skip nonnegative active callback token; no pending record sets compare0 and clears MODE0x800; otherwise program deadline using0x7333 minimum interval and mode shift. No compare update during active dispatch; empty queue target0/clear mode0x800; walk deadlines while next<selected+0x7333, replacing selected each time; signed deadline-current<0x7333 programs raw count+(0x7333>>(m<<2)), else selected absolute deadline>>(m<<2); mode2 increment0x73; clears pending mode bit0x800, stored duration unchanged.
0x0016F410	function	timer_queue_insert		Inferred from an exact code match with NA2 SLPS_258.37 0x00168B90. Insert doubly linked timer record in unsigned deadline order duration+start_count-adjustment; equal deadlines follow existing records.
0x0016F788	function	sdk_counter2_time_read	unsigned long long sdk_counter2_time_read(void)	Inferred from an exact code match with NA2 SLPS_258.37 0x00168EF8. Read counter2 count/mode/overflow, account pending MODE0x800 and scale by clock selector; provide time for startup alarm. Read RCNT2_COUNT0x10001000 and MODE0x10001010; OR raw count with overflow accumulator<<16, pending mode0x800 rereads count and adds one overflow; mode m=MODE&3 normalizes with shift m==0?0:(2<<m), giving0/4/8/16; no clock-frequency or elapsed-time observation.
0x0016F7D8	function	timer_read_clock_guarded	unsigned long long timer_read_clock_guarded(void)	Inferred from an exact code match with NA2 SLPS_258.37 0x00168F48. Guarded sdk_counter2_time_read equivalent, preserving prior interrupt enable state; RCNT2 overflow correction and shifts0/4/8/16 identical.
0x0016F858	function	timer_allocate	unsigned int timer_allocate(void)	Inferred from an exact code match with NA2 SLPS_258.37 0x00168FC8. Free-list exhaustion returns0x80008005; pop timer,increment allocated count,clear callback/flags/adjustment64; increment global generation, store((generation&0x1FF)<<1)|1; handle=(record_address<<4)|generation,512 generation values; timer APIs decode (handle>>10)<<6/low10 comparison.
0x0016F8C8	function	timer_allocate_guarded	unsigned int timer_allocate_guarded(void)	Inferred from an exact code match with NA2 SLPS_258.37 0x00169038. Interrupt-guarded timer_allocate wrapper; preserve prior interrupt enable state and forward timer handle/error.
0x0016FAD0	function	timer_start	int timer_start(unsigned int handle)	Inferred from an exact code match with NA2 SLPS_258.37 0x00169220. Validate nonnegative handle/low10 generation else0x80008002, reject dispatched handle0x80000010; already started returns1; otherwise set flags bit1,snapshot sdk_counter2_time_read in start_count and insert/reprogram only if armed,return0.
0x00170038	function	timer_configure_guarded	int timer_configure_guarded(unsigned int handle, unsigned long long duration, void *callback, void *context)	Inferred from an exact code match with NA2 SLPS_258.37 0x00169758. Interrupt-guarded timer_configure wrapper; four parameters handle,duration,callback,context forwarded; preserve prior interrupt state and return configuration result.
0x001700B8	function	alarm_count_to_units	void alarm_count_to_units(unsigned long long count, unsigned int *whole, unsigned int *millionths)	Inferred from an exact code match with NA2 SLPS_258.37 0x001697D8. Divide count64 by147456000; optional u32 whole output and optional u32 millionths output floor(((count-u32(quotient)*147456000)*1000000 modulo2^64)/147456000); quotient narrowed before remainder multiplication at0x00169800/0x00169804; no unrestricted inverse for all64-bit counts.
0x00170160	function	alarm_units_to_count	unsigned long long alarm_units_to_count(unsigned int whole, unsigned int millionths)	Inferred from an exact code match with NA2 SLPS_258.37 0x00169880. Return full unsigned64 product u32(whole)*147456000 plus floor(u32(millionths)*147456000/1000000); multu1/multu at0x00169898/0x0016989C preserve both HI/LO halves despite decompiler first-product truncation; delay caller whole0; numeric convention alone does not prove physical clock unit.
0x00170260	function	alarm_pool_initialize	int alarm_pool_initialize(void)	Inferred from an exact code match with NA2 SLPS_258.37 0x00169980. Link64 alarm records at0x00615380,stride0x10,last next0; publish free root0x00615780,return0.
0x001702B0	function	alarm_callback_trampoline		Inferred from an exact code match with NA2 SLPS_258.37 0x001699D0. Translate timer handle to (alarm_address<<4)|(timer_handle&0xFE)|1; invoke borrowed alarm callback with translated handle,duration,elapsed,borrowed context fourth; zero recycles alarm via next_free and clears timer_handle then returns -1, otherwise forwards result; callback/context remain until overwritten; return -1 alone does not recycle alarm.
0x00170310	function	alarm_register	unsigned int alarm_register(unsigned long long duration, void *callback, void *context)	Inferred from an exact code match with NA2 SLPS_258.37 0x00169A30. Null callback returns0x80000016; guarded alarm free-list exhaustion0x80008005; pop alarm,allocate guarded timer; timer failure relinks alarm/clears timer_handle; store borrowed callback/context and timer handle,configure trampoline/start ignoring both results; return (alarm_address<<4)|(timer_handle&0xFE)|1; alarm cancellation low-byte relation retains128 patterns; no context copying/retaining/freeing.
0x00170530	function	alarm_cancel_guarded	int alarm_cancel_guarded(unsigned int alarm_handle)	Inferred from an exact code match with NA2 SLPS_258.37 0x00169C50. Guarded decode alarm=(handle>>8)<<4; reject negative/mismatched low-byte(handle^timer_handle) with0x80008002; call guarded timer_free ignoring its result, recycle alarm/clear timer_handle/return0; leaves callback/context unchanged; current timer can reject free yet alarm still recycles; generation wraps, no indefinite stale-handle protection.
0x001705D8	function	alarm_cancel	int alarm_cancel(unsigned int alarm_handle)	Inferred from an exact code match with NA2 SLPS_258.37 0x00169CF8. Unguarded alarm decode/low-byte validation; invalid returns0x80008002; call timer_free, recycle alarm/clear timer_handle only exact result0 and forward result; leave callback/context unchanged.
0x00170650	function	sdk_startup_state_clear	void * sdk_startup_state_clear(void)	Inferred from an exact code match with NA2 SLPS_258.37 0x00169D70. Clear0x003F8FC8/0x003F8FCC and0x200-byte0x00615788; returns memory_fill result; final SDK tail call.
0x00172590	function	atan2_float_bits	float atan2_float_bits(float y, float x)	Inferred from an exact code match with NA2 SLPS_258.37 0x0016BCB0. Quadrant/sign and arctangent computation on two IEEE754 input bit patterns supports atan2(y,x) interpretation; sign/quadrant paths return pi or pi/2 bit patterns and correct arctangent sign. | Live instructions consume f12/f13 and return f0; parameters and result are floats,internal integer operations inspect their bit patterns.
0x00173C50	function	cosine_polynomial_kernel	float cosine_polynomial_kernel(float angle, float correction)	Inferred from an exact code match with NA2 SLPS_258.37 0x0016D370. Cosine polynomial kernel used by angular cosine/sine quadrant wrappers; supports trail curve/control identities.
0x00174608	function	sine_polynomial_kernel	float sine_polynomial_kernel(float angle, float correction, int use_correction)	Inferred from an exact code match with NA2 SLPS_258.37 0x0016DD28. Sine polynomial kernel used by angular sine quadrant wrapper; supports trail sine smoothing/control identities. | Polynomial sine kernel backs the UI sine wrapper.
0x00174FD0	function	soft_double_abs	unsigned int soft_double_abs(unsigned int param_1)	Inferred from an exact code match with NA2 SLPS_258.37 0x0016E6F0. Absolute value of a soft-float double: clears the sign bit. Static decoded BTL-only resident import:198 calls.
0x00175898	function	angle_cosine	float angle_cosine(float angle)	Inferred from an exact code match with NA2 SLPS_258.37 0x0016EFB8. Cosine quadrant wrapper used by trail phase1 control direction. | Scalar cosine with small-angle kernels and quadrant branches; used by approach envelope. | X-dash motion envelope calls cosine with accumulator-pi/10 then multiplies0.11; helper separately verified as scalar cosine.
0x00175BC8	function	audio_angle_sine	float audio_angle_sine(float angle)	Inferred from an exact code match with NA2 SLPS_258.37 0x0016F2E8. Sine result feeds cvt.w.S(63-result*63) upper direction scalar. | Sine quadrant wrapper used for trail newest-target smoothing,phase0 tangent and per-point Z perturbation. | Scalar sine with small-angle kernels and quadrant branches; used by approach facing divisor. | UI arrows use scalar sine wrapper with pi*normalized phase. | VS Jutsu arrows use sine(pulse_angle)*6; world marker arrow uses sine(pulse_angle)*0.9 as horizontal scale.
0x00177978	function	float_to_unsigned_integer	unsigned int float_to_unsigned_integer(float value)	Inferred from an exact code match with NA2 SLPS_258.37 0x00171098. Intermediate conversion used on absolute value by float_to_signed_integer; final unsigned significand conversion is float_significand_to_unsigned_integer; finite viewport-sized result truncates without rounding increment; extreme/nonfinite inputs unestablished.
0x00177AA0	function	float_to_signed_integer	int float_to_signed_integer(float value)	Inferred from an exact code match with NA2 SLPS_258.37 0x001711C0. Convert absolute float through float_to_unsigned_integer and restore sign; finite viewport-sized inputs truncate toward zero; extreme/nonfinite inputs unestablished.
0x00177AE0	function	soft_float_pack	unsigned int soft_float_pack(int * fields)	Inferred from an exact code match with NA2 SLPS_258.37 0x00171200. Pack float fields; finite-normal path shifts mantissa right by seven at live 0x00171260 and masks the fraction, with no rounding increment/carry. Exponents below -126 flush to signed zero; no FCR31 rounding mode participates.
0x00177BF8	function	soft_float_pack_fields	unsigned int soft_float_pack_fields(unsigned int kind, unsigned int sign, int exponent, unsigned int mantissa)	Inferred from an exact code match with NA2 SLPS_258.37 0x00171318. Pass the supplied kind, sign, exponent and mantissa fields to soft_float_pack.
0x00177C28	function	soft_float_to_double	unsigned long long soft_float_to_double(float value)	Inferred from an exact code match with NA2 SLPS_258.37 0x00171348. Software float-to-double field conversion used by scaled MT chain; packed double bits returned. Static decoded BTL-only resident import:232 calls.
0x00177C68	function	soft_double_pack	unsigned long long soft_double_pack(unsigned int * fields)	Inferred from an exact code match with NA2 SLPS_258.37 0x00171388. Pack working double fields, discarding eight mantissa bits with dsrl at live 0x00171400. Exponents below -1022 flush to signed zero; no FCR31 rounding mode participates.
0x00177D40	function	soft_double_unpack	void soft_double_unpack(unsigned long long * value, unsigned int * fields)	Inferred from an exact code match with NA2 SLPS_258.37 0x00171460. Unpack double bits into fields; soft_double_to_float uses these fields before reducing the mantissa.
0x00178120	function	soft_double_multiply	unsigned long long soft_double_multiply(unsigned long long left,unsigned long long right)	Inferred from an exact code match with NA2 SLPS_258.37 0x00171840. Software double multiplication of scale and normalized signed MT; software packer truncates.
0x001783A8	function	soft_double_divide	unsigned long long soft_double_divide(unsigned long long left,unsigned long long right)	Inferred from an exact code match with NA2 SLPS_258.37 0x00171AC8. Software double division by2^31 in scaled-MT chain.
0x00178658	function	soft_int32_to_double	unsigned long long soft_int32_to_double(int value)	Inferred from an exact code match with NA2 SLPS_258.37 0x00171D78. Software signed32-to-double conversion used by scaled MT; integer/2^31 exact in double.
0x001787E0	function	soft_double_to_float	float soft_double_to_float(unsigned long long value)	Inferred from an exact code match with NA2 SLPS_258.37 0x00171F00. Unpack through soft_double_unpack, reduce the mantissa at live 0x00171F28..0x00171F44, then pass fields through soft_float_pack_fields to soft_float_pack. Finite-normal double-to-float conversion discards 29 fraction bits without an upward rounding increment; underflow can flush to signed zero. No FCR31 rounding mode participates.
0x00178838	function	float_significand_to_unsigned_integer		Inferred from an exact code match with NA2 SLPS_258.37 0x00171F58. Shift significand to final unsigned integer without rounding increment on inspected finite viewport-sized path; packed intermediate representation does not establish a semantic C prototype.
0x001788D8	function	cdvd_thread_callback_register	void * cdvd_thread_callback_register(void *callback)	Inferred from an exact code match with NA2 SLPS_258.37 0x00171FF8. Only cdvd_ncmd_sync(1)==0 admits guarded callback replacement; return prior pointer/store pointer0x00615A80 and current GP0x00615A84; probe failure0 installs nothing,ambiguous with old null pointer; no CreateThread/start/constructor call; bounded pointer-writer scan only store0x00172030 and xrefs no setter caller.
0x00178940	function	cdvd_interrupt_complete	void cdvd_interrupt_complete(int *completion)	Inferred from an exact code match with NA2 SLPS_258.37 0x00172060. Copy incoming word to completion publication0x003F90A0 and argument0x003F90A4; value0xB clears busy without signaling; otherwise signal N-command semaphore then callback semaphore only callback thread ID and pointer nonzero,else clear busy; finally clear publication0x003F90A0.
0x001789E0	function	cdvd_callback_thread	void cdvd_callback_thread(void)	Inferred from an exact code match with NA2 SLPS_258.37 0x00172100. SceCdCallbackThread waits callback semaphore; publication -1 clears busy/publication/thread ID/0x00615A94 then ExitDeleteThread; ordinary wake calls registered callback only pointer!=0 and argument!=0, loads saved GP0x00615A84 for jalr0x001721B8 and restores GP,then clears busy; zero argument consumes wake without callback; sole aligned resident direct jal ExitDeleteThread0x00172178.
0x00178C08	function	cdvd_semaphores_create	void cdvd_semaphores_create(void)	Inferred from an exact code match with NA2 SLPS_258.37 0x00172328. If any N/S/R-command ID=-1 create four semaphores; N/S/R max1/initial1 and callback max1/initial0,descriptor names SceCdNcmdSema/SceCdScmdSema/SceCdRcmdSema/SceCdCallbackSema; clear busy; task records not involved.
0x00178CF0	function	cdvd_semaphores_destroy	int cdvd_semaphores_destroy(void)	Inferred from an exact code match with NA2 SLPS_258.37 0x00172410. Nonzero callback-thread ID publishes -1/signals callback semaphore; immediately DeleteSema N,S,R,callback then remove SIF command0x80000012 under interrupt guard; no join/done-spin before deletion; static ordering alone does not prove successful shutdown interleaving.
0x00178D90	function	cdvd_register_sif_callback	unsigned int cdvd_register_sif_callback(unsigned int param_1,unsigned int param_2)	Inferred from an exact code match with NA2 SLPS_258.37 0x001724B0. Separate SIF callback registration receives engine_sif_recovery_callback and argument0; not engine0x500 nor SceCdCallbackThread registration. Ensure SIF registration when installed state<0; guarded store callback/context/current GP0x00615A88/0x00615A90/0x00615A8C and return previous pointer; concrete engine_sif_recovery_callback registration uses context0,creates no kernel thread.
0x00178E10	function	cdvd_sif_callback_dispatch	void cdvd_sif_callback_dispatch(void)	Inferred from an exact code match with NA2 SLPS_258.37 0x00172530. Skip null SIF callback or registration-busy!=0; save GP,load saved callback GP0x00615A8C,call with context0x00615A90,restore GP; independent slots from thread callback.
0x00178E68	function	cdvd_sif_callback_install	int cdvd_sif_callback_install(void)	Inferred from an exact code match with NA2 SLPS_258.37 0x00172588. Set registration-busy1,guarded install cdvd_sif_callback_dispatch for command0x80000012,restore interrupts,busy0/installed1,return1; independent of kernel-thread constructor.
0x00178EE0	function	disc_search_file_rpc	int disc_search_file_rpc(void *output, char *path, int mode)	Inferred from an exact code match with NA2 SLPS_258.37 0x00172600. Serialized CDVD physical lookup,bounded pathname/result copy,return lower result or0.
0x001791E0	function	cdvd_query_recovery_task	int cdvd_query_recovery_task(void * buffer, void * request)	Inferred from an exact code match with NA2 SLPS_258.37 0x00172900. Query recovery_task into caller buffer; engine gate accepts return1 as completion. Second argument is the opaque engine0x508 request value,not an established kernel-thread ID;stack buffer and request are the two proven arguments. mpeg_open_disc_stream also passes output CD file record and normalized device-stripped pathname; disc_search_file_rpc(buffer,request,0) returns LSN and byte size.
0x001793F0	function	cdvd_ncmd_sync	int cdvd_ncmd_sync(int mode)	Inferred from an exact code match with NA2 SLPS_258.37 0x00172B10. Mode0 waits while CD busy or N-command RPC completion pending using thread_delay_microseconds(4000),then returns0; nonzero mode is nonblocking readiness result0 ready/1 busy; cdvd_thread_callback_register passes1.
0x00179490	function	cdvd_scmd_sync	int cdvd_scmd_sync(int mode)	Inferred from an exact code match with NA2 SLPS_258.37 0x00172BB0. Mode0 waits until S-command RPC completion clears using thread_delay_microseconds(4000),return0; nonzero mode returns current RPC completion pending result.
0x00179C08	function	cdvd_disk_ready	unsigned long long cdvd_disk_ready(long param_1)	Inferred from an exact code match with NA2 SLPS_258.37 0x00173328. Disk-ready path contains original string NEW DiskReady Call; engine gate calls with1 and advances when return2. Disk-ready query with mode1; engine state2 advances only on exact result2. Poll/release R-command semaphore as separate request admission,one engine gate0x04 dependency.
0x0017A170	function	cdvd_recovery_status	long cdvd_recovery_status(void)	Inferred from an exact code match with NA2 SLPS_258.37 0x00173890. Engine readiness state3 advances to4 for results0x12..0x14, otherwise returns2. Recovery status query; engine state3 accepts inclusive0x12..0x14.
0x0017AB88	function	pad_dma_completion_handler	void pad_dma_completion_handler(int param_1)	Inferred from an exact code match with NA2 SLPS_258.37 0x001741D8. Handle SIF command 0x80000019 by invoking the saved nonnull callback with incoming +0x0C data (IOP VBlank counter) using the saved caller GP, then synchronize/enable interrupts.
0x0017AD78	function	pad_submit_direct_dma	unsigned int pad_submit_direct_dma(int param_1,int param_2)	Inferred from an exact code match with NA2 SLPS_258.37 0x00174388. Submit only when dma_id is zero or sceSifDmaStat(id)<0; increment direct sequence, cache-sync 0x20 bytes and send to iop_destination+((sequence&1)*0x20). An in-flight prior transfer or zero new DMA ID fails without queuing; this path is separate from input snapshot DMA.
0x0017AE90	function	pad_library_port_open	unsigned int pad_library_port_open(unsigned long long param_1,unsigned long long param_2,unsigned int param_3)	Inferred from an exact code match with NA2 SLPS_258.37 0x001744A0. Require 0x40-aligned DMA area and a slot not already open; initialize both 0x80-byte snapshots with generation/length/data_ready 0, state 5, request 2 and packet bytes 0xFF, then submit RPC 1. Nonnegative transport sets open, DMA/direct pointers, IOP destination and zero direct sequence/dma_id before returning the logical reply; reply 0 leaves it open and a retry fails locally.
0x0017B078	function	pad_library_port_close	unsigned int pad_library_port_close(int param_1,int param_2)	Inferred from an exact code match with NA2 SLPS_258.37 0x00174688. Return 0 without RPC when closed; otherwise submit RPC 0x0E and clear open after nonnegative transport before returning the logical reply, retaining pointers. Reply 0 leaves it closed and a retry fails locally; transport failure returns 0.
0x0017B8B8	function	pad_library_set_main_mode	int pad_library_set_main_mode(unsigned long long param_1,unsigned long long param_2,unsigned int param_3,unsigned int param_4)	Inferred from an exact code match with NA2 SLPS_258.37 0x00174E50. Submit RPC 6 with port, slot, mode and lock through the shared 0x80-byte synchronous buffer; return 0 on transport failure or reply +0x14, marking ordinary request busy (2) only for reply 1.
0x0017BA38	function	pad_library_set_actuator_alignment	int pad_library_set_actuator_alignment(unsigned long long param_1,unsigned long long param_2,int param_3)	Inferred from an exact code match with NA2 SLPS_258.37 0x00174FC8. Submit RPC 8 with six actuator-alignment bytes through the shared synchronous buffer; return 0 on transport failure or reply +0x14, marking ordinary request busy only for reply 1.
0x0017BBC0	function	pad_library_set_button_info	int pad_library_set_button_info(unsigned long long param_1,unsigned long long param_2,unsigned int param_3)	Inferred from an exact code match with NA2 SLPS_258.37 0x00175158. Submit RPC 0x0A with the requested button-information mask through the shared synchronous buffer; return 0 on transport failure or reply +0x10, marking ordinary request busy only for reply 1.
0x0017BCF0	function	pad_library_enter_pressure_mode	unsigned long long pad_library_enter_pressure_mode(unsigned long long param_1,int param_2)	Inferred from an exact code match with NA2 SLPS_258.37 0x00175268. Return 0 for a closed slot, otherwise return pad_library_set_button_info(port,slot,0xFFF); strong scePadEnterPressMode identity.
0x0017BDA0	function	pad_library_set_vref	int pad_library_set_vref(unsigned long long param_1,unsigned long long param_2,unsigned long long *param_3)	Inferred from an exact code match with NA2 SLPS_258.37 0x00175318. Submit RPC 0x0B with the caller's 12 Vref bytes; return 0 on transport failure or reply +0x1C, marking ordinary request busy only for reply 1; no game caller found.
0x0017BE70	function	pad_library_get_port_max	unsigned int pad_library_get_port_max(void)	Inferred from an exact code match with NA2 SLPS_258.37 0x001753E8. Submit RPC 0x0C and return reply +0x0C, or 0 on transport failure; no game caller found.
0x0017BED8	function	pad_library_get_slot_max	unsigned int pad_library_get_slot_max(unsigned int param_1)	Inferred from an exact code match with NA2 SLPS_258.37 0x00175450. Submit RPC 0x0D with requested port and return reply +0x0C, or 0 on transport failure; no game caller found.
0x0017BF40	function	pad_library_get_module_version	unsigned int pad_library_get_module_version(void)	Inferred from an exact code match with NA2 SLPS_258.37 0x001754B8. Submit RPC 0x12 and return module-version reply +0x0C, or 0 on transport failure.
0x0017BFA8	function	pad_library_set_warning_level	unsigned int pad_library_set_warning_level(unsigned int param_1)	Inferred from an exact code match with NA2 SLPS_258.37 0x00175520. Submit warning level with RPC 0x14, returning reply +0x08 or 0 on transport failure; strong scePadSetWarningLevel identity with no game caller. Matched IOP dispatcher stores the warning/diagnostic gate and returns 1.
0x0017C010	function	pad_set_dma_completion_callback	int pad_set_dma_completion_callback(long param_1)	Inferred from an exact code match with NA2 SLPS_258.37 0x00175588. Return previous callback; null clears it and retries RPC 0x18 value 0 until transport succeeds, while first nonnull installation sends value 1 then stores callback/caller GP under interrupt exclusion. No game installation was found; exact public Sony API name unresolved.
0x0017C640	function	card_rpc_open	unsigned int card_rpc_open(unsigned int param_1,unsigned int param_2,long param_3,unsigned int param_4)	Inferred from an exact code match with NA2 SLPS_258.37 0x00175AC0. Submit open command 2 with port/slot/flags and a NUL-terminated path copied with limit 0x3FF; return 0 queued, -100 uninitialized, -200 gate unavailable, -210 null/empty path or -91 submission failure; release the gate on path/submission failure.
0x0017C7A0	function	card_rpc_close	unsigned int card_rpc_close(unsigned int param_1)	Inferred from an exact code match with NA2 SLPS_258.37 0x00175C20. Submit close command 3 for the request handle; return 0 queued, -100 uninitialized, -200 gate unavailable or -91 submission failure, releasing the gate on submission failure.
0x0017CC80	function	card_rpc_wait	unsigned int card_rpc_wait(long param_1,long param_2,long param_3)	Inferred from an exact code match with NA2 SLPS_258.37 0x00176100. Return -1 with no pending request without writing outputs; otherwise poll completion (mode0 waits if needed), optionally report pending command, return 0 while incomplete or 1 completed; only completed requests copy result, clear pending command and release request gate.
0x0017CDA0	function	card_rpc_get_info	unsigned int card_rpc_get_info(unsigned int param_1,unsigned int param_2,long param_3,long param_4,long param_5)	Inferred from an exact code match with NA2 SLPS_258.37 0x00176220. Submit command 1 for port/slot and optional type/free-space/format outputs, preparing 0xC0 response bytes for DMA; return 0 queued, -100 uninitialized, -200 gate unavailable or -91 submission failure.
0x0017D2B0	function	card_rpc_format	unsigned int card_rpc_format(unsigned int param_1,unsigned int param_2)	Inferred from an exact code match with NA2 SLPS_258.37 0x00176730. Submit full-card format RPC for port/slot; this operation is not a selected save-slot delete.
0x0017D380	function	card_rpc_delete	unsigned int card_rpc_delete(unsigned int param_1,unsigned int param_2,long param_3)	Inferred from an exact code match with NA2 SLPS_258.37 0x00176800. Package memory-card path deletion; the completed resident caller census found no direct caller.
0x0017D4A0	function	card_rpc_flush	unsigned int card_rpc_flush(unsigned int param_1)	Inferred from an exact code match with NA2 SLPS_258.37 0x00176920. Submit flush command 10 for the handle; return 0 queued, -100 uninitialized, -200 gate unavailable or -91 submission failure, releasing the gate on submission failure.
0x0017E200	function	sound_append_bytes		Inferred from an exact code match with NA2 SLPS_258.37 0x00176F80. Handle child4 count8/table0C,eight-byte row buffer4;capacity0,used4,payload8;used+length+8<=capacity,return0 success/-1 failure;no growth/overwrite.
0x0017E298	function	sound_append_short_command		Inferred from an exact code match with NA2 SLPS_258.37 0x00177018. Nibbles80/C0/D0 append2bytes;90/A0/B0/E0 append3;forward bounded result.
0x0017E3C0	function	sound_append_extended_command		Inferred from an exact code match with NA2 SLPS_258.37 0x00177140. F9 length5,FD length7;EE encoding,IOP operation unknown.
0x0017E450	function	string_parse_decimal	int string_parse_decimal(char *text)	Inferred from an exact code match with NA2 SLPS_258.37 0x001771D0. Convert the supplied string through the integer parser with base 10 and no end-pointer output; the CCS batch resolver uses this for # decimal path indexes.
0x0017FA50	function	library_exit_callbacks	void library_exit_callbacks(int status)	Inferred from an exact code match with NA2 SLPS_258.37 0x001787B0. Walk registered callback lists reverse within each list, optional library-context callback+0x3C, then forward entry return through0x00100218 thunk to library_exit_dispatch; boot permanent loop normally never returns.
0x00180C10	function	library_arena_allocate	void * library_arena_allocate(unsigned int size)	Inferred from an exact code match with NA2 SLPS_258.37 0x00179850. Allocate requested arena size under library-context lock and return pointer; boot retries null with0x100 reduction. | Semaphore-serialize reentrant malloc;only bounded resident callers game_arena_initialize/text_draw_progressive.
0x00181748	function	memory_compare	int memory_compare(void *left, void *right, unsigned int length)	Inferred from an exact code match with NA2 SLPS_258.37 0x0017A388. Compare the supplied byte spans; Save Data calls it with 0x23F8 bytes starting at record +8.
0x001817E0	function	copy_record_bytes	unsigned long long * copy_record_bytes(unsigned long long *param_1,unsigned long long *param_2,unsigned int param_3)	Inferred from an exact code match with NA2 SLPS_258.37 0x0017A420. Record byte copy;pending-result paths use54 andA8 across paired scratch. | Copy interface is destination,source,length; support refresh and notification copy0x54 bytes from current side record into immediately following record.
0x00181998	function	memory_fill	void * memory_fill(void *destination, unsigned char value, unsigned int size)	Inferred from an exact code match with NA2 SLPS_258.37 0x0017A5D8. Optimized memset used for overlay BSS.
0x00182B40	function	lcg_seed	void lcg_seed(unsigned int seed)	Inferred from an exact code match with NA2 SLPS_258.37 0x0017B780. Seed low32 zero-extended into library anchor+0xA8; no draw, sole resident caller coordinated initializer. The ELF identifies `MW MIPS C Compiler (2.4.1.01)` for `PlayStation2`; its symbol and string symbol-table sections have zero length. Annotation names describe behavior; original source names such as srand/rand were not recovered. No direct or identified indirect BTL LCG-seed import was identified.
0x00182B58	function	prng_u32	unsigned int prng_u32(void)	Inferred from an exact code match with NA2 SLPS_258.37 0x0017B798. Independent 64-bit LCG: rng_lcg_state = rng_lcg_state*0x5851F42D4C957F2D+1 modulo2^64; return(state>>32)&0x7FFFFFFF, one advance per call. BTL physical-import census:three camera-labelled table selectors, six42-vector selections and two coherent angle blocks whose incoming edges are unproven. Per-consumer reductions/stores belong to their owning routines/call-site labels; no invocation frequency follows from this census.
0x00183B40	function	string_append	char * string_append(char *destination, char *source)	Inferred from an exact code match with NA2 SLPS_258.37 0x0017BF78. strcat behavior; loader appends filename into 128-byte path without length bound.
0x00183E00	function	string_compare	int string_compare(char *first, char *second)	Inferred from an exact code match with NA2 SLPS_258.37 0x0017C238. Case-sensitive NUL-terminated string comparison used for CCS container names and ordinary task names. Equality is the zero result; task_find_by_name uses it to select its first matching ordinary name.
0x00183F48	function	string_copy	void string_copy(char *out, char *source)	Inferred from an exact code match with NA2 SLPS_258.37 0x0017C380. Copy source bytes through the terminating NUL without a destination-capacity argument or bound; aligned bulk paths preserve the same unbounded copy contract.
0x00184060	function	string_length		Count bytes to first NUL;aligned8/16-byte zero detection followed bybyte tail. sp_skill_apply_external_palette subtracts2 from thislength before forming palette basename.
0x00184710	function	string_find_substring	char * string_find_substring(char *text, char *needle)	Inferred from an exact code match with NA2 SLPS_258.37 0x0017CAF8. Case-sensitive first substring pointer or null;empty needle start.
0x00189570	function	transition_slot_rearm		Inferred from an exact code match with NA2 SLPS_258.37 0x00183F90. Rearm existing unchecked index flags1,cursor0,duration supplied,start=previous stored end_color,end=new color; preserve rectangle, not current interpolated color.
0x001895B0	function	settings_resource_pending	unsigned char settings_resource_pending(int param_1,int param_2)	Inferred from an exact code match with NA2 SLPS_258.37 0x00183FD0. Return pending-resource predicate; zero completes generic parent wait/close. | Return signed-halfword cursor<duration for supplied unchecked index, without activity check.
0x001895E0	function	transition_slot_clear		Inferred from an exact code match with NA2 SLPS_258.37 0x00184000. Clear supplied unchecked index flags only.
0x00189A90	function	attachment_manager_release_collisions		Inferred from an exact code match with NA2 SLPS_258.37 0x00189EC0. Free every collision node via next+0xC8 then clear manager.collisions; original return unspecified.
0x00189AF0	function	attachment_manager_release_chains		Inferred from an exact code match with NA2 SLPS_258.37 0x00189F20. Walk chains through +0x18, destroy each with deleting1 (including flattened states), then clear manager.chains; original return unspecified.
0x00189DC0	function	attachment_hierarchy_apply_parameters		Inferred from an exact code match with NA2 SLPS_258.37 0x0018A1C0. Tail-jump to attachment_hierarchy_set_parameters on nodes+child_index*0x28, forwarding all three float coefficients unchanged; wrapper index and builder inputs are proved separately from floats; original mixed C argument order remains unestablished.
0x0018AAE0	function	attachment_state_set_coefficients		Inferred from an exact code match with NA2 SLPS_258.37 0x0018AE20. Store length_correction at +0x8C and shape_attraction at +0x90 on current state; only if first_child exists store velocity_retention at its +0x88; float f12/f13/f14 and general state input separately proved, original mixed C argument order and return unspecified.
0x0018B310	function	projection_controller_construct	unsigned long long projection_controller_construct(unsigned long long param_1,int param_2,unsigned long long param_3)	Inferred from an exact code match with NA2 SLPS_258.37 0x0018B570. Construct ordered-controller base and global list node; queue/count0, mode1, alpha 0x20; copy pass/offset bytes; convert target coords in PSMCT32 and depth coords in PSMZ24; does not read projection scalar. Global controller list root live0x00607484. | Initialize primary0x180 projection controller through ordered base;renderer environment cost separate. | Embed ordered base at+0x10 and renderer at+0x4C; bind supplied renderer through ordered_controller_register, initialize mode1 at live0x0018B5DC; descriptor target/address conversion owned by CcsProjectionDescriptor contract.
0x0018B3F0	function	projection_controller_construct_default	unsigned long long projection_controller_construct_default(unsigned long long param_1,unsigned long long param_2,unsigned long long param_3)	Inferred from an exact code match with NA2 SLPS_258.37 0x0018B650. Construct ordered base/global node and projection queue/parameters through+0x15F; default mode1, alpha 0x20, passes1, multiplier0. | Embed ordered base at+0x10 and renderer at+0x4C; bind supplied renderer through ordered_controller_register, initialize mode1 at live0x0018B6B8; no mode2/3 construction established at inspected fighter/background/shadow-animation sites.
0x0018B6A0	function	projection_controllers_process	void projection_controllers_process(void)	Inferred from an exact code match with NA2 SLPS_258.37 0x0018B8E0. Walk global controller list and process every controller with queued packets. | Walk singly linked projection controller list at live 0x00607484 (gp-0x356C), calling projection_controller_drain for each; list traversal is independent of target and animation state.
0x0018E980	function	integer_vector_subtract	void integer_vector_subtract(int *destination, int *left, int *right)	Inferred from an exact code match with NA2 SLPS_258.37 0x0018E970. Store four signed 32-bit componentwise left-minus-right results, including W; topology construction uses it to subtract the first point from the other two.
0x0018F560	function	tone_shade_random_construct		Inferred from an exact code match with NA2 SLPS_258.37 0x0018F4B0. Construct ccToneShadeAnimRandom: write tone_shade_random_vtable (live 0x005D9DD8), counter+4=0 and period+6=2. Its 11-instruction body has no RNG call or state write. Vtable slots are RTTI 0x005BF7D8 at +0, zero at +4 and tone_shade_random_update (0x0018F410) at +8; RTTI names ccToneShadeAnimRandom at 0x003FB550.
0x0018F640	function	tone_shade_destination_initialize		Inferred from an exact code match with NA2 SLPS_258.37 0x0018F590. Clear ToneShadeRandomDestination.random_component0/+0x34 and random_component1/+0x38. battle_create_graph initializes this destination at pause-sequence+0x650; pause-controller ownership is documented in Battle lifecycle.
0x00190050	function	render_descriptor_init	void render_descriptor_init(undefined4 *arg1)	Inferred from an exact code match with NA2 SLPS_258.37 0x0018FF40. Initialize default light/render descriptor.
0x00193D60	function	model_geometry_packet_configure_from_descriptor	void model_geometry_packet_configure_from_descriptor(void *descriptor, unsigned int control)	Inferred from an exact code match with NA2 SLPS_258.37 0x001939E0. One of three resident xref caller classes of0xC0-stride geometry setters; use geometry descriptor/draw-context payload pointers,not persistent renderer. Wrapper ABI:a0=geometry descriptor,a1=control word,not positions pointer; save control in s0 and forward it in a2 to packet initializer then positions,attributes,UV,and auxiliary setters; descriptor supplies packet+0x10,count+0x04,positions+0x14,attributes+0x18,UV+0x1C,auxiliary+0x20,and position-control pointer+0x24; positions setter at0x00193D80 masks control to16 bits and tests0x2000,0x40,0x1,0x400; model_part_duplicate_arrays calls wrapper at0x00199D78 with descriptor a0 and its third argument forwarded as control a1 after replacing the packet allocation.
0x001967B0	function	ccs_transform_child_construct	unsigned long long ccs_transform_child_construct(unsigned long long param_1,unsigned long long param_2,unsigned int *param_3)	Inferred from an exact code match with NA2 SLPS_258.37 0x001964E0. Construct 0xA0-byte composition child through the common transform initializer and tag 0x0D00 initializer.
0x00196810	function	ccs_transform_child_initialize	void ccs_transform_child_initialize(int param_1,unsigned int *param_2)	Inferred from an exact code match with NA2 SLPS_258.37 0x00196540. Mark a transform-only scene child as runtime type 0x0D00.
0x001986E0	function	model_draw_part_setup		Inferred from an exact code match with NA2 SLPS_258.37 0x00198230. Borrow base position/attributes/control,clear ownership u16+0x222,copy packet+0x228/count+0x22c/positions+0x230/vectors+0x234/UV+0x238/aux+0x23c/control+0x240,part+0x21c and index u16+0x220; every part resets draw-local ownership without changing runtime part pointers. | Borrow part+1C and+20 stream pointers into scratch+238/+23C without copying source payload; source comments historically identify them as color and UV,whereas existing field names uv_words/auxiliary_attributes disagree; correspondence to final attributes remains qualified.
0x00198740	function	model_copy_instance_draw_state		Inferred from an exact code match with NA2 SLPS_258.37 0x00198290. Copy instance pointer, uniform_scale from instance+0x0C to context+0x210, runtime_flags from instance+0x18 to context+0x20C and byte draw_state from instance+0x22 to context+0x208 immediately before descriptor selection. | Copy flags/scale to draw context without refreshing extra-pass owner snapshot. | Copy instance runtime flags,draw_state and scale into context20c/208/210; model_dispatch_geometry separately copies blend30 to context130 and test24 to context138.
0x00198BF0	function	model_instance_pack_blend		Inferred from an exact code match with NA2 SLPS_258.37 0x00198730. Pack ALPHA=a|(b<<2)|(c<<4)|(d<<6)|(fixed_alpha<<32) into blend_state30; draw_state22 bit0 follows ordered!=0; leave TEST unchanged. | Prototype records recovered used inputs; original C return is unspecified.
0x00199BE0	function	procedural_visual_bind_model	void procedural_visual_bind_model(int visual)	Inferred from an exact code match with NA2 SLPS_258.37 0x00199690. Initialize inline model atvisual+0x90 from inline descriptor+0x100; adds model part/material-list allocations without separate primary model node.
0x0019AF20	function	material_copy_binding		Inferred from an exact code match with NA2 SLPS_258.37 0x0019A520. Shallow-copy texture,clut,descriptor,alpha and four coordinate halfwords; clear material+0x08, whose meaning remains unresolved. Original return is unspecified; opaque return type preserves that uncertainty.
0x0019B020	function	ccs_effect_bind_texture		Inferred from an exact code match with NA2 SLPS_258.37 0x0019A620. Skips palette lookup only for zero texture; sentinel 4 is passed to texture_get_clut and would read address 0x40. | Store current texture+0,overwrite cached palette+4 with getter result or0 for absent texture,clear unresolved+8; this differs from the conditional rebind helpers and is also used for render materials. Used inputs are established; original C return is unspecified and represented opaquely.
0x0019BEE0	function	model_bounds_from_extrema	void model_bounds_from_extrema(float param_1,float *param_2,int *param_3)	Inferred from an exact code match with NA2 SLPS_258.37 0x0019B3A0. Convert outer six integer extrema and model scalar to model bounds; packed temporary extrema are not supplied by NA2 packed converter. | Minimum/maximum are float(integer extrema)*(model_scale/4096); midpoint converts signed (min+max)>>1 before multiplication, so may differ bitwise from float endpoint average; all W=1; writes three consecutive 16-byte vectors.
0x0019D3C0	function	resource_transform_update	void resource_transform_update(int param_1)	Inferred from an exact code match with NA2 SLPS_258.37 0x0019C7C0. Resource transform update used by anchor callbacks when object80 nonzero;otherwise callers copy four local rows40..7F to00..3F and clear byte8D. | 66-instruction cache update walks parent links,stores nodes in VU0 memory,remembers highest dirty node; seed from clean parent's world or root local,walk back to child multiplying each local column by parent columns with vmulax/vmadday/vmaddaz/vmaddw; write world+0..+0x30,clear dirty; no visible cycle/depth guard.
0x0019DDC0	function	image_transfer_group_add_clut	void image_transfer_group_add_clut(int param_1,unsigned int param_2)	Inferred from an exact code match with NA2 SLPS_258.37 0x0019D130. Add eight-byte link to CLUT member list at group+0x2C. | Palette binding requests8-byte list node.
0x0019DE10	function	image_transfer_group_add_texture	void image_transfer_group_add_texture(int param_1,unsigned int param_2)	Inferred from an exact code match with NA2 SLPS_258.37 0x0019D180. Add eight-byte link to texture member list at group+0x28. | Texture binding requests8-byte list node.
0x0019DF80	function	ccs_image_transfer_group_construct	unsigned long long ccs_image_transfer_group_construct(unsigned long long param_1,unsigned char *param_2)	Inferred from an exact code match with NA2 SLPS_258.37 0x0019D2D0. Construct a 0x38-byte CcsImageTransferGroup, initialize image_members/clut_members and next, and copy only the first name byte to +8 (live load/store sites 0x0019D2DC/0x0019D2E0). The next 29 name-comparison bytes and first-word record prefix remain uninitialized. Link the group into the global list whose recorded live root is 0x00607480; this routine does not install a CcsRecord back-pointer. | Construct requested0x38 transfer-group controller with inline state.
0x0019ECF0	function	sampling_texture_copy		Inferred from an exact code match with NA2 SLPS_258.37 0x0019DFE0. Forward destination and source to texture_copy_binding, then clear sampling+0x48; borrowed backing ownership remains cleared. Original return is unspecified; opaque return type preserves that uncertainty.
0x0019ED90	function	sampling_texture_chunk_construct		Inferred from an exact code match with NA2 SLPS_258.37 0x0019E080. Construct 0x50-byte sampling texture; install ccTexChunk base vtable then ccSamplingTexChunk vtable 0x005D9E70. RTTI descriptor sampling_texture_chunk_type_descriptor resolves ccSamplingTexChunk for sampling_texture_chunk_vtable. | Sampling texture path retains0x50 object,constructor0x40 suppresses decoded levels/pixels. | Forward texture,record,palette record and initialization descriptor into texture_initialize_from_descriptor; clear sampling+0x48; no producer or consumer of this extra field established.
0x0019F490	function	texture_bind_or_create_transfer_group		Texture group record with sentinel4 searches named global group list then constructs0x38 group if absent; publishes record type1000/runtime and adds texture. KTYS_MND BLT_4mnd/bg/obj rows therefore require no separate typed file block.
0x0019FDB0	function	clut_initialize_base		Inferred from an exact code match with NA2 SLPS_258.37 0x0019F030. Store record,set palette TEX0=0x2000000000000000,clear transfer/group and flags bits0/1,delegate clut_initialize_from_descriptor. Original return is unspecified; opaque return type preserves that uncertainty.
0x001A1520	function	ccs_build_play_runtime		Build16-byte play entries from resolved directory records/secondaries; instantiate controller/camera/model/composition and draw environments. Type1900 construction allocates empty morph child without dereferencing descriptor-linked record; bind1901 sources later through play entries. Publish table after clearing transient record links.
0x001A2550	function	ccs_play_bind_model_child_relations		Temporarily publish composition children as record secondaries, populate flagged model relation array from retained composition records, then clear those temporary secondaries. Own-game relation binding; separate from1900 sources.
0x001A32C0	function	animation_commands_clear		Inferred from an exact code match with NA2 SLPS_258.37 0x001A2990. Free every queued event through its first-word next link; preserve next before releasing each node; return interface unspecified.
0x001A3300	function	ccs_parse_animation_tracks		Own-game700 delegate packs nested commands through001A7CA0 then finalizes distinct-ID record/key pairs and parent relation map; retains material count and descriptor flags. Own-game model/material provider identity is directory-local before binding.
0x001A3AD0	function	ccs_read_rotation_curve		File selector1 reads three Euler floats;2/12 read count then time+three Euler floats per key;4/14 read count then time+four quaternion floats per key. Compression selectors retain full input float consumption.
0x001A59C0	function	ccs_read_vector_curve		File selector1 reads XYZ constants;2/12 read count and time+XYZ per key;4 reads count and time+ten-float key payloads. Selector12 compresses runtime values but consumes full file floats.
0x001A72C0	function	ccs_read_scalar_curve		Selector low3bits1 reads scalar constant;2 reads count then time+scalar per key. Runtime delta/end padding does not add authored file bytes; other selectors consume no values.
0x001A7CA0	function	ccs_pack_animation_command_range		Own-game packed nested dispatcher supports markersFF01/5,snapshots0101/0108/0201/0502/0601/0602/0604/0606/0608/0802/0803/1901 and typedkeys0102/0202/0503/0603/0605/0607/0609/1902; unique IDs must remain below400. Length copied,not used to seek.
0x001A8260	function	ccs_pack_tag_1902		Read controller source ID and U32 source count; each entry reads source ID,flags and scalar curve, inserts source into descriptor record/key pairs and stores that bound-player index. Source records are dependencies even without their own keys.
0x001A8550	function	ccs_pack_tag_0503		Read source ID and flags; vector position selector bits0, rotation bits3, scalar camera value bits6. Store separate source/503 key pair.
0x001A8F90	function	ccs_pack_tag_0202		Read source ID and flags; six scalar curve selectors in bits0,3,6,9,12,15. Bind source/key pair, retaining first material key when another is already bound.
0x001A92F0	function	ccs_pack_tag_0102		Own-game typed scene-key parser retains a distinct source-ID/0x102 key pair and position, rotation, scale and scalar data; does not require the target runtime. EFFECT0X ANM_e0x_gard_01 has frame-zero keys for wrappers 516/517 to undefined OBJ_e0xshock01 record524.
0x001AC290	function	animation_find_by_name	unsigned int animation_find_by_name(int container, unsigned long long name, long optional)	Build name query through00116BF0, exact-record lookup001AC310 using container+28/+38; return record runtime+2C unchanged. Missing record with optional0 writes null address; otherwise return0. Used for rash b/p1 required resources.
0x001AD6A0	function	ccs_find_published_container_by_path		Derive 32-byte container key with ccs_container_key_from_path; walk published-container list609608 using next pointer+0 and name+4, return matching node or0. Selected stage acquisition341730 uses this to borrow an existing container.
0x001AD710	function	ccs_require_container	void * ccs_require_container(char *name)	Own-game normalize filename through ccs_container_key_from_path,walk published list00609608 comparing node+4 string;return matching node. Missing node writes address0 then returns0. No load request or ownership increment in this body; battle resource consumers require publication.
0x001AD780	function	ccs_container_key_from_path	void ccs_container_key_from_path(char *destination, char *path)	Own-game skip path through last slash/backslash,strip final dot extension when after basename,and NUL-terminate copied key. ccs_require_container compares this key with published node+4.
0x001ADD70	function	ccs_find_palette_texture_variants		Derive provider directory from runtime; nonzero palette variant resolves c0 and selected cN resource names, texture variant similarly t0/tN. Particle cached choice bytes4/5 select these variant indices.
0x001ADEA0	function	ccs_materialize_generator_action		Own-game packet action materializer creates generator, copies scalar state and disables emission. With resource ushort<0 registers D90 children900/E00/700; first child supplies palette/texture variants through001ADD70.
0x001AE800	function	ccs_generator_action_defer		Inferred from an exact code match with NA2 SLPS_258.37 0x001AB620. When identifier!=-1 request particle_manager_request_state(owner,identifier,2),zero action emitter pointer and set identifier -1; leave emitter on owner list; original C return unspecified and represented opaquely.
0x001AED30	function	ccs_reset_generator_actions		Inferred from an exact code match with NA2 SLPS_258.37 0x001ABD10. Walk runner list +0x04 through next +0x00 and call ccs_action_runner_reset on each; disable and rewind only,retaining emitter allocations and identifiers; recorded direct-call byte search found no BTL/ETC calls,without excluding indirect/other encodings; original C return unspecified and represented opaquely.
0x001AFAD0	function	ccs_parse_typed_blocks		Own-game type dispatcher; model800, animation700, composition900, generatorD90, packetD80, wrappersA00 and draw/camera routes; tag5 records checkpoint and publishes container at00609608. Declared lengths do not seek over delegated readers.
0x001B0CF0	function	ccs_record_from_index_unchecked		Inferred from an exact code match with NA2 SLPS_258.37 0x001AD8C0. Return container records + index*0x38 with no bounds, alignment or type check. Typed parsers can target reserved index 0 and reconstruct it despite teardown beginning at 1; valid files keep record zero unconstructed.
0x001B0DB0	function	model_copy_bounds		Inferred from an exact code match with NA2 SLPS_258.37 0x001AD8F0. Copy all twelve 32-bit words of minimum, maximum and midpoint (0x30 bytes) from source to destination; return destination.
0x001B16E0	function	ccs_read_packed_weighted_part		Own-game weighted part: for each logical vertex read8-byte influences until control bit0200; then declared influence count U32 attributes and logical vertex count U32 UV. Source control terminator checked in code; UV mask0FFF0FFF then shift4.
0x001B2580	function	align_size_in_place	void align_size_in_place(unsigned int *size,unsigned int alignment)	Inferred from an exact code match with NA2 SLPS_258.37 0x001AF100. Set size=(size+alignment-1)&~(alignment-1);composition block applies16-byte rounding separately to base,indexes,child storage.
0x001B2670	function	ccs_read_packed_rigid_part		Own-game rigid packed part: selectorU32, XYZ signedhalfword triples*vertex count aligned4, attributeU32*vertices, UVU32*vertices. UV masks0FFF0FFF then shifts4; stores source selector.
0x001B3410	function	ccs_convert_packed_model_mesh		Own-game selector2 delegate: zero second count calls rigid reader001B2670; nonzero calls weighted reader001B16E0; stores packed geometry and qword count; no new directory dependency beyond part material.
0x001B3CC0	function	ccs_read_model_vertex_arrays		Own-game ordinary arrays: reject flags804; read6 bytes per vertex then align4; read4 bytes per vertex for each clear40/200/400 suppression bit. Runtime1 changes retention of200 array without changing consumption.
0x001B41E0	function	ccs_parse_model		Parse800 model header, bone map and per-part material IDs before geometry; version123 format checked for Jiraiya body chain.
0x001B4AB0	function	ccs_load		Own-game700 wrapper reads recordID,framecount,storagecount; publishes30-byte descriptor, delegates ccs_parse_animation_tracks001A3300.
0x001B4BA0	function	ccs_parse_morpher		Own-game900 composition reads ownID,u16 childcount aligned4,childIDs then ninefloats per child at version123. Retains children and transforms. First childE00 delegates alternate composition path.
0x001B4FA0	function	ccs_parse_generator_action_packet		Own-gameD80:12-byte header ownID/animationID/u16 entries then20-byte entry generator/attachment/auxiliary IDs,parameter andu16 bytecount; rounded payload words. Linked to animation via nullable header target.
0x001B51C0	function	ccs_nullable_record_from_index		Inferred from an exact code match with NA2 SLPS_258.37 0x001B1B00. Converts zero ID to null and nonzero ID to record-array pointer; used by separate shadow-model dependency.
0x001B51F0	function	ccs_parse_generator		Own-gameD90 consumes54-byte header; attachmentID+4,32-byte parameter count lownibble byteA then8-byte childrecord count highnibble byte9 for version123. Zero child-count highnibble frees descriptor and clears runtime after parse.
0x001B5720	function	ccs_parse_extended_controller		Read fixed24-byte type1800 payload; own ID0 selects controller table default, otherwise constructs absent/sentinel record runtime and updates packed controller parameters.
0x001B5820	function	ccs_controller_table_construct	void * ccs_controller_table_construct(void *root,short first_count,short second_count)	Inferred from an exact code match with NA2 SLPS_258.37 0x001B20F0. Initialize0x10 root total/first/second counts and two pointer fields to zero;no allocation.
0x001B58C0	function	ccs_parse_morph_controller		Read own record ID and nullable linked record; allocate eight-byte descriptor and publish type1900. Retains record pointer without requiring a populated model runtime.
0x001B5950	function	ccs_parse_controller_registry		Read u16 count/alignment then eight-byte kind/record entries; kind0 constructs record type1700 and kind1 type1800, with default registry members for null record entries. First payload word is count, not an owned record ID.
0x001B5C50	function	ccs_apply_record_metadata		Read ownID,flagsU32,three nullable recordIDs; update100/A00 descriptor controllers or E00 flags/middle link. Otherwise stage2000 metadata carrier for later definition. Payload+4 is flags, not record reference.
0x001B5DD0	function	ccs_parse_scene_object		Read own,parent,model and nullable shadow IDs; install100 descriptor. Version122 adds object flags.
0x001B5F70	function	ccs_parse_external_object		Read own,parent,target IDs; installA00 wrapper and rewrite name prefixEXT.
0x001B65F0	function	ccs_parse_effect		Read E00 own/texture IDs in24-byte descriptor and UV entries; verified EFF_e0xpar00 texture65 dependency.
0x001B6D10	function	ccs_parse_material		Read own/texture IDs then alpha and coordinate halfwords; install200 descriptor when runtime0/4.
0x001B6EC0	function	ccs_parse_light		Read own record ID and two mode bytes then align; allocate12-byte descriptor, link container light list and publish600. No further asset record dependency in this payload.
0x001B7590	function	ccs_parse_image_block		Own-game reads target record without namespace-marker gate; runtime0/4 permits texture construction. Serialized flags bit20 chooses50-byte sampling_texture_chunk_construct then publishes tag300; otherwise48-byte ordinary texture. D21_30E locally fills marked TEX_sampling00 row19 via flags21 block at decompressedBB00.
0x001B7E00	function	texture_chunk_construct		Inferred from an exact code match with NA2 SLPS_258.37 0x001B4470. Construct 0x48-byte ccTexChunk and install vtable 0x005D9E90 at +0x40. | Construct caller-allocated0x48 ordinary texture;level table and pixels allocated separately. | Forward texture,record,palette record and initialization descriptor to texture_initialize_from_descriptor,return caller-supplied texture.
0x001B8020	function	ccs_read_outline_controller		Read modebyte and align then ownID atpayload+4, nullabletarget/source recordIDs at+8/+C; publish1A00. Both records retained for play drawing controllers.
0x001B8170	function	ccs_read_celshade_controller		Read three mode bytes, align, own record ID, then two nullable linked records; publish type1B00. Own ID is payload+4, not payload+0.
0x001B82E0	function	ccs_read_tone_controller		Read three mode bytes then align, ownID atpayload+4 and nullable links at+8/+C; publish1C00.
0x001B8430	function	ccs_read_composite_controller		Read modebyte then align, ownID atpayload+4; publish1D00; no additional asset link in payload.
0x001B8530	function	ccs_relation_vector_append		Inferred from an exact code match with NA2 SLPS_258.37 0x001AA970. Insert one pointer at vector end through ccs_pointer_vector_insert.
0x001B8940	function	ccs_parse_streamed_block_range		Own-game dispatch ignores declared length; FF01 changes logical boundary and checkpoint cursor. Dispatch set includes 0101 transforms,0201 materials,1901 morpher,1A01 outline,1C01 tone,0108 queued values. Checked against NA2 consumer before names carried over.
0x001B8DA0	function	ccs_frame_tag_0201		Own-game ID/flags and floats for clear2/4;version>=120 adds clear8/10/20/40,combines offset/alpha,updates resolved material vector. Checked 0x123 D27/D28 streams match NA2 field consumption.
0x001B9050	function	ccs_play_target_unchecked		Returns first word of 0x10-byte container play entry at table+ID*0x10, or zero when container+0x6C has no play table; no ID bounds/type check.
0x001B9080	function	ccs_frame_tag_1901		Own-game ID/u16 count,pad,then source-ID/weight pairs; resolve each source,omit null source,submit retained count. D27_20 and D28_20 normalized source keys/weights agree with native streams.
0x001B91B0	function	ccs_frame_tag_1801		Read fixed20-byte payload ID,Euler3float,parameter; missing play target falls back to container default projection controller; updates direction and parameter.
0x001B92C0	function	ccs_frame_tag_0101		Own-game reads ID/flags; optional position under mask0E,always Euler degrees,optional scale under380,always alpha/visibility before target lookup. Matches NA2 consumed widths and type100/D00/E00 branches with NUN4 container offsets; absent target consumes and returns.
0x001B9750	function	ccs_frame_tag_0502		Read cameraID/flags; resolved target bit0 clear consumes eight optional float fields bits2..100. Missing target consumes eight floats regardless of flags; clear fields position/Euler/scalar/parameter update active camera.
0x001B9950	function	ccs_frame_tag_0601		No targetID; read packed colorU32 and apply lowRGB bytes to container ambient vector.
0x001B9A20	function	ccs_frame_tag_0602		Read lightID/flags then Euler3float,colorU32,extra float iff flag20set; absent target consumes same widths.
0x001BA960	function	ccs_frame_tag_1a01		Own-game ID/flags;float on clear1/2;clear4 float before111 else integer. Resolved target setters at+8;absent target consumes same widths. D28_10/20 carry differing selected outline parameters.
0x001BAB00	function	ccs_frame_tag_1b01		Read ID/flags; clear2 consumes three Euler floats, clear4/8 onefloat each. Same absent-target consumption; resolved branch writes celshade direction and two parameters.
0x001BACF0	function	ccs_frame_tag_1c01		Own-game ID/flags;float on clear2/4/8 and two floats on clear10;missing-target widths same. D28_20 TSP_tone21_kbt differs from native in every frame.
0x001BAEA0	function	ccs_frame_tag_1d01		Read ID/flags; onefloat for each clear2/4/8/10. Same absent-target consumption; resolved branch updates composite drawing parameters.
0x001BB580	function	animation_player_clear_composition_links		Inferred from an exact code match with NA2 SLPS_258.37 0x001B7950. Free first-word-linked composition-list nodes,then clear player.composition_children; do not destroy supplied composition objects through this walker; return unspecified.
0x001BBCA0	function	animation_create_typed_track_evaluator		Allocates and initializes a per-entry evaluator for typed key families including0x102. animation_attach calls it only after ccs_resolve_external_record_chain returns a usable record; unresolved guard shock wrappers get zero evaluator.
0x001BC0B0	function	animation_evaluate_typed_tracks		Walk player+FC entries, descriptor+20 count; evaluate0102 position/rotation/scale/alpha and0503 position/rotation/FOV, compose and update scene/camera targets;0202 material coordinate curves and1902 morph rows have separate paths. Entry+0xC null evaluator skips the whole entry, including unresolved EFFECT0X guard shock wrappers516/517; supports decoded rash b/p1 and xrush camera coordinate interpretation.
0x001BD690	function	animation_attach_named		Inferred from an exact code match with NA2 SLPS_258.37 0x001B9930. Resolve required named object in supplied CCS container and forward player/resource/blend duration to animation_attach; screen break binds ANM_strbreak to its named objects.
0x001BD710	function	animation_attach	void animation_attach(unsigned long long player, int descriptor, long blend)	Bind descriptor/container reader; create per-track play entries and typed evaluators, resolve wrappers/providers, materialize type-specific scene/model/camera/morph children, apply descriptor relation parents. Rash constructor binds ANM_rash_b through this routine. Source record IDs are container-local references, not portable resource identity.
0x001BE630	function	animation_morph_child_construct		Construct0x114-byte animation morph child via base initializer; install vtable005EAB30, set owner flags1 and source count0. Does not dereference descriptor-linked model.
0x001BE7D0	function	animation_scene_child_initialize		Inferred from an exact code match with NA2 SLPS_258.37 0x001BA930. Initialize supplied scene child, bind ordinary/secondary models from descriptor with ordered child array/count through ccs_scene_child_bind_models, and return original child; used by animation binding to materialize external provider object models.
0x001BE860	function	animation_blend_allocate_items	undefined4 animation_blend_allocate_items(void *blend, unsigned short count)	Inferred from an exact code match with NA2 SLPS_258.37 0x001BA9C0. Store u16 count at+4,allocate count*4 pointer array at+8; return blend pointer.
0x001BF7D0	function	scene_player_refresh_renderer		Inferred from an exact code match with NA2 SLPS_258.37 0x001BB990. Forward selected renderer and scene camera to camera_output_submit with optional third matrix0.
0x001C0770	function	battle_scene_prepare	void battle_scene_prepare(void)	Inferred from an exact code match with NA2 SLPS_258.37 0x001BEA00. Session scene preparation before graph publication.
0x001C0960	function	sphere_set_active		Inferred from an exact code match with NA2 SLPS_258.37 0x001BEBE0. Activates or deactivates a CollisionSphere in the separate resident simple-sphere chain, maintaining its active flag, next pointer and global count/head/tail; list registration and query-list activation are separate operations.
0x001C3640	function	transport_ring_construct		Inferred from an exact code match with NA2 SLPS_258.37 0x001CA710. Construct0x40-byte ring; initialize descriptor/cursor state and waiter IDs-1.
0x001C3700	function	ccs_reader_bind_memory	void ccs_reader_bind_memory(unsigned long long param_1,int param_2)	Inferred from an exact code match with NA2 SLPS_258.37 0x001CA7C0. Release prior reader transport storage and bind a borrowed memory pointer at +0x2C with one descriptor slot/state 2; allocate the descriptor, publish the available span and finish it without transforming payload words. Animation binding passes descriptor reader_start +0x14 into player embedded reader +0xA0. Live jump thunk 0x001AA8C0 targets this implementation.
0x001C3830	function	transport_ring_configure_owned		Inferred from an exact code match with NA2 SLPS_258.37 0x001CA8F0. Configure transient ring with owned backing.
0x001C3930	function	transport_ring_release_storage		Inferred from an exact code match with NA2 SLPS_258.37 0x001CA9F0. Free descriptor allocation and owned data; zero descriptors,data,total,ownership. No sleeping-producer/consumer check; not join.
0x001C4A50	function	scene_output_finalize	void scene_output_finalize(unsigned long long param_1,unsigned char param_2,long param_3)	Inferred from an exact code match with NA2 SLPS_258.37 0x001CC350. ETC first linked routine ends with this(out,0,1); application interface, not MWo3 loader hook. HUD sprite submission supports sprite flags20/40 X/Y flip,does not provide rotation through this rectangle path. | Wrap one supplied byte into two-byte sequence terminated by0xFF when mode!=0 or0 when mode0,then text_draw_projected_rectangle; rectangle helpers use(geometry,0,1). Generic underlying geometry flag2 supports rotation; this wrapper does not itself set that flag. | Item-status resident renderers submit the populated reusable sprite through this wrapper with byte0 and mode1.
0x001C5D80	function	sprite_packet_setup	undefined4 sprite_packet_setup(void *sprite, void *packet)	Inferred from an exact code match with NA2 SLPS_258.37 0x001CD5E0. Construct sprite packet state without GS register0x40 SCISSOR; list clipping remains independent.
0x001C62B0	function	task_yield_updates		Inferred from an exact code match with NA2 SLPS_258.37 0x001D0000. Wait on the explicit task record: decrement a positive local count before each runtime_flags|=8 and SleepThread; when count<=0 return only if signed wake_gate<=0 and termination bit 2 is clear, else sleep again. No timer/VBlank/semaphore; count denotes sleep/wake handshakes, not duration. Resident direct-call census is 39 count-1, two count-2 and one count-3 calls; three decompiler-omitted second arguments are 1. Apparent aligned absolute 0x001D0000 words are packed scalar tables, not recovered indirect calls.
0x001C63C0	function	task_allocate_started		Inferred from an exact code match with NA2 SLPS_258.37 0x001D0110. Allocate/construct/append as dormant allocator, then task_record_start(record,0), return record; null allocation still appends and starts null; no post-start payload window. Three resident callers create SND_RPC,SND_RPC2,MC_CHECKDIR with no required creator writes after return. Retail ELF file offset0xD0210.
0x001C6460	function	task_request_termination		Inferred from an exact code match with NA2 SLPS_258.37 0x001D01B0. Control bit1 protects ordinary request. If not protected and runtime bit2 clear, set bit2 and SleepThread only when thread_id==GetThreadId; repeated request returns without sleeping; self-sleep does not set bit8. External request neither joins nor frees nor wakes manager. Eighteen resident direct requests: eleven self, seven external (three play workers plus LoadingInfo,load-context worker,SAVE SYS,MC_CHECKDIR); two-pass manager deletion follows. Retail ELF file offset0xD02B0. Set mask2 only when control+0x12 bit0 clear and flags+0x10 not already2;newly marked caller sleeps. No join/completion wait.
0x001C67B0	function	task_manager_initialize	void task_manager_initialize(void)	Inferred from an exact code match with NA2 SLPS_258.37 0x001D04F0. Allocate0x4C,construct scheduler_update_loop priority0x18 requested stack0x1000,effective0x1400; store head,force start,then store same tail. Null allocation still published and started; no teardown/reinit guard; only one resident caller engine_boot_initialize; sole head writer,never clears head. Only recovered resident/BTL/ETC context-valid core address materialization installs manager entry at0x001D0510/0x001D0514;other core functions have no static indirect references in the screened images. Retail ELF file offset0xD05F0. | Head owner at0x00607504;tail owner at0x00607508.
0x001C6820	function	task_manager_wake	void task_manager_wake(void)	Inferred from an exact code match with NA2 SLPS_258.37 0x001D0560. WakeupThread(manager->thread_id); one direct resident caller root loop engine_boot_initialize. Wake call0x001D0570;0x001D0578 epilogue is not callback; no task update/draw dispatch. Retail ELF file offset0xD0660. Ordinary task-manager wake is separate from kernel dispatcher semaphore events.
0x001C6850	function	scheduler_update_loop		Inferred from an exact code match with NA2 SLPS_258.37 0x001D0590. Run engine_root_update, then append-order eligible task lifecycle traversal when frame_gate&7==0 or control 8: defer 1 clears/starts; terminate 2 first marks observed 4, next unlinks/repairs tail, calls optional cleanup(argument), terminates/deletes kernel thread, frees stack/record; resume 0x10 clears/resumes; sleep 8 clears/wakes only for wake_gate 0. Priority 0x18->0x76; second ungated traversal consumes token 0x20, exempts control 4, otherwise spins until runtime&0x1B without timeout/status check. Restore 0x18, finish engine update and SleepThread; sentinel excluded, its token unconsumed, no root teardown. Cleanup at 0x001D0678 precedes TerminateThread 0x001D0698/DeleteThread 0x001D06A4, without selector/header checks; kernel/callback failures ignored. Resident control-read census: 40 signed/11 unsigned halfwords, only protection 1 and manager 8/4 direct consumers; two direct terminate/delete routes here and immediate removal, no third. Head/tail references stay within maintained allocation/removal/wait/find/init/wake/manager routines; installed entry only, no direct call. LoadBg has no cleanup callback for nodes/queue; inactive precedes retirement. | Retirement frees owned stack before task record; borrowed names and pointed caller-owned payload are not automatically freed by the core. | Packet lifetime order each iteration:engine_root_update submits/rotates/prepares;worker scheduling and barrier;engine_root_finish_update waits completed/aborted transfer before SleepThread.
0x001C6D90	function	title_construct		Inferred from an exact code match with NA2 SLPS_258.37 0x001DE900. Initialize title header state/result/selection/countdown to 0 and handle to -1, construct title-local auxiliary allocation, call title_initialize, return object.
0x001C8D10	function	splash_clear_children		Inferred from an exact code match with NA2 SLPS_258.37 0x001E0870. Reset/destroy/free children in reverse order,set count0,release logo.ccs; vector backing remains for outer destructor.
0x001CC460	function	transient_manager_aux_construct	void transient_manager_aux_construct(unsigned long long param_1)	Inferred from an exact code match with NA2 SLPS_258.37 0x001C4470. Construct transient manager embedded auxiliary +0x2C. | Initialize0x34-byte optional-pass block: enable u16+0x1C=1, scalar float+0x10=1.0, color word+0x0C=0x80000000; Lee/Guy constructors subsequently choose color0x80.
0x001CC4E0	function	model_extra_pass_set_blend		Inferred from an exact code match with NA2 SLPS_258.37 0x001C44F0. Replace only owner first64-bit word with model_blend_states[selector&0xff]; model constructor restricts selector0..3; neither width/color nor ordinary instance blend state changes. | No local selector bounds check; selector stored as selected8-byte table entry only.
0x001CC740	function	ccs_read_property_geometry_data		Own-game property payload bytes=(header+2 low nibble)*element width*(flag20?1:count+4), read ceil(bytes/4) words. Width by byte+1:00/07=1,01/08=2,02/09/0E/21=4,03/0A/20=8,22=64.
0x001CC9B0	function	ccs_read_property_geometry_part		Own-game model selector3: read dependencyID and property count, each12-byte property header then counted payload through ccs_read_property_geometry_data; select registered kind1 converter; releases temporary property arrays.
0x001CCBA0	function	property_geometry_create	void * property_geometry_create(void)	Inferred from an exact code match with NA2 SLPS_258.37 0x00181930. Allocate0x3c-byte geometry and initialize tag2/vtable005d9d80; converter in slot+0xc.
0x001CD550	function	battle_query_prepare	void battle_query_prepare(void)	Inferred from an exact code match with NA2 SLPS_258.37 0x001DC6E0. Session query preparation before graph publication.
0x001CD8D0	function	query_result_owner		Inferred from an exact code match with NA2 SLPS_258.37 0x001DCA40. Returns query_result_handle(result)->owner when the counterpart list handle validates, otherwise null; used by stage-prop filtering and auxiliary result classification. | Fighter contact routing uses the associated object returned from each enumerated result.
0x001CDB60	function	query_registration_activate		Inferred from an exact code match with NA2 SLPS_258.37 0x001DCCC0. Appends an inactive registration to the resident global active-registration chain and marks it active; query_process_active_pairs enumerates this chain.
0x001CE9A0	function	projectile_handle_signal	void projectile_handle_signal(int *param_1)	Inferred from an exact code match with NA2 SLPS_258.37 0x001DDA50. Deactivates/unlinks a query list, deactivates its registrations and clears result summary/count; 332 decoded direct BTL sites include projectile retirement/bounds, support notification/binding reset and script 5/16 zero arguments; pickup rejection unregisters the retained handle without releasing fighter ownership.
0x001D1A60	function	animation_alternate_output_update		Inferred from an exact code match with NA2 SLPS_258.37 0x001C7700. AnimationAlternateOutput.player at+90 must be nonnull with play_entries; advance unsigned step with owner as alternate_output,compose,and return advance result,otherwise0; no separate local pause gate.
0x001D3AB0	function	font_parse_palette		Inferred from an exact code match with NA2 SLPS_258.37 0x00184630. Allocate/read0x60-byte FontPaletteRecord (filename32 plus16 RGBA entries64) into resource.palette; allocate0x60-byte render-side CLUT at resource.clut and initialize it from rgba with format0x14,selectors0/1 and halfword constants0x330/0x310; SF1C/GF4C each104 bytes including common8-byte header; original C return unspecified.
0x001D3E70	function	audio_request_context_initialize	void * audio_request_context_initialize(void *context)	Initialize0x78 request context: word0 battle-music override=-1; four pending rows+14,stride14hex,word fields-1/pendingbyte0; three participant halfwords+A/-1,word+10=1. Return context.
0x001D3F30	function	sound_task		SOUND task allocates0x190 command context and0x78 request context,initializes/publishes request pointer gp-589C through audio_request_context_initialize; this establishes default battle override-1 before shared battle preset use. Other task sequencing outside current audio selection scope.
0x001D4190	function	audio_drain_packet		NUN4 selector0 common context->packet+30,1 player-one006B4EC0,2 player-two006B4FC0; only submit when usage word+4 nonzero; submit0x100 bytes via001DB020 then clear usage regardless of result. SOUND calls order0,1,2.
0x001D45D0	function	audio_clear_request_selector		NUN4 own code set request-context006096D4->word+6C=-1 only. Called by audio_reset_auxiliary_state.
0x001D45F0	function	audio_dispatch_pending_voice		Four pending0x14 rows; stop mono slot, then request family3 for row+20zero or SOUND family0 otherwise; clear pending.
0x001D46F0	function	audio_queue_player_voice		IDs below78 index signed cue lists4354E0; scan until-1 to get ordinal; queue ID-minus-one/member/slot in stride0x14 pending rows. Dispatcher uses family3 PLVOICE. Missing cue queues-1.
0x001D4D90	function	audio_character_bank_descriptor		NUN4 own code: direct character ID*12 plus audio_bank_set_selector()*0x3A8 added to audio_character_banks00435670; each bank set region is78 rows. Selector sound context+10==1 selects Japanese audio_character_banks_alternate00435A18; other values select English first set. Identity follows menu index0 JAPANESE/index1 ENGLISH TEX_option labels and inverse writer, not table order/default.
0x001D4DF0	function	audio_mode_bank_descriptor		Mode argument strideC plus language bank-set stride24 selects descriptor at435DC0. Combat0 EN435DC0/JP435DE4.
0x001D4E50	function	audio_setup_mode_banks		NUN4 modes1/2: queue mode bank operation4 argument0 and wait; queue character operation3 participant ID manager+84(side0),wait; queue ID manager+A4+10000(side1),wait; only afterward store participant halfwords request-context+A/+C. Modes3/4 load mode bank1 unless already selected;mode6 mode bank2; others mark-1. Each wait yields until transaction active byte clears.
0x001D5070	function	audio_dispatch_battle_event	void audio_dispatch_battle_event(int event)	When manager+50=1 and mode+54=1..4,event0 requests preset5 and toggles audio control bytes18C/23/18B. This start path has no stage-specific music decision; preset5 owns the raw-slot selection.
0x001D5230	function	audio_dispatch_music_preset	void audio_dispatch_music_preset(unsigned int preset, int argument)	Dispatch eleven music presets through0x005913C0; preset5 branch0x001D5378 selects configured override or raw-stage music.
0x001D5378	function	audio_music_preset_battle		Preset5 branch, not independent ABI: require manager; nonnegative request-context word0 overrides member on channel0; negative indexes stage_music_tracks directly by signed raw+FC without upper bound. Raw0/S01=>member4,channel0. Raw>=18 switches channel1,first requests channel0 fade/stop. No logicalID,character,random or UI setting read.
0x001D54B0	function	audio_music_fade_stop_bridge	void audio_music_fade_stop_bridge(int channel)	Forward channel and parameter2 to audio_request_music_fade_stop; preset5 passes channel0 before selecting summon channel1.
0x001D5900	function	battle_voice_control_by_object		Own NUN4 code: accept control 0..201; reject fighter+68 ID39 and negative signed program in eight-byte battle_voice_controls row; side bit fighter+60 selects packet handle006096C0 or006096D0; emit C0|channel, program&7F then F9/01 direction, conditional F9/02 and FD/10 scalar commands. No archive/member or PLVOICE request in this body.
0x001D5CC0	function	battle_voice_control_by_id		Own NUN4 code: reject ID39; remap47..56 to1,2,3,4,14,34,35,36,37,38; match stored participant halfwords request-context+A/+C or alternate selector+10 when equal; control0..201 with negative program suppressed; emit side packet C0/F9/FD compact commands. No archive/member or PLVOICE request in this body.
0x001D6600	function	audio_common_or_mode_effect_cue_row		Low selectors use4342D0; high selectors use context58 current mode and433C30 pointer table. Combat mode0 range1000..103A; BlowWatch1005 maps row4345D8 program5.
0x001D7360	function	audio_request_cinematic_cue		Own-game compact cue0..201; mode6 delegates1D7590. Other modes query cinematic participant side/ID,require selected bank IDs and actorID!=39, then C0 program command and note90 key/velocity only after append success. Uses battle_voice_controls; no PLVOICE member lookup on this non-mode6 branch.
0x001D7590	function	audio_request_compact_cinematic_cue_mode6		Map requested sound via13-element control table; choose cinematic participant identity with own remaps, then invoke compact control request1D61E0, not PLVOICE.
0x001D7CB0	function	audio_request_rpg_voice	int audio_request_rpg_voice(int slot, short partition, int member)	Inferred from an exact code match with NA2 SLPS_258.37 0x001D6010. Forward playback request with archive category2,clear request-context+0x64,return result; exhaustive direct-call search established24 ADV,zero ETC,one BTL caller with bank0x4E; indirect voice consumers remain open. | Survival event5 request from BTL006EE6A0 passes slot4E,partition25,member0; descriptor003FDFC0 bank62,variant1,count47; spoken words unestablished.
0x001D8250	function	afs_startup_load_partitions		Open4 outerarchives; family0 handle435E10 loops SOUND partitiondescriptors inmanager114 using global606FD0; other families2/3 use606FD4/6.
0x001D8570	function	audio_set_bank_set		Compare signed char argument against command-context word+10; store changed value and return whether different. audio_bank_set_selector returns1 only when stored word equals1. Sound-menu TEX_option index0 JAPANESE writes1; index1 ENGLISH writes0; persisted settings+F reloads same value.
0x001D85B0	function	audio_bank_set_selector		NUN4 own code returns boolean(sound command context006096F0->word+10 ==1). Direct-ID compact descriptor uses result*0x3A8; set0 English/set1 Japanese established by option.ccs TEX_option sprite labels and inverse audio_settings_menu_update write, persisted settings+F reloads it. UI-language index is separate.
0x001D88B0	function	audio_request_common_or_mode_effect_cue		Shared route1D8760 mode0; low selectors0..91 use4342D0 common bank short program/keyon commands. NRV001 phase1 cue59; BlowWatch initialize1005 routes selected mode bank.
0x001D8B00	function	audio_request_common_effect_cue_with_velocity		Admit via1D8760 then select signed program/packet/channel from eight-byte4342D0 common table; caller velocity clamped0..127. NRV001 state1 requests cue75 every fourth owner frame.
0x001D9070	function	sound_request_positional		Own-game inspected positional sound entry first forwards to001D8760; fallback IDs0..5A use004342D0 eight-byte descriptors and emit program/control/extended sound commands through00609710. No CCS name lookup or effect construction.
0x001D95F0	function	audio_start_tracked_common_effect_cue		Allocate one of eight scalar tokens, select4342D0 common cue and emit FD10 packet; NRV001 begin contact requests39 and retains token868.
0x001D9880	function	audio_release_tracked_common_effect_cue		Emit common FD10 update using cue row and token then release matching token in context161..168. NRV001 end contact uses39.
0x001D9D20	function	audio_stream_set_parameter		Inferred from an exact code match with NA2 SLPS_258.37 0x001D9370. Send RPC 0xA0+slot with enabled*0x100+parameter for a sound-bank slot: slot1 mode bank (after bind 0x9051, parameter 0x40/0x10), slot side+2 character bank (after bind 0x9052+side, parameter 0/1).
0x001D9E50	function	audio_request_battle_event	void audio_request_battle_event(int event)	Forward event to audio_dispatch_battle_event; shared battle_update_audio_transition calls event0 at00320D54 when pause object done,session+8 zero,result4F8=0.
0x001D9FC0	function	audio_request_sound_member		Force a3=0 and forward family/member/slot to audio_request_archive_member; ordinary/reversal UJ presentation passes family9.
0x001D9FF0	function	afs_manager_startup	void afs_manager_startup(void)	Inferred from an exact code match with NA2 SLPS_258.37 0x001D9650. Allocate startup manager immediately before loading partitions.
0x001DA020	function	audio_select_music_track	int audio_select_music_track(int bank, int track, int channel)	Reject negative bank/track/channel or channel>2; same-track idle suppresses start. Bank descriptors0x00435E10; bank0 archive0/start_parameter2. With stream gate clear call audio_start_streamed_music and retain selected track.
0x001DA180	function	audio_request_archive_member		Descriptor family domain selected by a3 via436450; family0 descriptor list435E10; member adds halfcount whenaudio context10=1 for domains0/2/3;dispatch handle/member through153970.
0x001DA360	function	audio_stop_mono_slot	int audio_stop_mono_slot(int slot)	Inferred from an exact code match with NA2 SLPS_258.37 0x001D9900. Pending replacement stop invokes mono level-960 then CRI stop.
0x001DA390	function	sound_rpc2_service	void sound_rpc2_service(void)	Inferred from an exact code match with NA2 SLPS_258.37 0x001D9930. Service called by sound_rpc2_task only after ready query nonzero and sound owner byte0x21 nonzero. | Poll three stereo then three mono via stream helper;cache manager6F4..6F6/6F7..6F9. | Visit three channels of each of two stream families through audio_poll_stream_activity.
0x001DA4A0	function	audio_request_music_preset	void audio_request_music_preset(unsigned int preset, int argument)	Forward preset/argument to audio_dispatch_music_preset. Shared battle event0 requests preset5.
0x001DA7B0	function	audio_set_music_channel_gain	void audio_set_music_channel_gain(int channel, int gain)	Inferred from an exact code match with NA2 SLPS_258.37 0x001D9D40. Forward manager,kind0,channel,gain to audio_set_stream_level, independently updating streamed-music gain.
0x001DA860	function	audio_fade_music_channel		Inferred from an exact code match with NA2 SLPS_258.37 0x001D9DD0. audio_start_music_fade(stream manager, channel, ratio, seconds, flags, 0). Live callers: ETC.BIN channel 0 only (fade to ratio 128, then back in to 256); the ELF callers are cases of the unreferenced audio_music_control_unused.
0x001DA8B0	function	audio_request_music_fade_stop	void audio_request_music_fade_stop(int channel, int parameter)	Forward stream-manager,channel,0,parameter,flag8,kind0 to audio_schedule_music_fade; requests fade/stop,not instantaneous unconditional suspension.
0x001DA900	function	audio_command_context_initialize		Initialize NUN4 0x190 command context; word+10=0 (first compact bank set), word+58=-1, bank transaction bytes+24=0/+5C=0/+5D=FF and payload+60=-1; publishes buffer/descriptor pointers. Other fields initialized in body.
0x001DAB90	function	sound_module_load		Inferred from an exact code match with NA2 SLPS_258.37 0x001DA0F0. Initialize SIF and load sndbase.irx through iop_load_module_path with zero argument length/pointer.
0x001DABD0	function	sound_rpc_initialize		Inferred from an exact code match with NA2 SLPS_258.37 0x001DA130. Bind clients IDs0x12346/0x12347, issue initial sound-service commands, clear0x00607594; command meanings beyond numeric arguments unresolved.
0x001DAE70	function	audio_load_common_bank		NUN4 SOUND startup: allocate common descriptor00435660 word1, build DATA/SNDDATA.BIN request from three words with placement5010; RPC9210; yield until completion006B52C0 equals word2; bind9050 and parameters A0/B0. Set baseline+44 and current+48 to descriptor word2+5020.
0x001DB0F0	function	audio_rpc_call		NUN4 own code reject load byte+21 or held lock+50; lock around selected RPCclient00436460+argument*8. CommandsB0/9200/9210/9400 use completion wait; command bit1000 sends caller0x40 bytes,otherwise006B52C0 0x10 bytes. Receive length40 when bit8000, F8 for80C0. Return006B52C0. Module SNDBASE.IRX byte-identical to shared NA2 import.
0x001DB2B0	function	audio_queue_bank_transaction		NUN4 own code: set active byte+24, operation+5D, reset state+5C to0; operations2/3/4 copy payload+60,0/1 set payload-1. One overwriteable transaction slot.
0x001DB350	function	audio_service_bank_transaction		If command context+24 active, dispatch operation+5D0..4; operation3 invokes audio_load_character_bank, operation4 descriptor-selected mode bank replacement; other operation bodies not classified by this scope.
0x001DB430	function	audio_stop_and_release_banks		NUN4 transaction operation0: state0 audio_release_banks; state1 wait context+52 zero; state2 clear+160,invoke001D9D80 and audio_reset_auxiliary_state,reset transaction state/active. Exact stop-service writer outside this scope.
0x001DB500	function	audio_reload_common_bank		NUN4 operation1 common-bank reload state machine: same descriptor00435660/DATA/SNDDATA.BIN,allocate word1,RPC9210,completion==word2,bind9050 placement5010,reset active transaction and ready flag. A0 parameter1040 differs startup2040; full meaning outside this scope.
0x001DBB90	function	audio_load_character_bank		NUN4 own code transaction context+60 low16 character ID/high16 side; obtain descriptor; state0->2; state2 allocate descriptor word1 per side, build request006B5380 from allocation/three words/placement and DATA/SNDDATA.BIN; RPC9400; state3 wait006B52C0==descriptor word2; state4 bind allocation+placement via9052+side, set side+2 parameters0/1, advance placement word2+10; state5 clear transaction after reset. Separate from streamed archives.
0x001DBDE0	function	audio_load_mode_bank		State machine releases prior banks, allocates descriptor header, requestsSNDDATA RPC9400, waits sample-byte completion, binds9051 and mode stream parameters; operation4 bank transaction.
0x001DC080	function	audio_release_banks		NUN4 own code resets auxiliary active bytes,requests stop via+189/+52; when retention byte+C0 clear reset placement+48 to common baseline+44 and free positive per-side allocations+34/+38 and mode+40 through IOP heap free,then zero those slots. Common bank allocation separate.
0x001DC130	function	audio_reset_auxiliary_state		NUN4 own code reset eight token bytes+161..+168 toFF, clear bank retention byte+C0 and invoke request-selector reset001D45D0. Does not erase character bank descriptor tables.
0x001DC750	function	ccs_stream_player_construct		Inferred from an exact code match with NA2 SLPS_258.37 0x001CDAD0. ccs_stream_player_construct, called by the skill-play constructor sp_skill_play_start, clears halfword +0x27c and bytes +0x281, +0x282, and +0x2da before the task starts. The constructor and task body sp_skill_play_task do not replace those initial control values. In the bounded resident direct-displacement audit, the only halfword store to +0x27c and byte store to +0x2da are the constructor clears; ccs_play_decode_worker reads +0x27c, and ccs_stream_player_add_request and ccs_stream_player_run read +0x2da. This establishes the ordinary skill-play initialization, not the absence of every possible rebased or indirect writer. Persistent player owns decoded/raw ring+8,compressed ring+0x48,embedded ungzip+0x28C and PlayRead/PlayGzip/PlayDecode tasks.16 request rows0x14 at+0x130;metadata sentinel-1 unknown,0 raw,nonzero gzip.
0x001DCBB0	function	ccs_play_read_task	void ccs_play_read_task(unsigned long long param_1)	Inferred from an exact code match with NA2 SLPS_258.37 0x001CDF10. PlayRead priority0x1D stack0x1000->0x1400,control4; payload[0] owner,[1]completion; named before start; completion then wait for external termination. Creator direct allocation call0x001CEDA4;dormant then separate start.
0x001DDFB0	function	ccs_construct_load_wrapper	void ccs_construct_load_wrapper(unsigned int *param_1)	Inferred from an exact code match with NA2 SLPS_258.37 0x001CF2B0. Initialize the 0x34-byte load wrapper: clear ownership,flags,cancel/completion,produced container,file/task/transport fields; set input/output chunk sizes0x10000 and four slots each.
0x001DE860	function	ccs_load_queue_progress	float ccs_load_queue_progress(void)	Inferred from an exact code match with NA2 SLPS_258.37 0x001CFAE0. Return completed_bytes*100/total_bytes, or -1 when total is zero. Progress changes on whole completed requests; worker exit resets counters, so durable100% is not guaranteed. Live BSS 0x006074FC is the nonresident prescan sector-byte total, initialized/accumulated/reset by the worker; 0x00607500 holds whole-request completed bytes, incremented by the worker and reset at exit. | Float return in f0;display percentage is independent of inactive queue plus idle presentation completion gates.
0x001DEBD0	function	string_nul_token	char * string_nul_token(char *text,int index)	Select index from consecutive NUL strings;ASCII advances1,nonprintable/nonASCII advances2;bg_scene_parse_records turns commas into NUL before callers.
0x001E02E0	function	transition_present	void transition_present(void *environment)	Inferred from an exact code match with NA2 SLPS_258.37 0x00186000. Submit shared transition-manager primitives from the later frame service. | Write current context to primary pool and alternate context GP-0x357C at0x00607474 to secondary pool, then draw both; pool gate remains effective. | Primary render_context receives supplied environment, secondary receives global0x00607474, then primary draw precedes secondary; local pools can independently choose contexts.
0x001E6270	function	card_format	unsigned int card_format(unsigned long long param_1,unsigned long long param_2,unsigned long long param_3)	Inferred from an exact code match with NA2 SLPS_258.37 0x001C1760. Submit full-card format and wait; return -777 for a nonnegative completed result or 9 for a negative result.
0x001E78E0	function	card_file_wait	void card_file_wait(unsigned long long param_1,unsigned long long param_2)	Inferred from an exact code match with NA2 SLPS_258.37 0x001C2B70. Forward card_rpc_wait(0,0,result_pointer) and discard its return; no-pending completion can leave the supplied destination unwritten.
0x001E86A0	function	save_worker_request_stop	void save_worker_request_stop(int param_1)	Inferred from an exact code match with NA2 SLPS_258.37 0x001E1D20. Request SAVE SYS termination then clear SaveWorker.task immediately; actual callback/free remains manager-owned. | If task exists, request termination, clear task, set operation1/status4/result0/mode0.
0x001E8700	function	save_load_begin		Inferred from an exact code match with NA2 SLPS_258.37 0x001E1D80. Set operation2,status0x0D,result0 after load path writes mode1.
0x001E8720	function	save_scan_start	void save_scan_start(int param_1,unsigned int param_2)	Inferred from an exact code match with NA2 SLPS_258.37 0x001E1DA0. Reset all four worker descriptors and schedule operation 3 for the requested port.
0x001E8790	function	save_record_select		Inferred from an exact code match with NA2 SLPS_258.37 0x001E1E10. Set operation5,status4,result0 and selected_slot; load path then resolves record confirmation.
0x001E88E0	function	save_descriptors_valid		Inferred from an exact code match with NA2 SLPS_258.37 0x001E1F50. Return 1 iff all four rows pass: occupied exactly 0/1; empty classification/checksum/play_time zero; occupied signed classification 0..4 and signed play_time 0..0x066FF2E2; ignore timestamps and payload checksum agreement.
0x001E9C50	function	profile_copy_header	unsigned long long profile_copy_header(unsigned long long param_1,unsigned short *param_2)	Inferred from an exact code match with NA2 SLPS_258.37 0x001E30F0. Copy the first eight profile bytes: discriminator, checksum and play_time.
0x001EA080	function	fighter_voice_event_list		NUN4 own code ID-minus-one indexes two-pointer pairs00436620; alternate selected by fighter predicate for IDs1/2/3/57/67/69, else base. Returned halfword event list consumed by fighter_request_descriptor_event; no PLVOICE lookup here.
0x001EA2E0	function	fighter_request_descriptor_event		NUN4 own code reject IDs62/63/74/75, modes4/5/6 and event outside0..32; events24/25 reject major5/6 or nonzero fighter+192 cooldown, otherwise set60; select fighter_voice_event_list and route selected halfword control by object or ID. Compact route; no streamed archive queue in inspected body.
0x001EA480	function	fighter_voice_pseudo_event		Own NUN4 code pseudo -2/-3/-4 draws0..3:3 suppresses,0..2 select events6..8/3..5/0..2 respectively; -1 suppresses; otherwise forwards descriptor event preserving key override and route.
0x001EA6D0	function	fighter_emit_effect_event		Map event index through436890,emit at fighter30;only extra ID17/eventC audio100F branch. Timed effects26/27 natural cleanup requests indexB,with no character-specific extra.
0x001EA770	function	fighter_schedule_action_audio		Major8 reads current action A3C, signed audioTime54, SFX50 and voice52 when category20 bit2 clear; -1 suppresses; -2/-3/-4 draw0..3 with3 suppressed and map6..8/3..5/0..2; descriptor event uses default key(-1),object1. Other majors also schedule audio.
0x001ECF70	function	rash_coordinator_auxiliary_initialize	void rash_coordinator_auxiliary_initialize(int owner)	Find fixed n_rash container00592050; allocate bound ANM_xrush01a/03a players, TEX_xrush sprite, two0x50-byte side children. Each side resolves ANM_xrush01a/02a/04a. This donor auxiliary resource set differs from NA2 fight/gear/wait/start/kizu resources.
0x001EF3B0	function	rash_parallel_animation_event	void rash_parallel_animation_event(int event)	Read event+10 scene target, update/copy target world matrix, emit position event1037; place one randomly selected shared indexed effect at target position with randomized scale1.5*(1+rng_signed_scaled(.2)), optionally effect4E at scale.5*(1+rng), step150. NA2 counterpart00208A50 uses same position formulas with its own effect identifiers.
0x001F3B90	function	input_sector_widen_state_a		Own-game exact existing-effect/form adoption;complete body has no ID25 accepting case.
0x001F3FB0	function	awakening_enter_class_seven		Require major8,current_recordA3C category20&F00000,flags24&10000,action-record(-3),phase2 and secondary timeline1D4 event0. Remove associated effects below5A reason1;apply selected_jutsu_effect182 default-1 route1;matching family sets63bit20. Shizune27/Kabuto28 take inline26/27 families; no model/identity replacement here.
0x001F4240	function	input_sector_widen_state_b		Own-game ordinary awakening entry;ID25 removes effect23 then inserts association25 from5924E8 and sets fighter63 bit20;statistics and presentation follow.
0x001F4690	function	awakening_reconcile_marker		For ordinary current IDs including Jiraiya21, check associated effect list and clear63bit20 when absent; separate specific-ID handling precedes.
0x001F4B80	function	awakening_dispatch		Own-game NUN4 dispatch of flags5922F0[id],events592340[id];ID25 flags10 routes action-progress predicate20F8B0 then ordinary entry1F4240;pause/suppression/marker reconciliation precede.
0x001F54C0	function	awakened_vertical_input		NUN4 IDs3B/40 only with byte63 bit20;up/down movement scalar table436B40/60 and gravity reset;other identities including Tsunade25 unaffected.
0x001F7170	function	puppet_trail_helper_construct		Inferred from an exact code match with NA2 SLPS_258.37 0x00210600. Initialize8-byte PuppetTrailHelper count/head to0, append caller-supplied definition count with borrowed primary/playback, return helper.
0x001F7680	function	action_initialize_default		Initialize0x64 action record: six empty displayptrs,owner0/selector1,category1,flags0,damage0,responsemult1,reaction0/reactionaux1,repeat1,aux7FFF/7FFF,fields+50..5E=-1,field60=0. Reversal initialize747F90 uses for synthetic action170.
0x001F83F0	function	timeline_construct		Inferred from an exact code match with NA2 SLPS_258.37 0x00211730. Install timeline_type_descriptor (original autogenerated PTR_PTR_005da070) in TimelineBlock.type at+20, reset via timeline_init and return original pointer; owned size24, reset/arithmetic touch00..1F and preserve type. | Original evidence resident entry00211730/file111830; ABI block in a0,pointer result v0.
0x001F8430	function	timeline_init		Inferred from an exact code match with NA2 SLPS_258.37 0x00211770. Initialize flags 0x01/0x02 and clear integer/scalar positions and the fractional accumulator. Initialize/reset scalar progress tracker | Reset reserved0,flags3,assigned/previous/current0 and previous_position/position/predicted/remainder0; preserves type, arms exact event paths without advance. | Original evidence entry00211770/file111870; ABI block a0.
0x001F8460	function	timeline_set_position		Inferred from an exact code match with NA2 SLPS_258.37 0x002117A0. Set all integer/scalar positions to caller value and zero fraction. Set all progress positions to one value | Copy signed position to assigned/previous/current and cvt.s.W result to previous_position/position/predicted; remainder0,flags=(flags|3)&FFF3,clears pending4 and bit8,arms exact events. | Original evidence entry002117A0/file1118A0; ABI block a0,signed value a1; conversion cvt.s.W.
0x001F8700	function	timeline_secondary_event_crossed		Own-game timeline crossing predicate;class7 queries secondary1D4 event0 with timeline enabled bit2/currentC/fraction1C,then general previous/current/next float crossings for nonzero event.
0x001FB1F0	function	fighter_construct_named_handle		Own-game helper retains0x90-byte descriptor/body provider/fighter,looks up first descriptor name against fighter shared sceneE5C and also common body; forwards to helpers001FB2D0/001FB3A0. Orochimaru descriptor beginsOBJ_2cmn00t0 r hand and name+20 MDL_2orc00t0 ktn0.
0x001FB2D0	function	fighter_named_handle_create_model		Own-game node helper resolves name at authored descriptor+20 against retained body provider and creates0x50 model instance; if instance and descriptor00 scene object exist,sets flags2000 and attaches model to that object. Orochimaru hand descriptor selectsMDL_2orc00t0 ktn0.
0x001FB3A0	function	fighter_named_handle_set_active		Own-game helper clears target object+A8 bits0C,or sets0C for nonzero active argument; target is node+C scene object. No broader drawing interpretation assigned.
0x001FB400	function	fighter_construct_named_handle_list		Own-game construction consumes count and0x90-byte authored descriptors at record50/54 after common model setup; allocates0x20 nodes via fighter_construct_named_handle and advances source90 per successful node. Verified Orochimaru count1 and descriptor0045C190.
0x001FB5A0	function	fighter_deliver_animation_resource_command		Installed as fighter animation player callback by fighter_load_character; forwards frame command to battle_apply_animation_resource_command.
0x001FC390	function	fighter_load_character_record		Common character initialization: copy55 record words00..D8 to fighter84..15C; ID at68,action countA28/A2A,working action baseA44/A48/currentA3C,selectors17C/17E. Classic Naruto constructor calls this with descriptor43E730. Preserved verified inline rash setup: requires2cmnbod1 and fixed n_rash.ccs via pointer006070B8; resolves ANM_rash_p1 at00592128 and ANM_rash_b at00592138,attaches b,binds OBJ_camera_dm/OBJ_target_dm at00592148/58,callback001EF3B0. No stage selector in this body. Previously named rash_parallel_animation_construct; that name covered only the inline tail. Existing clean-file comparison: donor b/p1 sections decoded0030F8/010CF0 match NA2 group0 sections003B18/011710 byte-for-byte.
0x001FCC00	function	fighter_load_character		Own-game common asset initializer: borrowed shared/body containers atE50/E54; sceneE5C,modelE58,animation playerE60. Animation names countB64/name pointersB68/outputB6C; reserved46..4D zero here; shared cmn names use shared provider,others body. Model selected by bit4,30-byte names; binds selected model to common body. Classic Naruto path checked; per-class auxiliary setup separate.
0x001FE5B0	function	fighter_copy_input_outputs		Copy input24 AC/B0/B4 to fighter328/32C/330 unless suppression/status; simultaneous logical1000 and01000000 clears01000000.
0x001FEC10	function	fighter_action_record		Signed negative local index returns current_recordA3C only in major8;nonnegative indexes working actionsA44 stride64. Class7 entry queries-3.
0x001FF0D0	function	fighter_set_major_substate		NUN4 state setter stores major state +186 and substate +188, resets state counters on change/force, and selects the 8-byte BATTLE record at 83D8D0+substate*8 for substates below 100 or the fighter-local table for higher values.
0x002002C0	function	actions_resolve_rows		Own-game row initializer copies0x4C-byte authored rows via fighterBC/C0/C4 and transforms action+60 authored index into working-row pointer. Actions0..3 select first twelve rows; configured jutsu owners use definition record+3C and six-row banks with46..4D remap. Action stride0x64; shares row stride with NA2 despite different action layout.
0x00200900	function	actions_setup_working_array		Own-game initializer copies authored actions4..count-1 and configured jutsu actions0..3 into working base fighterA44 using100-byte(0x64) stride; source definitions indexed8 at005744E4. Seven leading words comprise debug pointer,another pointer,and five locale slots08..18; later logical fields begin1C. ui_language_index selects a display slot at08+4*locale when rewriting selected Ultimate-Jutsu action4..9. Calls actions row/animation helpers002002C0/00200010. | Selected selectors+17C/+17E choose owner by jutsu_selector_character;selector1 copies null action record. First working pair imports authored0/1 for even selector or2/3 for odd;second imports0/1 for even or2/3 for odd. Source packed owner/selector word1C is copied unchanged and is distinct from actual fighter current ID68. Animation names resolve through resident selector provider,not BATTLE resource map.
0x00202100	function	fighter_apply_motion_record		Motion record consumer;valid source node kind0 allows fighter_knockback_scalar. Nonneutral source fold scales planar984 fully and vertical988 halfway,then publishes velocities and motion adjustments. Bounded effect26/27 consumer trace; wider motion flags retain own-game semantics.
0x00208BB0	function	hit_source_copy		Inferred from an exact code match with NA2 SLPS_258.37 0x00221460. Copy fixed0x50-byte prefix of GenericNode,return destination;source object copy,not attack-record/damage copy. | Copy exactly bytes00..4F,return destination; does not copy vtable50 or pointed-to allocations.
0x0020C590	function	fighter_apply_action_counter_1fa		NUN4 action +40 signed halfword initializes or clears fighter timer/counter group at +1FA..+214, with mode-dependent sign and action-flag gate. Called after forced reversal hit response; no HP subtraction in this routine.
0x0020CE00	function	fighter_hp_add		NUN4 HP add:status62bit1 clear,state61bit8 set; HP6C+=amount cap1; optional positional feedback/descriptor cue only for nonzero flags. Timed effects use0/0.
0x0020CF40	function	damage_calculate		NUN4 calculator: flags 1 attacker +140; 2 defender +144 durability curve and nonzero staged tier +78; 10/20 effect factors; 100 attacker +164 and defender +168 stored factors. Attacker comes from defender+20. Clamps result 0..1.
0x0020D3D0	function	damage_apply_cinematic		NUN4 cinematic wrapper calculates with flag 100 only, then debits defender normalized HP +6C. Manager mode +54==2 floors HP at .01; otherwise flags62 bit1 suppresses subtraction, HP<=0 clamps zero and clears flags61 bit3. Returns defeat status.
0x0020DDF0	function	chakra_staged_gate		Triangle gate rejects fighter160,exchangeAF0,pairedB00,nonzero coordinator phase,effect flag helper002D0950,short7C,current/pending jutsuF00000,absent UJ config180; accepted stage checks affordability and major/substate. Separate staged74 pool from ordinary jutsu costs.
0x0020F5F0	function	fighter_enter_attached_state		Inferred from an exact code match with NA2 SLPS_258.37 0x00227200. Select state0/2 through setter then set state_flags80 and status_flags10;return setter result.
0x0020F660	function	fighter_effect01_post_cleanup	void fighter_effect01_post_cleanup(int param_1)	Inferred from an exact code match with NA2 SLPS_258.37 0x00227270. Always follows paired effect0/1 removal attempts.
0x0020F8B0	function	fighter_action_progress_gate		Own-game gate major186=0,substate188=3,short946=0;requested phase18A and frame1D4 event. Jiraiya ordinary awakening passes(2,0,0).
0x0021ABF0	function	fighter_select_hit_response		NUN4 response selector reads action byte +3C, grounded/airborne state and retained-source repeat context to return the major-5 substate. fighter_apply_hit_response calls it with its synthetic source/action on the reversal route.
0x0021B950	function	fighter_set_response_orientation		NUN4 selects fighter orientation fields97C/97E/980 from response substate and source-facing helpers; for substate3A synchronizes all three, for38/39 changes97C/97E only.
0x0021BC60	function	fighter_apply_hit_response		Own-game response dispatch reads synthetic source category andaction record,selectsreaction,appliesresponse/pauses andrecordsprovenance;reversal_deliver_fighter_hit callswithforcedsource.
0x0021C590	function	reversal_deliver_fighter_hit		Own-game synthetic source/action hit entry;admission checks opponent flags,liveprojectilemanager,228pause andmajorstate6;publishes source,response record and dispatchesnormal hitresponse.
0x0021D8A0	function	response_apply_table_timing		NUN4 ordinary response timing and damage consumer. Uses retained action +34 float divided by nonzero signed +3E repeat count. Requires fighter flags61 bit3, action category +20 bit1000000 clear, flags+24 bit2000000 clear, and excludes major5 substates40..47. Flags133 when category&C0000 clear and action+60 nonzero, else122; damage_calculate result debits HP+6C with mode2 .01 floor and ordinary zero clamp. Called by response_update_ordinary on event0.
0x0021E030	function	response_update_ordinary		NUN4 ordinary response update queries event0 at fighter+1B0 and then calls response_apply_table_timing. Advances response motion/timing and posture-dependent orientation; response state comes from major5 and substate188.
0x0021EF50	function	response_update_posture_5b_60		NUN4 per-update posture responses5B..60. Substate5F first event calculates fixed raw .05 with flags122 and debits HP; other branches update velocity and orientation.
0x002220F0	function	action_select_record		Scan jutsu slots first then fixed slot19 or ascending ordinary records using category20, continuation28 and signature2C, stride64; major8 payload10 stages continuation in A2E; blocker002D12A0 is zero.
0x002225A0	function	action_scan_jutsu_slots		Require staged chakra74 nonzero and special_admission; scan4..9 for categoryF00000, normalized signature and affordable30, retaining highest index; major8 stages A2E.
0x002227E0	function	action_stage_chain_slot		Modes1..3 scan10..18 for signature and nonempty category/flags masks from action_build_chain_masks, affordability and zero blocker; stage first at A2E.
0x00222B60	function	action_entry_allowed		Reject action-lock24C; majors0/1 native-substate gates,2/3/4 accepted,5 substates59/5A or mode2,6 sub5E cursor>=3 or5D>=8,8 rejects categoryC0000.
0x00222DA0	function	action_current_chainable		Major8 current category excludesF00000; flags380 nonzero and current phase payload10 required.
0x00222E20	function	action_selector_mode		Mode0 with attached effect0/1; no exchange=>mode1 only chainable major8; roles100/400/1000 choose2/3/2 with pendingA2E empty and valid opponent window; otherwise-1.
0x00223110	function	action_select_from_signature		Logical family3F000, no queuedB24, nonnegative selector mode, paired intercept zero and entry allowed; grounded2/air4 plus height20/40/80, direction and button families; select, validate, dispatch; retry clearsF0000.
0x002237C0	function	action_dispatch_index		Reject zero category/blocker; jutsuF00000 adds special-admission gates; validator0 rejects,1/-1 accepts,2/3 prepare companion; pay nonzero cost then fighter_set_major_substate(8,index,mode).
0x002241B0	function	action_stage_outcome_continuation		Current source record==opponent recovered record and outcomeA30==1 scans continuation28/currentA2C+signature08000000; validate3 dispatch else flags02000000 immediate or pendingA2E. Pending normal requires no exchangeAF0 and payload20; categoryC0000 skips ordinary exit; chain1000 delegates exchange.
0x00224F60	function	action_reselect_allowed		Major8 current category2, motion class9AA=3,stage9AC=2,updates9B2>=5 permits immediate selection; other active major8 ordinarily stages continuation.
0x0022A660	function	action_build_chain_masks		Mode1 category1000 and current flags380 maps80/100/200 to400/800/1000; modes2/3 use opponent/current1C00 groups and random category2000/4000.
0x0022DFE0	function	action_validate_candidate		CategoryF0000:40000/80000 concrete jutsu,10000/20000 startup requires continuation signature08000000 and combined cost; other categories return-1. Status/effects, affordability, grounded family, override and outcome/section gates produce0/1/2/3.
0x0022E8C0	function	jutsu_slots_rewrite		Own-game tier from marker20 in fighter+63,elseHP+6C<=0.5;category1/3/2;slots4..6 or class7 slots7..9;selected record manager+98+side20,cost signed byte9 independent of tier.
0x0022EDA0	function	special_admission		Reject fighter160, effect helper002D0950,short7C,exchangeAF0; otherwise allow missing current record or current category excludingF00000.
0x00231DA0	function	fighter_control_block_initialize	void fighter_control_block_initialize(void *fighter, Nun4FighterControlBlock *block, int preserve_defaults)	Null block uses fighter+B30. Initializes twelve halfwords through fighter_control_block_initialize_primary and fighter_control_block_initialize_tail.
0x00231E10	function	fighter_control_block_publish	void fighter_control_block_publish(void *fighter, Nun4FighterControlBlock *block)	Copies12 halfwords to fighter+B30..B46 then mirrors them at+908..91E. Jiraiya constructor publishes initialized block with value_10=2,value_12=16 (default tail value_12=12). Meanings of controls not established.
0x00231F50	function	fighter_control_block_initialize_primary		Initializes block offsets00,04,08,0C,0E to0; preserve_defaults=0 sets02=20,06=24,0A=0.
0x002325D0	function	fighter_control_block_initialize_tail		Initializes14/16=0; preserve_defaults=0 sets10=2,12=12.
0x00232FC0	function	fighter_consume_logical_input		After node/input guard copy local logical328; guard then Triangle chakra staging then rewrite route then action_select_from_signature then jump/section consumers. Orochimaru9 does not take ID59/64 exceptions.
0x00233790	function	fighter_update_state		NUN4 fighter update dispatches major state+186: major5 calls response_update_ordinary and major6 calls response_update_posture_5b_60, then advances shared fighter services and the auxiliary controller. The forced reversal hit enters major5 through fighter_set_major_substate.
0x00236980	function	fighter_report_condition_event		Index4-byte row437570 by arg1; gated fighter/control state forwards its bytes0/1 andhalfword2 to1142C0 on retained child64. No sound/descriptor/PLVOICE request in this body. Orochimaru FOR000 calls indices0E/13; these calls do not establish voice producers.
0x00238150	function	fighter_initialize_battle_position		NUN4 common vtable0C;read initial transform from BATTLE6EBDA0,reset movement/contact state and eight position samples,request base action0/0/0.
0x00238450	function	fighter_update_action_state		NUN4 common vtable10;awakening_dispatch precedes jutsu rewrite and action/input maintenance;later clear byte63 bit1,set61 state bits.
0x002387B0	function	fighter_update_auxiliary_state		NUN4 common vtable14;node bit4 gates generic effect/projectile maintenance and embedded poolE94 virtual10,then concrete fighter virtual28.
0x00238880	function	fighter_update_movement_state		NUN4 common vtable18;node/suppression gates collision/movement maintenance,virtual2C and channel6;sample history ring length32.
0x00238EB0	function	fighter_coordinator_set_state	void fighter_coordinator_set_state(int param_1,unsigned int param_2)	Inferred from an exact code match with NA2 SLPS_258.37 0x0024E380. Store +0x14 state and zero +0x18/+0x1C/+0x20, retaining borrowed participant pointers. Set coordinator selector; construction initializes1, so graph existence alone does not admit Practice menu.
0x0023B8E0	function	fighter_virtual20_noop		NUN4 Tsunade vtable slot20 points here;checked raw instructions jr ra;nop.
0x0023BE60	function	camera_registry_construct		Inferred from an exact code match with NA2 BTL.BIN 0x006D5640. Construct 0x18-byte ccCameraCtrl generic-list registry with current and previous pointers at +0x10/+0x14. | Construct primary index0/bit0 ccCameraCtrl,0x18 bytes, vtable005DDB40; phase callbacks006D59D0/006D67A0/006D67C0.
0x0023D0A0	function	battle_owner_construct	void * battle_owner_construct(void *owner)	Inferred from an exact code match with NA2 BTL.BIN 0x00709240. Construct the four-part battle owner; allocates ccCommandCtrl into +0x04. Construct 0x10-byte owner and four subobjects including standalone field controller at +0x0C. Zero four hub pointers and allocate registries through 0x007092E0; hub is 0x10 bytes. | Construct0x10-byte primary array owner and call battle_allocate_registries.
0x0023D500	function	battle_create_camera	long battle_create_camera(int *param_1)	Inferred from an exact code match with NA2 BTL.BIN 0x00709660. Check camera registry, create initial 0x1D0 node and insert via 0x006D57A0; when count becomes 1 write generic node root selector +0x10 zero.
0x0023D8E0	function	field_create	long field_create(int arg1)	Inferred from an exact code match with NA2 BTL.BIN 0x00709A20. Allocate 0x90-byte ccField, construct it and append to standalone controller. Allocate 0x90 ccField, conditionally construct then append; new node guarded but destination registry not guarded.
0x0023DA30	function	generic_node_destroy		Inferred from an exact code match with NA2 BTL.BIN 0x00709B60. Restore base vtable, clear live marker +0x02, optionally free node. Restore generic-node vtable,clear live marker; free node only for positive deleting flag.
0x0023DA90	function	game_object_ctrl_construct		Inferred from an exact code match with NA2 BTL.BIN 0x00709BC0. Construct embedded ccGameObjCtrl at field +0x60; its vptr is at field +0x6C. Initialize u32 count +0x00, head +0x04, tail +0x08, vtable +0x0C. Generic embedded count/head/tail/vtable list.
0x0023DAC0	function	list_phase_slot_0c	void list_phase_slot_0c(void *list)	Inferred from an exact code match with NA2 BTL.BIN 0x00709BF0. Generic list slot +0x0C phase. Invoke each registry node virtual +0x0C during graph initialization. Walk node virtual +0x0C start; called once across hub registries after graph construction. Generic node0C pass. Node start vtable0C once after graph build;not round reset.
0x0023DC20	function	list_phase_slot_14	void list_phase_slot_14(int *param_1)	Inferred from an exact code match with NA2 BTL.BIN 0x00709D60. Generic list slot +0x14 phase. Invoke each node virtual +0x14. Generic node14 pass. Capture count/head at entry,call node14,fetch next after callback;no generic flag gate/removal contract.
0x0023DCA0	function	list_phase_slot_18	void list_phase_slot_18(int *param_1)	Inferred from an exact code match with NA2 BTL.BIN 0x00709DE0. Generic list slot +0x18 phase. Invoke each node virtual +0x18. Generic node18 pass. Capture count/head at entry,call node18,fetch next after callback;no nodeflag test/return removal;no general current-node self-destruction safety.
0x0023DE10	function	game_object_ctrl_destroy_members		Inferred from an exact code match with NA2 BTL.BIN 0x00709F40. Walk member list and invoke member virtual destructor. Save each next pointer and remove/destruct every node, proving list ownership. Clear via virtual destructors without changing status removal reason.
0x0023DF20	function	input_record_init		Inferred from an exact code match with NA2 BTL.BIN 0x006EF390. Clear a history record; the last two bytes are padding. | Stores zero to held/pressed/released,left/right angle and both magnitude bytes; preserves2padding bytes and does not touch owning ring indices,logical publication or fighter history.
0x0023E070	function	input_object_construct		Inferred from an exact code match with NA2 BTL.BIN 0x006EF4E0. Outer input-object constructor; installs defaults and constructs the history. Construct 0xC0-byte ccCommand generic node, install vtable, initialize owned storage, then bind side/input through 0x006EF600.
0x0023E330	function	input_bindings_reset		Call input_bindings_apply with default_battle_bindings004375D0.
0x0023E360	function	input_bindings_apply		Copy eight signed halfwords to input+68..76; input_bindings_reset supplies004375D0.
0x0023E3C0	function	input_direction_in_sector		Zero magnitude accepts selector0/1 only; jump table00593900 selector2 pi,3 zero,4 pi/2,5 -pi/2,6 input88,7 opposite,14 input84,15 opposite; wrap then angular_distance_in_sector tolerance/2. Raw jump arms verified via MCP bytes because decompiler omits them.
0x0023E6C0	function	input_history_match		Ring history scan skip then distance+1 records, held/pressed/released selector0/1/2; pressed diagonal combines held directions; filter then subset or exact comparison; no record clamp.
0x0023E9C0	function	input_build_logical_mask		Input bindings68..76:press0=>08000000,1=>1000,2=>10000 plus direction/doublepress,3=>01000000,4=>02000000,5=>04000000;held6/7=>10000000. Sectors2/3 up/down10/20,6/7 opponent40/80,14/15 facing100/200; command table0/1=>400/800. Suppress zeros outputAC/analogB0/B4. NUN4 binding5 differs from NA2 linked attack20000000.
0x0023F210	function	command_tables_evaluate		Two groups at00437620 count2 each,12-byte steps; direction pressed match maskedF000, facing swaps left/right, distinct history records unless step-2; complete group with largest nearest-age wins, tie keeps earlier.
0x0023F580	function	input_reset_angle_thresholds		Inferred from an exact code match with NA2 BTL.BIN 0x006F09E0. Restore the default angular thresholds. Restore +0xA8 = 0x3FC90FDB (pi/2, 90 degrees) and +0xA4 = 0x40278B7F (approximately 5*pi/6, 150 degrees). Generic input initialization also calls this.
0x0023F5A0	function	input_history_advance		Advance ring9C moduloA0; compute input88 from fighter20 and opponent24 positions including Z via horizontal distance and camera sign/yaw,84 from owning fighter orientation48 relative to camera; consumed by input_direction_in_sector6/7 and14/15.
0x0023FBF0	function	command_ctrl_construct	void * command_ctrl_construct(void *ctrl)	Inferred from an exact code match with NA2 BTL.BIN 0x006F0F90. Construct the ccCommandCtrl list owner. Construct 0x10-byte ccCommandCtrl owning generic registry for two per-side input objects. | Construct primary index1/bit1 ccCommandCtrl,0x10 bytes,vtable005DDD10; phase callbacks006D67E0/006D67A0/006D67C0.
0x0023FDA0	function	timed_effect_destroy		Restore common vtable5EBC30,run timed_effect_cleanup,base generic node destruction and free for positive deleting flag.
0x0023FEF0	function	fighter_id_001_create		Own-game MCP body: allocate0x5C70 bytes; if nonnull call naruto_classic_construct at0023FF40 with descriptor; Classic Naruto definition slot1. Other selected slots not audited here.
0x0023FF40	function	naruto_classic_construct		Own-game Classic Naruto constructor: common base001FB5C0,vtable005EBBE0,descriptor0043E730; writes record4C/30/40 to fighterED0/1140/2400 then fighter_load_character_record001FC390; failure sets node bit0; final helper002400D0.
0x0024A840	function	orochimaru_create		Own-game definitionID9 factory allocates0x5910 bytes; nonnull calls orochimaru_construct0024A890.
0x0024A890	function	orochimaru_construct		Own-game ID9 constructor installs vtable005EBA30,descriptor00460D60; record4C/30/40 pointers to fighterED0/1140/239C; writes record50=1 and record54=OBJ_2cmn00t0 r hand at0045C190; calls fighter_load_character_record. Additional hand-name dependency beyond ordinary appearance/animation arrays.
0x0024A960	function	orochimaru_destroy		NUN4 Orochimaru ID9 deleting destructor; restores concrete vtable, common cleanup/base destruction, frees complete allocation only when signed delete flag positive.
0x0024A9E0	function	orochimaru_update		NUN4 Orochimaru ID9 vtable +1C; flags60 bits5..8 gate BATTLE routine 006EA010; returns zero.
0x0024AA20	function	orochimaru_update_sword_chain	void orochimaru_update_sword_chain(unsigned long long fighter)	ID9 channel5 helper; six floats fighterA50..A64. Actions34/35 reset/retract/extend extent, target600 at action34 phase0 event9; smoothing duration6, retract5. Ten bone names00460DB0, nine consecutive pairs resolve in fighterE60; update local transforms, clip segment by00203E60 with A60/A64. Query parameter meanings unassigned.
0x0024B170	function	orochimaru_channel2_noop		ID9 callback slot1; own bytes jr ra,nop.
0x0024B180	function	orochimaru_channel3		NUN4 Orochimaru ID9 callback slot2; dispatches authored compact voice and positional sound events, action31 row halfword overrides and named-handle reset. Secondary phase1 actions4/5/6 frames6/8/7 request pseudo events6/7/8 plus sound index2C; action1B phase1 frame9 descriptor event14hex selects control/program23 plus sound index10, frameB sound index23. Sound indices go through fighter_emit_effect_event001EA6D0 to sound_request_positional, not CCS effects. Action1F phase1 frame5 pseudo-2 selects6..8, phase0 frame13 pseudo-3 selects3..5; draw3 suppresses. Concrete fighter offsets; not NA2 ID89 equivalent.
0x0024B7A0	function	orochimaru_hit_response		NUN4 Orochimaru ID9 callback slot3(source,receiver,mode); actions19/1A/1B/1C/20 specialize return response; mode2 can write receiver990/998/99C multipliers.
0x0024BA00	function	orochimaru_channel5		NUN4 Orochimaru ID9 callback slot4; gated flags invoke sword visibility helper0024AA20 and actions22/23 modify named scene object's matrix.
0x00260930	function	jiraiya_create		NUN4 Jiraiya ID21 definition factory at00574588; allocate58F0 and construct00260980 only when nonnull.
0x00260980	function	jiraiya_construct		NUN4 ID21; base001FB5C0; vtable005EB7A0; descriptor00495F60/record00495E80; install embedded name/actions/rows atED0/1138/2330; load record; obtain control vector00231DA0 then set halfwords2,10 and write00231E10.
0x00260A70	function	jiraiya_destroy		NUN4 ID21 vtable+08; common record cleanup001FC9B0/base001FB830; heap free00118090 for positive delete flag.
0x00260AF0	function	jiraiya_update_ai		NUN4 vtable+1C; fighter+60 bits5..8 nonzero -> battle_ai_update006EA010. Returns0.
0x00260B30	function	jiraiya_virtual20_noop		NUN4 Jiraiya vtable+20; exact MCP bytes jr ra,nop.
0x00260B40	function	jiraiya_virtual28_noop		NUN4 Jiraiya vtable+28; exact MCP bytes jr ra,nop.
0x00260B50	function	jiraiya_channel2		NUN4 ID21 callback slot1; predicate0020F8B0(fighter,1,30,1) then battle_advance_action_phase006FBF40.
0x00260BA0	function	jiraiya_channel3		NUN4 ID21 callback slot2; action branches4/5/6/27/28/29/31/32; action32 phase1 can advance through006FBF40; emit voice/event/effect helpers and scene anchor0059FBB0. Action4 phase1 event9 effect20/voice6; action5 phase1 effects26/event0,20/event10 and voice7; action6 phase1 effect26/voice7. Different from NA2 ID83 channel3.
0x00261280	function	jiraiya_hit_response		NUN4 Jiraiya ID21 callback slot3; action branches24..29,31/32/35/36/39/40. Returns response values-1/29/2A/2E/30/31/33/36/3E; mode2 conditionally writes receiver990/998/99C response scalars. NA2 ID83 differs.
0x002616A0	function	jiraiya_channel5		NUN4 callback slot4; current ID21 uses actions28/29 frame gates then named scene lookup005A9260; non-ID21 jutsu-owner dispatch uses005A9318 OBJ_2jryh00t0 instead. Updates matrix+40..7C and dirty byte8D.
0x00262C90	function	tsunade_regeneration_effect_create		Registered effect23 ccPlConSpl25A factory; allocates C0 and invokes tsunade_regeneration_effect_construct. NA2 counterpart effect_22_create.
0x00262CF0	function	tsunade_regeneration_effect_construct		Generic timed-effect construction then installs vtable005EB750; no extra child allocation or fighter identity change.
0x00262D30	function	tsunade_regeneration_effect_destroy		If owner+64 nonnull requests successor effect24/default -1/route1 before generic cleanup and node destruction; no removal-reason gate; positive deleting flag frees. NA2 effect22 destruction requests23.
0x00262E00	function	tsunade_regeneration_successor_create		Registered effect24 ccPlConSpl25B factory; allocation C0 then specialized vtable only.
0x00262E60	function	tsunade_regeneration_successor_construct		Generic timed-effect construction then installs005EB730; no private entry work.
0x00262EA0	function	tsunade_regeneration_successor_destroy		Generic cleanup/base destruction and optional deleting free; no successor request.
0x00262F50	function	tsunade_create		ID25 factory allocates5D30 and calls tsunade_construct for nonzero allocation.
0x00262FA0	function	tsunade_construct		Base001FB5C0; final vtable005EB700; descriptor004A0070 writes names work+ED0,actions+1150,rows+2474; mode byte5D28 seed1 then mode0; hold cooldown16 threshold12 cap90. No additional heap allocations in this constructor.
0x002630B0	function	tsunade_destroy		Restore own vtable; common cleanup001FC9B0 then base destruction001FB830(fighter,0),free00118090 only positive deleting flag. No separate class-owned heap child cleanup.
0x00263130	function	tsunade_ai_update		Virtual1C; controller nibble fighter60>>5 nonzero calls BATTLE006EA010;return0.
0x00263170	function	tsunade_virtual28_noop		Own-game raw bytes jr ra;nop at263170;no receiver access.
0x00263180	function	tsunade_set_mode		Mode byte5D28; category field+20/action stride64; mode0 enable1E/1F/24 disable20/21/25/26;mode1 reverse;hold cap90/60. Unlike NA2 ID84 mode0 performs no current-action cancellation.
0x00263350	function	tsunade_channel2		Only actual current ID25 accepted; fighter byte63 bit20 chooses mode1/0 through tsunade_set_mode.
0x002633B0	function	tsunade_channel3		ID25 execution callback; action-specific timeline voice/effects including action1D hold-ratio flag400000/800000,action24 event20 outcome gates,action26 authored range6..23,event7 voice;6/1/event0 and1A/event20 resolve foot bones to effect.
0x002642D0	function	tsunade_hit_response		Source callback chooses fVar8=1 for ID25 else1.5; returns response override by local action; receiver+990/+998/+99C written only response mode2;action1D uses input-ratio constants00607198.
0x002648C0	function	tsunade_channel6		Two transient local records through embedded pool+E94; action6 phase1 events11..12 and action1A phase1 event0 seed records;float74 *=0.95 each pass;effect and feedback consumers.
0x00264C70	function	shizune_create		Definition27 factory; allocate0x5D00,call shizune_construct if nonzero.
0x00264CC0	function	shizune_construct		Shizune27: base001FB5C0,vtable005EB6D0,descriptor004A59A0; animation/action/row buffers+ED0/+1154/+24DC. Input fields16/10/60 versus NA2 Shizune85 16/5/60; do not copy fighter layout.
0x00264ED0	function	shizune_channel1		Charge major0/sub3/phase1 HP/chakra cadence; additional charge particles and1020/101F audio not in checked NA2Shizune85 channel1.
0x00265600	function	shizune_channel2		Fighter action timeline audio/effects; changed throw producer selector31 vs NA2Shizune85 selector37; NA2alone action0/frame1 positional event1030.
0x00265BB0	function	shizune_channel3		Action-dependent response and hitfactor publication to target990/998/99C; donor fighter layout.
0x00265F80	function	kabuto_create		Definition28 factory; allocate0x5570,call kabuto_construct if nonzero.
0x00265FD0	function	kabuto_construct		Kabuto28 base001FB5C0,vtable005EB6A0,descriptor004AA3A0; animation/action/row buffers+ED0/+1120/+2250; own state5560..556F and helpers00266150/00266240.
0x00266430	function	kabuto_channel1		Charge major0/sub3,946 zero,phase2,secondary event0 calls HP/chakra cadence helper0020FA80 with0.125/5. NA2Kabuto90 slot1 is jr ra/nop.
0x002664E0	function	kabuto_channel2		Action26 donor primary events13/22 and pseudo voice-2, NA2Kabuto90 events4/13 andvoice-4; action4 donorsecondary0 vsNA2secondary5.
0x00279690	function	naruto_nine_tails_create		NUN4 ID47 factory from definition slot47; allocates0x5B20, calls naruto_nine_tails_construct.
0x002796E0	function	naruto_nine_tails_construct		NUN4 ID47 descriptor004ED880/vtable005EB400. Embedded namesED0/actions1124/rows2380. Owns0xA0 composition5B08 from commonE50 named005B23A0,0x120 controller5B0C,0x50 texture animation5B04 from bodyE54 named005B23C0; attaches via name005A0DE0. Failure sets node bit0.
0x00285390	function	kidomaru_stage2_hit_response		Inferred from an exact code match with NA2 SLPS_258.37 0x00289A90. ID 53 hit-response callback (source, receiver, mode); -1 keeps the authored response. Calls hit_repeat_value and returns -1.
0x00292560	function	naruto_create		NUN4 Naruto Uzumaki ID57 definition factory; allocates0x5E60 then calls naruto_construct002925B0. Confirmed definition slot57 at005746A8.
0x002925B0	function	naruto_construct		NUN4 ID57; descriptor0051CE70, vtable005EB200, embedded namesED0/actions1144/rows2468. Clears private state5DB4..5DBB/5E50..5E53, initializes cooldown16/threshold16/cap30, borrows three named animations from bodyE54 and optional0xA0 composition at5E54; invokes naruto_initialize_private_state00292900. Resident/body-specific closure differs in addresses/layout from NA2.
0x00292FC0	function	naruto_clone_motion_update		ID57 private action dispatcher maintains inline A50 clone movement state plus additional5DD0 state for two-clone actions;frame gates and action definitions drive anchors,velocity,model transforms and auxiliary positioning. Selected body-named constants51CEC0..CF7F/607238..2C8.
0x00295860	function	naruto_private_update		ID57 channel5 calls clone motion and event helpers00292FC0/002963E0;action-dependent named clone model replacement uses cached body5DBC versus primary mesh descriptor,0x50 instances and appearance texture/palette rebinding.
0x00295C80	function	naruto_channel1		ID57 callback slot0 forwards selector22 to shared action helper00232070.
0x00295CB0	function	naruto_channel2		Own-game ID57 HP<=.15, effect43 absent,root flag62 bit1 clear and coordinator state0 -> apply effect43 lifetime-1 route1. NA2 Naruto analogous callback uses effect39.
0x002960E0	function	naruto_channel3		Own-game ID57 local action30 event9 emits1005/facing;2B event7 emits13/38;2A approaches opponent under outcome/facing/distance/vertical gates;1B event37 emits1005;22 event0 restores facing;1F event12 effect/vector/3B. Same checked action/event structure as NA2 naruto_channel3 with different offsets/callees.
0x002963E0	function	naruto_clone_event_update		ID57 private event-driven clone positioning,model transforms and projectile-handle ownership;action1D caches5DB4/5DB8 and named bone5B7DB0,restores position from live handle and applies native body flags. Other actions use named skeleton nodes5B7400..5B7DFF.
0x002978A0	function	naruto_hit_response		NUN4 ID57 local action25 repeat branch mutates source damage/action response fields; effect43 checks on16/17 and mode2 receiver scales990/998/99C. Translation required; NUN4 response numbers differ from NA2.
0x00297C60	function	naruto_channel5		Active/pass gate delegates to naruto_private_update, which owns the checked clone motion, event and model-rebinding paths.
0x002B9F50	function	fighter_id_070_destroy		Inferred from an exact code match with NA2 SLPS_258.37 0x002C6630. Character ID 70; restore 0x005DA650, run common cleanup 0x00215720 and base destruction 0x00214840(object,0), then free complete 0x5870-byte allocation via 0x00117000 only for positive signed 16-bit delete flag; return object.
0x002BBED0	function	effect_4a_create	void effect_4a_create(unsigned long long param_1,unsigned long long param_2)	Inferred from an exact code match with NA2 SLPS_258.37 0x002C8420. Specialized ccPlConSpl71 factory for effect4a; allocation E0; E0-byte node owns two40-byte presentation objects;primary always0,secondary14 specialized.
0x002C1DC0	function	naruto_second_stage_particle_initialize		NUN4 ID73 particle owner1C stores fighter; binds EFF_nrwpar00 from bodyE54; constructs3 particle instances with definitions565A80/565AC0/565AE0 and disables each initially.
0x002C20D0	function	naruto_second_stage_particle_update		NUN4 ID73 three particle enable/position updates; disables on owner mode2 or successful actions1/3 of either actor; owner position plus facing-dependent offset feeds instance270..27C; delegates particle positions to002C1F10.
0x002C2340	function	naruto_second_stage_create		NUN4 Naruto second-form ID73; definition slot73 factory allocates0x6170 and calls naruto_second_stage_construct002C2390.
0x002C2390	function	naruto_second_stage_construct		NUN4 ID73 descriptor00565A30/vtable005EAEE0; embedded namesED0/actions114C/rows24D4. Owns two0x120 arm controllers6118/6138 from ANM_pnwvarm1/2;0x1C particle owner6160; common CMP_2cmn00t0 trall composition6154,0x120 auxiliary controller6158,MDL_2kyw00t0 body instance6150 and TEX_enwv_cel descriptor60D0. Cooldown16/threshold12/cap60. Calls naruto_second_stage_particle_initialize002C1DC0.
0x002C2810	function	naruto_second_stage_destroy		Release two arm controllers, particle owner6160 via particle_destroy, auxiliary controller6158, composition6154 and model6150; then common asset cleanup, render descriptor60D0 teardown and base; conditionally free object. Borrowed body/common providers not explicitly destroyed here.
0x002C29D0	function	naruto_second_stage_auxiliary_update		Vtable24: synchronize auxiliary controller6158 with primaryE60; update auxiliary model; action1B drives two arm controller records6110/6130 by event constants565B30 and distance, otherwise mark both state2.
0x002C2D50	function	naruto_second_stage_draw_auxiliary		Vtable28: position auxiliary6158, temporarily publish render descriptor60D0 then draw auxiliary and active arm controllers6118/6138, restore saved6100 descriptor.
0x002C2EE0	function	naruto_second_stage_register_arm_hitbanks		Vtable2C: major8 record bank flag2, no restore/context block and action1B selects6118/6138 across event interval607640; for two banks invokes native auxiliary bank registration using selected arm controller and phase row.
0x002C3050	function	naruto_second_stage_update_auxiliary_model		Class action events toggle body nodes5BF890/B0/D0 flags1808000;renderdescriptor alpha60F8 oscillates using607648/50 and direction6104,with fallback. Vtable24 calls it after syncing auxiliary animation.
0x002C3BE0	function	naruto_second_stage_private_update		Channel5 private action/event dispatcher maintains A50..A64 motion state,object matrices and named-bone motion;uses helper2C3AF0,pose nodes and collision projection. Different callback action map from NA2 ID73.
0x002C4D10	function	naruto_second_stage_channel1		Callback slot0 forwards action1C then requirescurrentID73;on visible root transition,marks particle owner6160+5=1 and disables three particle handles.
0x002C4E00	function	naruto_second_stage_channel7		Only current ID73: save shared render descriptor pointer to fighter+0x6100 and publish fighter+0x60D0; other IDs return without writes. Complete leaf has no calls.
0x002C4E40	function	naruto_second_stage_channel2		Require currentID73 then update owned particle state6160 via naruto_second_stage_particle_update.
0x002C50D0	function	naruto_second_stage_channel3		NUN4 ID73 action-specific primary/secondary event dispatch for IDs6,17..20,22..24,26,29,2A,31; effect/contact/voice helpers and row flag toggles. Action1B arms voice/effect events; action17 toggles current action+24 flag20000 and rejection+40 using6076C0/C8; others use565D10..565E48 descriptors. Requires translating action IDs and timelines.
0x002C5E30	function	naruto_second_stage_hit_response		NUN4 ID73 callback3 returns -1 or2C/2D/2E/31 by local action17/1B/1F/20/23/31 and repeated-hit/timeline/receiver gates; mode2 writes receiver990/998/99C scales. Different response numbering and action map from NA2 ID73.
0x002C62A0	function	naruto_second_stage_channel5		NUN4 ID73 active/pass gated private update002C3BE0 plus auxiliary-body foot node transforms from names005BF910/930. Detailed private helper closure not fully established.
0x002CDD60	function	effect_classify_id		NUN4 ranges0..C=>0,D..56=>1,57..59=>2,5A..64=>3,65..74=>4;other-1.
0x002CDE80	function	timed_effect_construct		CommonC0 effect constructor, installs5EBC30; copies effect definition6Cstride fields, applies initial retained debits and optional slowdown.
0x002CE1A0	function	timed_effect_cleanup		Reason0 classes1..4 emit fighter effect event0B;size88!=1 restores target1 via animated or immediate path. Shizune26/Kabuto27 have neutral size and no private resources or inverse scalar writes.
0x002CE2F0	function	timed_effect_tick		Decrements positive lifetime; eligible effects receive additional status-mask debit. At zero calls detach callback and virtual expiry method, returns removal request.
0x002CE420	function	timed_effect_expiry_noop		Common timed-effect vtable+1C entry, verified jr ra/nop. No character-specific expiry callback.
0x002CE430	function	timed_effect_apply_final_debits		Apply retained effect HP/chakra debit at expiry before virtual expiry method.
0x002CE4F0	function	fighter_two_list_construct	unsigned long long fighter_two_list_construct(unsigned long long param_1)	Inferred from an exact code match with NA2 SLPS_258.37 0x00304F40. Construct embedded owning lists at fighter +0x8C4 and +0x8D8. Construct gameplay and auxiliary embedded lists.
0x002CE600	function	fighter_remove_timed_effect		Reason-dependent list unlink; protects lifetime -2 and can postpone a matching active major-state8 effect to lifetime1.
0x002CE7F0	function	fighter_insert_timed_effect		Replace same-ID node unless permanent -2; allocate commonC0 timed effect or authored factory, add list and optional lifetime override.
0x002CEAA0	function	fighter_remove_effect_id		Walk fighter8B4 counted list through8B8 and next1C;for exact node68 effect ID invoke2CE600 with supplied removal argument.
0x002CEB50	function	fighter_clear_timed_effect_classes		Remove classes0/1/2 using requested reason; clear cached parameter state at8DC/8E0/8E4.
0x002CEF50	function	fighter_update_timed_effects		Own-game pause/action gates; iterates timed list count+8B4/head+8B8, ticks nodes and asks list removal on expiry, then refreshes list parameters.
0x002CF220	function	fighter_apply_timed_effect		Index-specific effect insertion with class/propagation checks, default lifetime when-1; actors ChakraKBT000 use0/200,DeadSoulKBT001 use6/600,PoisonSZN001 use7/default.
0x002CF540	function	fighter_apply_inherent_form_effect		NUN4 IDs47..56 apply ID+2B effects7A..83 with lifetime-2; IDs73..75 apply ID+1B effects64..66 with lifetime-2. Exact ID73 effect64 differs from NA2's effect-domain numbering.
0x002CF5D0	function	effect_apply_hp_contribution		Signed HP router for NUN4 entry/exit/aggregate; status62bit1 clear,restore gate22DF30 and contribution blocker22DF80 both fighters0. Bound-1 skips optional per-call bound; positive calls fighter_hp_add flags0/0,negative debit; no recovery-factor or action-rate multiply.
0x002CF770	function	effect_apply_chakra_contribution		NUN4 signed chakra router: status62bit1 clear,restore22DF30 and both contribution blockers22DF80 zero; bound-1 skips limit. Positive credit20D670 or negative spend20D9D0; successful debit exactly15 clears fighter74 and calls20E3C0.
0x002CF980	function	fighter_has_effect_id		Return exact effect-ID68 presence in fighter8B4 count/8B8 list,next1C.
0x002CFA00	function	effect_major8_hold_allowed		Only queried ID1B is a direct match; query-1 searches node68 ID1B in list8B4/8B8. Generic removal can defer only that ID during major8; Shizune26/Kabuto27 never take hold.
0x002CFF10	function	effect_resolve_duration		Own-game negative duration preserved;nonnegative effect>=D converted integer-to-float-to-integer;lower IDs use table5C0DD0.
0x002D0170	function	fighter_projectile_scalar		NUN4 attack node74 additive fold1+sum(value-1),lifetime6C!=0,list8B4/8B8,next1C; upper cap2. damage_calculate flag10 multiplies source fold; no identity/marker gate.
0x002D0220	function	effect_defense_factor		NUN4 defense node78 additive fold1+sum(value-1),nonzero lifetime,list8B4/8B8;lower cap0.25. damage_calculate flag20 multiplies max(0.1,2-fold);no identity/marker gate.
0x002D02D0	function	fighter_effect_rate_factor		NUN4 node7C rate additive deviations from1,cap1.25;nonneutral returns1 for22DF30 gate,major5/6,or major8 with22DEE0 category gate. List/lifetime govern,not marker.
0x002D0430	function	effect_jump_height_factor		NUN4 active-node80 additive deviations from1,no local clamp;list8B4/8B8,lifetime!=0.
0x002D04B0	function	effect_hp_contribution		NUN4 timed-list8B4/8B8 reducer:sum nodeAC only lifetime6C!=0;positive boundary maximum nodeB0,negative minimum; suppress positive only ownerHP6C>boundary,negative only HP<boundary. Same scalar semantics as NA2 effect_hp_contribution with list offsets translated.
0x002D05D0	function	effect_chakra_contribution		Sum active node+B4 recurring chakra deltas, using positive max or negative min boundary+B8; suppress positive when owner chakra>bound, negative when below bound. fighter_update_timed_effects forwards result through effect_apply_chakra_contribution.
0x002D06F0	function	effect_hp_recovery_factor		NUN4 active-node8C additive deviations from1,no local clamp;neutral for effects26/27.
0x002D07E0	function	effect_chakra_recovery_factor		NUN4 active-node94 additive deviations from1,no local clamp;effects26/27 carry neutral1 in this column.
0x002D08D0	function	fighter_knockback_scalar		Active node84 additive fold1+sum(value-1),no local clamp,list8B4/8B8. Own-game fighter_apply_motion_record consumes source fold:planar*fold,vertical*(1+0.5*(fold-1)) when nonneutral;effects26/27 supply1.1.
0x002D0C90	function	effect_apply_outcome		Inferred from an exact code match with NA2 SLPS_258.37 0x00307690. Exactly effect_apply(fighter,effect,-1,1). effect_apply(fighter,effect,-1,1) wrapper Caller-supplied effect default-1 route1.
0x002D1070	function	jutsu_staged_cost_override_noop		Own code returns0; action_scan_jutsu_slots therefore always requires cost<=staged_chakra.
0x002D1290	function	action_chain_blocker_noop		Checked own code returns constant0; chain scan passes fighter,action pointer,0.
0x002D12A0	function	action_candidate_blocker_noop		Checked own code returns constant0; select/validate/dispatch pass fighter,index,mode.
0x002D12E0	function	jutsu_animation_archive_name		Own-game body returns filename pointer at00573D98+selector*12; actions_setup_working_array uses it with configured jutsu selector to obtain animation provider. Previous character_portrait_bank name was an incorrect short-function cross-game match; this body does not use a portrait table.
0x002D1310	function	jutsu_selector_display_name		Configured selector row573D90 stride12 word4 action pointer; return action+8+ui_language_index*4. Jiraiya42/43 select authored action1/3.
0x002D1490	function	jutsu_selector_character		Own-game code returns selector>>1 when positive,otherwise0; actions_setup_working_array and actions_resolve_rows use result as character-definition owner. No portrait-ID interpretation.
0x002D14D0	function	effect_clear_removal_request	void effect_clear_removal_request(void *record)	Inferred from an exact code match with NA2 SLPS_258.37 0x00308050. Virtual1C clears only removal_flags24 bit0 during reset.
0x002D1500	function	camera_main_construct		Default record 5749F0; with manager bind raw byte +FC; stage pointer +194, previous +198.
0x002D16D0	function	camera_bind_stage_record	void camera_bind_stage_record(void *camera, int slot)	Save camera+194 to +198 then assign stage_camera_records_by_slot[slot]; no bound or ID conversion.
0x002D1790	function	camera_set_tracking_counters		Set main-camera counters+16C/+16E: request-1 clears both,1 sets first to9,2 clears second.
0x002D17F0	function	camera_stage_track		Record +4C differing-section elevation, +50 same-nonzero-section elevation, +28/+2C distances; no S01-specific branch.
0x002D2350	function	camera_select_target		Mode 0 midpoint, modes 1/2 fighter; submode 0 clamps target c0 to record +30/+34.
0x002D2760	function	camera_compute_fit		Shared fit; record +54 ==1 disables spread contribution. No stage-specific branch.
0x002D31B0	function	camera_place_eye		Record +38/+3C edges, +28/+2C distances, +48 lateral scale, +40 height cap; shared fighter-section branch.
0x002D3970	function	camera_main_track		Eye smoothing reads record 0/4/8/C; transfer branches multiply first by 1.5 or halve medium.
0x002D3CA0	function	camera_main_finish_track		Target smoothing reads record +14/+1C/+20/+24; record +10/+18 are not read here.
0x002D40E0	function	camera_node_allocate	void camera_node_allocate(void)	Inferred from an exact code match with NA2 BTL.BIN 0x006DDE10. Allocate 0x1D0-byte ccCamera01 node and initialize via 0x006D6800. | Allocate 0x1D0-byte ccCamera01 then call camera_node_initialize when allocation succeeds.
0x002D4D80	label	stage_logical_id_call_002d4d80		IDs 18/12/2 select one surface effect; ID1 takes default.
0x002D4E08	label	stage_logical_id_call_002d4e08		IDs 7/13 select special surface variants; ID1 default.
0x002D4EF0	function	battle_splash_particle_palette_offset		Own memory words0000102D,03E00008,00000000: move v0,zero; jr ra; nop. Return zero; wave selects particle choice81, not a stage-dependent palette.
0x002D4F00	function	battle_start_particle		Resolve existing generator handle,clear actor37 then forward battle_particle_activate39C0F0; Jiraiya contact emitter uses this entry.
0x002D4FE0	function	battle_apply_animation_resource_command		Kind8002: values<4B request shared effect dispatch;200 conditionally start side attachment helper,201 stop it. Forward all commands to BATTLE interaction_create_jutsu_from_command; Orochimaru donor authored values35/512/513 and278/279 use these distinct branches.
0x002D5210	function	battle_request_shared_effect		When transient manager exists, forward index/position/direction/owner to battle_dispatch_shared_effect; frame command8002/35 uses this path.
0x002D6010	function	battle_effect_context_construct		Constructs 0x31F0 shared effect context; primary/secondary/ground pool owners start at +434/+47C/+4BC with vtables 005ED2A0/005ED270/005ED240. Twelve renderer descriptors occupy +2980 with stride 0x40; auxiliary jutsu presentation borrows descriptor +2A00.
0x002D6B50	function	effect_pool_destroy		Inferred from an exact code match with NA2 SLPS_258.37 0x0030A830. Array-delete using wrapped_resource_destruct, clears pool records/head/capacity0/4/8; bypasses retirement countdown.
0x002D7DC0	function	battle_start_attached_effect		For enabled side selector0..3 construct0x6C helper from fighter scene and selector, bind via attached_effect_initialize and register side slot.
0x002D7F00	function	battle_stop_attached_effect		Mark existing side attachment helper ending and increment its end counter, then set side selector=-1; command8002/201 selects this path.
0x002D7FB0	function	battle_attached_effect_enabled		Return true only for side attachment selector0..3 at transient manager+30BC+side*4.
0x002D8BD0	function	battle_effect_context_initialize_pools		Calls virtual +0C setup for pool owners at context +434/+47C/+4BC and registers each owner for update/draw; secondary pool slot 4 is context +4B4/+4B8.
0x002D9200	function	battle_dispatch_shared_effect		Gate shared effect index below3F then dispatch through005C3200 pointertable. Index35 points002D9560; this branch is outside this routine's currently mapped Ghidra body.
0x002D9560	label	shared_effect35_dispatch_case		Jump-table005C3200 index35 target from battle_dispatch_shared_effect. Command8002/35 in Orochimaru donor body/CHA1 requests this arm; its descendant provider is not established by mapped routine.
0x002D9870	function	effect_resolve_common_resources		Zeroes 0x90 common-effect slots, resolves rows 0..0x5E from effect0x and 0x5F..0x8F from particle by name; row 28 stores EFF_e0xstar00 at 0x006B64B0.
0x002DA980	function	battle_secondary_visual_pool_initialize		Builds five prebound transient pools with resources 3,4,5,6,7 from 00575F40; counts 4,4,2,1,4. Owner is context +47C, so slot 4 supplies context +4B4/+4B8 and resource 7 ANM_e0x_gard_01.
0x002DAB10	function	battle_ground_visual_pool_initialize		Builds 21 ground pools using counts 00575F60 and transient resource IDs 44..64 at 00575FC0; context owner starts +4BC, first slot +4D4 corresponds ground ID 50. Resource mapping matches battle_acquire_ground_effect fallback.
0x002DB270	function	indexed_effect_release		Inferred from an exact code match with NA2 SLPS_258.37 0x0030EBC0. Release wrapped resource and clear occupied byte1B1 before controller unlink. | Calls wrapped_resource_release and clears occupied1B1; controller owns subsequent unlink, record remains reusable.
0x002DB9C0	function	transient_bind_typed_resource		Type2/3 allocates0x60 sprite binding; type0 allocates0xA0 model; type1/4 allocates0x120 animation player and optional0xA0 auxiliary model. Retain type/resource/owned child at+19C/+1A4/+1A0. Secondary pool row7 is type1 with null auxiliary and calls animation_attach(player,ANM_e0x_gard_01,0), whose unresolved shock entries are skipped.
0x002DBD70	function	transient_bind_effect_resource		Index 24-byte resource row at 5751A8 and runtime cache at 6B6440; resolve compound type 6 through its constituent indices, dispatch typed binding, retain resource index at owner +198.
0x002DE7F0	function	battle_surface_debris_bind		Choose resource from battle_surface_debris_resources[7*(effect_context_bit()&1)+surface_variant];bind via transient_bind_effect_resource;14 resource IDs111..124. Called by battle_emit_surface_debris.
0x002E07F0	function	effect_wash_construct		Inferred from an exact code match with NA2 SLPS_258.37 0x00315100. Constructs ccEffWash,installs vtable005DC620 with descriptor005C8AF0/name005A6418;activation uses byte40.
0x002E0DBC	label	stage_logical_id_call_002e0dbc		ID10 special; ID1 default.
0x002E14B0	label	stage_logical_id_call_002e14b0		Logical IDs 5/10/9 have special handling; ID1 takes default.
0x002E1538	label	stage_logical_id_call_002e1538		Logical IDs 5/10/9 have special handling; ID1 takes default.
0x002E1D30	label	stage_logical_id_call_002e1d30		Logical IDs 5/10/9 have special handling; ID1 takes default.
0x002E1E20	label	stage_logical_id_call_002e1e20		Logical IDs 5/10/9 have special handling; ID1 takes default.
0x002E2050	label	stage_logical_id_call_002e2050		Logical IDs 5/10/9 have special handling; ID1 takes default.
0x002EA590	function	tsunade_release_event		Called by Tsunade channel3 local2E phase1 secondary event0;checked instructions jr ra;nop.
0x002F61F0	function	renderer_owner_construct		Inferred from an exact code match with NA2 SLPS_258.37 0x00329740. Construct embedded renderer at owner+0x1C0 through renderer_construct; distinct from owner's two drawing-environment renderer slots.
0x002F73E0	function	attached_effect_initialize		Resolve selected anchors in borrowed fighter scene; selector0/2/3 binds transient25 EFF_e0xfire01,selector1 transient77 ANM_e0x_bom_00. Even anchor rows create descriptor005762D8 particle using cache11 EFF_e0ybom01.
0x002FEC80	function	battle_emit_primary_impact		Variant0..4 selects transient resources0/1/2/37/38 from5765C0; acquire pooled/fallback primary, restart player. Variants0..3 also acquire secondary resources3..6.
0x002FEEB0	function	battle_acquire_primary_impact		Map resources0/1/2/37/38/33 to six prebound primary slots; on exhaustion bind same resource through transient fallback.
0x002FF0A0	function	battle_acquire_secondary_impact		Map resources3/4/5/6/7 to prebound secondary slots and acquire idle actor; return0 when unavailable, no fallback.
0x002FF230	function	battle_emit_impact_with_ground		Clamp impact variant0..4; emit primary through2FEC80; optional ground actor uses5765E0 five-ID table indexed by0017E420 result, with variant-specific color/height.
0x00300620	function	fighter_awakening_presentation	void fighter_awakening_presentation(int arg1)	Inferred from an exact code match with NA2 SLPS_258.37 0x00334FF0. Item status dispatcher calls once before first row effect,not for empty rows. Allocate a 0x44-byte presentation node retaining the fighter at +0x40; insert through the optional effect manager, then unconditionally emit position event 0x30 at fighter+0x30.
0x00301B60	function	surface_effect_spawn	void surface_effect_spawn(undefined4 arg1,undefined4 arg2)	Inferred from an exact code match with NA2 SLPS_258.37 0x00336630. Spawn requested count of surface/background effect variant; LandingTree passes count10.
0x00301B90	function	battle_emit_surface_debris		Tsunade ID25 jutsu0 surface code 00D000 calls this with count30; allocate310 transient nodes, configure through battle_surface_debris_bind, register effect context. No direct CCS lookup here.
0x00301F90	function	battle_emit_surface_contact_visual		Surface 0/1/2/3 selects ground IDs 55/60/59/58 respectively, mapping to transient resources 49/54/53/52: effect0x ANM_e0x_kin_00/gasi_00/zan_00/zasyu_00. Sets transform and surface-dependent scale; other surface values do not establish an additional valid selection.
0x00302120	function	battle_acquire_ground_effect		IDs32..46 use pooled manager actors or fallback; fallback maps ID through5C3AC8 then binds global resource. Jiraiya Needle Jizo37 maps31.
0x00304F3C	label	stage_logical_id_call_00304f3c		Logical IDs 5/10/9 have special handling; ID1 takes default.
0x003052C8	label	stage_logical_id_call_003052c8		IDs5/10/9 select coordinate exceptions; later ID2 selects a surface branch. ID1 takes defaults.
0x00305410	label	stage_logical_id_call_00305410		Logical IDs 5/10/9 have special handling; ID1 takes default.
0x003076D0	label	stage_logical_id_call_003076d0		Logical IDs 5/10/9 have special handling; ID1 takes default.
0x00307D7C	label	stage_logical_id_call_00307d7c		Logical IDs 5/10/9 have special handling; ID1 takes default.
0x00308554	label	stage_logical_id_call_00308554		Logical IDs 5/10/9 have special handling; ID1 takes default.
0x0030C2D8	label	stage_logical_id_call_0030c2d8		Logical IDs 5/10/9 have special handling; ID1 takes default.
0x0030C530	function	battle_emit_contact_visuals		Calls battle_emit_aura_and_secondary_visual with scale selected from 00576A10; probes nearby surface, and on success calls battle_emit_surface_contact_visual. Kabuto jutsu-1 uses this routine with scale-table index 0.
0x0030C6F0	function	battle_emit_aura_and_secondary_visual		Acquires transient resource 33 effect0x ANM_e0x_aura_00, sets transform/scale/angle and restarts typed playback. Also acquires prebound resource 7 effect0x ANM_e0x_gard_01 from context +4B4/+4B8.
0x0030C9B0	function	battle_create_smoke_helper		Allocates0x470 transient helper selected by variant0..3, registers it with battle context; Tonton passes variant0 and audio flag0, selecting constructor0030CBB0 whose update emits transient resource26 EFF_e0ysmok03a through low/high branches.
0x0030CBB0	function	battle_smoke_helper_construct		Variant-zero0x470 smoke helper constructor selected by battle_create_smoke_helper; installs vtable005EBDA0, initializes64 tracked handles, stores input transform+450 and clears age/low/high emission accumulators+460/+464/+468.
0x0030CCF0	function	battle_smoke_helper_update		For first four age steps invokes battle_emit_smoke_low/high from independent emission accumulators; tracks64 transient handles, schedules fades and removes helper after emissions finish, handles finish and age exceeds15. Both emitters use transient catalog26 EFF_e0ysmok03a.
0x0030D0E0	function	battle_emit_smoke_low		Emits up to requested count while helper count +440 is below 64; each transient binds resource 26 EFF_e0ysmok03a. Uses lower initial offset and randomized velocity.
0x0030D600	function	battle_emit_smoke_high		Counterpart to battle_emit_smoke_low; emits transient resource 26 effect0x EFF_e0ysmok03a with higher initial offset and randomized velocity.
0x00312D00	function	stage_slot_logical_id	int stage_slot_logical_id(unsigned int slot)	Raw slots 0..17 return slot+1 through 18-case jump table 005C3C80; case 312D28+10h*n loads n+1. Unsigned values >=18 return 0. S01 raw 0, logical 1.
0x003158D0	function	battle_initialize_particle_resources		Build101 cached eight-byte particle choices from definitions576C00 (provider/name/alias/render flags), then publish609790 and generator60978C.
0x00315EE0	function	splash_find_resource		Inferred from an exact code match with NA2 SLPS_258.37 0x001E7EB0. Borrow loaded splash container from path-pointer table0x00603060 by index through ccs_find_container.
0x00315F10	function	splash_release_resources		Inferred from an exact code match with NA2 SLPS_258.37 0x001E7EE0. Find and destroy logo.ccs container when present; called after reverse child destruction.
0x00315F80	function	frontend_load_common_ccs		For five startup paths at 00578DF0, checks existing published container and synchronously loads absent CW2, EFFECT0X, GAUGE, PARTICLE and SHADE. This establishes load requests, not all later retention.
0x00316140	function	battle_queue_fighter_ccs		Own-game per-side1/2 selector resource path verified:mask4 handles BOTH configured selector words at manager+side*20+70/+74 when>1,uses resident jutsu_animation_archive_name and builds paths at manager+side*F0+238/+256; stores new-load handles+1E8/+1EC. Synchronous or already-present branch calls00117B90; absent deferred branch001DE750. Other file-family semantics outside this narrow comparison.
0x00317130	function	battle_load_ccs		Check/load fixed n_rash.ccs at 005C5980 in synchronous or queued preload before stage; no group selector.
0x00317820	function	battle_request_reversal_resource	void battle_request_reversal_resource(int resource_index)	Own-game deferred battle resource path atBATTLE0083ABE0+index*4 thenkickloadqueue.
0x00319FB0	function	effect_aux_visual_destroy		Release two owned players64/68 and40-byte composition60,base node destruction,optional free;not timed gameplay removal.
0x0031A090	function	effect_aux_visual_construct		Borrow mode1cmn, own two120 players for side ANM_mode1name_01/02 and ANM_mode1name_ca; selected side resource supplies MDL_mn_panel/MAT_joutai and TEX_mode1name1/2. Tsunade effects23/25 choose name2/name1, successor24 selector-1 skips binding and sets countdown10. No gameplay-node backpointer.
0x0031A740	function	effect_aux_visual_update		Independent private countdown:initial-1 advances owned players;primary completion sets3;finite countdown decrements and returns1 below1. Does not query timed gameplay effect lifetime.
0x0031A860	function	effect_aux_visual_draw		Scope global draw environment to owned composition60;prepare renderer;submit camera child68 and primary64;restore global. Independent side-label presentation.
0x0031A920	function	effect_aux_visual_create		For classes1/2 allocate80 ccMode1Panel node, owned40 render descriptor plus null-source owned2B0 renderer, players64/68, countdown6C=-1; delegate side/control-selector/effect construction. Independent of gameplay node; selector-1 still allocates visual.
0x0031BD80	function	battle_request_reversal_transition	void battle_request_reversal_transition(int character_id, int side)	Own-game requiresmanager state accessor003261B0==1;setsflag80,manager+FE=reversalresourceindex and+4F5=side+1.
0x0031D2E0	function	battle_rebuild_for_pending_reversal		Own-game tears down session,backsupfighterstate;pendingstageFE andside4F5 nonzero saveoldstageFD,selectstageFC,enqueueit;shared pending form handling thenstate11.
0x0031E1F0	function	battle_create_graph		Own-game creates session graph;manager submode2 allocates8-byte reversalowner006097E4 andcallsBATTLEreversal_game_create_for_entry withentry/side/CPU flag;constructspausecontrollerafter.
0x0031E9D0	function	battle_reversal_phase_update		Own-game submode2 sequence:timerexpiry setsroute6/state2;wait reversal_game_update returns1,wait30,setstate4 andrequestselector17;waitinactivepause=>state5.
0x00320AC0	function	battle_update_audio_transition	void battle_update_audio_transition(void *session, unsigned char *transition_flag)	Shared battle-state audio transitions. Tail00320CF8 runs even when manager+14 is nonzero: pause-controller+10 clear/session halfword+8 zero sets+8=-1 and clears controller bit1; result+4F8=0 then requests battle event0 at00320D54, selecting preset5. No rawslot/logicalID/character music selection here.
0x00320EA0	function	battle_session_update		Own-game session update:submode2 state5 ordefeat flags requestpendingoldstageFD,clearreversalside4F5,setroute10;preservesordinaryphaseandpauseupdates.
0x00321560	function	bindings_get	short * bindings_get(int side)	Inferred from an exact code match with NA2 SLPS_258.37 0x001F3F10. Return the configured eight-binding array for a controller side. Support glyph consumes configured halfword index5 (byte offset0A) using side+1,Linked Attack binding.
0x003219A0	function	profile_ability_construct	unsigned long long profile_ability_construct(unsigned long long param_1)	Inferred from an exact code match with NA2 SLPS_258.37 0x001E35C0. Call ability_bits_reset(object,0) and return the ability object.
0x00322340	function	battle_select_stage_submode		Own-game stageFC in18..24 selectsmanager submode2;otherwise selects1 andclears pendingFE.
0x003223B0	function	battle_manager_set_submode	void battle_manager_set_submode(void *manager, int submode)	Own-game stores manager+58.
0x003223C0	function	battle_manager_submode_matches	int battle_manager_submode_matches(void *manager, int submode)	Own-game compares manager word+58 withrequestedvalue.
0x00323390	function	profile_roster_available		Own NUN4 resident manager+4 profile, status bank atprofile+8; forwards characterID to0039CF30 then masks bit0. Used by character_select_refresh_availability; no own manager null check.
0x003234C0	function	profile_status_clear	void profile_status_clear(int param_1,unsigned long long param_2)	Inferred from an exact code match with NA2 SLPS_258.37 0x001F5610. Clear the complete indexed character_status byte.
0x00323530	function	profile_status_mark_bit1	void profile_status_mark_bit1(int param_1,unsigned long long param_2)	Inferred from an exact code match with NA2 SLPS_258.37 0x001F5640. Set indexed character_status bit1 while preserving other bits; inspected consumers do not establish its semantic meaning.
0x00323630	function	battle_stage_is_unlocked	int battle_stage_is_unlocked(void *manager, int slot)	Forward manager child+4 then child+8 and unchanged a1 raw slot to profile_stage_is_unlocked;return its Boolean v0 unchanged.
0x003237C0	function	battle_restore_fighter_snapshot	void battle_restore_fighter_snapshot(void *manager, int side, unsigned int flags)	For side 1/2 or -2 for both: flag 1 restores fighter HP +6C from manager+D8+side*C; flag 2 restores chakra +70 from manager+DC+side*C and applies the nonnegative saved effect at manager+E0+side*C.
0x00324AA0	function	profile_ryo_set	void profile_ryo_set(int param_1,long param_2)	Inferred from an exact code match with NA2 SLPS_258.37 0x001F6F00. Write the manager-owned profile ryo at +0x34 with upper cap 9,999,999 and no lower floor.
0x00324BA0	function	profile_small_set		Inferred from an exact code match with NA2 SLPS_258.37 0x001F7000. Forward raw small store manager.profile+8.
0x00324BD0	function	profile_small_get		Inferred from an exact code match with NA2 SLPS_258.37 0x001F7030. Raw small byte,count not Boolean/stage bit;prior6 direct BTL calls(0C DC 07 0C),none ETC;22..31 unresolved. | Reader call001F7040,ELF offsetF7140,clean1C8E070C;resident/BTL consumers.
0x003257C0	function	profile_scalar_set	void profile_scalar_set(int param_1,unsigned int param_2)	Inferred from an exact code match with NA2 SLPS_258.37 0x001F7560. Forward the supplied scalar to profile+0x0DF8 through the raw main-block store; reset writes zero.
0x003260E0	function	roster_character_valid		Own NUN4 fixed exclusion predicate returns1 for8,20,23,24,26,29,30,31,32,33,62,63,74,75; otherwise0. Orochimaru9 is accepted. Do not use native NA2 exclusion set,which rejects9.
0x00326230	function	character_is_transformed		Own NUN4 predicate recognizes47..56 and73..75. Orochimaru9 returns0. Character-select cell traversal/count uses it to skip transformed rows.
0x00326300	function	character_to_transformed		Complete forward map agrees with checked NA2 helper pairs; neither input21 (Jiraiya) nor a linked Jiraiya form appears; otherwise0.
0x00326520	function	character_to_base		Inverse map includes47..56,73,74,75; otherwise-1. No Jiraiya-linked form.
0x0032B0F0	function	item_pickup_list_present	void item_pickup_list_present(void *owner)	Inferred from an exact code match with NA2 SLPS_258.37 0x00374D90. Scheduler bit8 second-phase consumer on nonnull session.secondary_owner. Session lower-panel draw consumer after update,independent draw mask100.
0x0032C150	function	item_remove_random_inventory_to_world		Choose side inventory by param3;iterate requested count,exclude sole kind6 item;otherwise random non-kind6 entry is removed then emitted through32A8D0 with mirrored angle and40 argument. Donor Tsunade jutsu1 calls three times,count1,mode20,lifetime10,angle25.
0x0032C690	function	item_inventory_point	void item_inventory_point(int param_1,unsigned long long param_2,long param_3,unsigned long long param_4)	Inferred from an exact code match with NA2 SLPS_258.37 0x00376110. Pickup state8 supplies side index and code;select manager side panel and request point;no fighter pointer retained in pickup.
0x0032C6E0	function	effect_notify_application		Search twelve rows578E50 stride8;match dispatches nonzero signed notification byte for side0/1. Complete rows effect IDs0/2/3/4/5/6/8/9/7/B/A/C;effects26/27 have no notification match.
0x0032C8E0	function	item_flag80_get	bool item_flag80_get(int param_1)	Inferred from an exact code match with NA2 SLPS_258.37 0x003763D0. Metadata flags80 selects alternate action path.
0x0032C9A0	function	item_kind6	bool item_kind6(unsigned int param_1)	Inferred from an exact code match with NA2 SLPS_258.37 0x00376480. Return whether item metadata category6;decrement routes use it before sentinel/arithmetic,protecting native infinite entries.
0x0032CA00	function	item_direct_effect_get	unsigned short item_direct_effect_get(int param_1)	Inferred from an exact code match with NA2 SLPS_258.37 0x003764E0. Return signed16 metadata direct effect ID,-1 means none. | Signed direct-effect halfword in item_metadata_table; item0C effect0B;item29 kind3 flags0180 effect0A.
0x0032CA80	function	item_amount_get	float item_amount_get(unsigned int param_1)	Inferred from an exact code match with NA2 SLPS_258.37 0x00376560. Return metadata amount float.
0x0032CAD0	function	world_object_kind_get	unsigned char world_object_kind_get(unsigned int param_1)	Inferred from an exact code match with NA2 SLPS_258.37 0x003765B0. Item metadata kind byte accessor,codes00..73. Return raw metadata kind for supplied object discriminator.
0x0032D240	function	sp_skill_defender_body_draw_allowed		Own-game sp_skill_play_draw predicate: index00578EB0 by resolved skill, eight-byte count/halfword-frame-pairs descriptor. Only defenders38/35/23/32/33/30 can be suppressed; inclusive frame range returns0, otherwise1. Selected Tsunade skills39/3A have null entries at00578F94/98, so no omitted optional-body draw interval.
0x0032D340	function	sp_skill_parse_defender_offsets		Require _damOffs magic and version 0x100. Read signed phase and defender counts at +0xA/+0xC, signed frame thresholds at +0xE, then defender-major arrays of phase-count signed XYZ triples. Publish borrowed thresholds and per-ID pointers into the caller allocation; no missing-ID fill. Selected D27/D28 donor blobs have 78 entries.
0x0032D440	function	sp_skill_relocate_request_table		Own-game BIN_strtbln4 fromstrmcmn.ccs;SINF stride0x14 withmain4,counts8/9,extraC,stream-pair10;noNA2appearance-rowpointer+14. CheckedEnglishSTRMCMN rawSINF starts0x348C,size0x3274,37extras,146streampairs/skillrows,79classificationpointers,144branchhalfwordsall126 forskills2..145. Residentpalette descriptors00579810/frame scripts005794F8 areseparate.
0x0032D9D0	function	sp_skill_apply_external_palette		Own-game table row container0,target4,palette8;target optional lookup,source main ornamedcontainer;trimsourcepalette final2bytes,appendappearance suffixwithbit0priorityoverbit2;rebind modelinstance palette.
0x0032DB20	function	sp_skill_apply_authored_palettes		Own-game request callback chooses four special header-ID replacement sets and resident per-skill palette list00579810,count+4;attacker flags masked5. Calls sp_skill_apply_external_palette.
0x0032DCB0	function	sp_skill_bind_alternate_body_parts		Own-game request setup clears17 rows at skill owner90,strideC. Defender32 chooses005C7190,4C chooses005C71B0; other IDs including Tsunade25 choose no replacements. Resolve EXT_1cmn00t0 node and own-game OBJ_1%s00t0 node from required1BOD1; scene shadow descriptor+14 supplies usable model runtime, then allocate60 model, save original scene+9C and install replacement. Model mask updates flags+A8 bit5; request end restores retained models. Compared own-game code against NA2 same-role routine00358250; donor scene shadow descriptor offset14 differs from native10.
0x0032DFD0	function	sp_skill_play_task	void sp_skill_play_task(unsigned long long param_1)	Inferred from an exact code match with NA2 SLPS_258.37 0x00359B50. Run ccs_stream_player_run for the skill context, then destroy the player and self-request termination. SP Skill Play priority0x40,requested/effective stack0x1000/0x1400,context payload[0], named before separate start after live allocation0x0035D0FC. Task does not replace constructor-cleared control flags/latches.
0x0032E030	function	sp_skill_play_begin		Own-game binds defender body/eyes/mouth and optional body,retains main,sets contestlimit70 or lastframe-90 below160;resident per-skill palette script005794F8,positiontrack and CCFM.
0x0032EB00	function	sp_skill_play_end		Own-game frees17 bone-replacement instances/restores original model,optional body/environment/transient handles;unconsumed/no hit rows generate residual fraction*contest total and forward attacker side tojutsu_apply_completion;outcome2 is ordinary contest interruption,notauthoredskill1 specialroute.
0x0032EE50	function	jutsu_apply_completion		Own-game manager modes1..4 only;outcome+4F4=2 credits defender interruption and returns;otherwise residual damage to original defender,bookkeeping,form iff condition9!=1.
0x0032F200	function	sp_skill_play_frame		Own-game owner00609800 hit descriptor+10,index+14:8-byte row signed frame equals container+1BC;fraction+4/chakra+6 unsigned divided32768. Normal damage uses selected record then resolved total remainder;recipient opposite attacker+28. Per-frame cue signed byte3 calls001D7360. Also controls palette script+160,CCFM+2B0 and position track+2A4.
0x0032FB00	function	sp_skill_play_draw		Own-game optional defender draw gate0032D240,CCFM00399900,popup0032FFC0,endcallback00331560.
0x003302A0	function	fade_end_task	void fade_end_task(unsigned long long param_1)	Inferred from an exact code match with NA2 SLPS_258.37 0x0035C890. FADE END priority0x29 stack0x800->0xC00,payload[0]fade ID,control3,name in entry; five one-handshake waits,clear protection1 leaving2 then self-request. Creator direct allocation call0x0035B030;dormant then separate start.
0x00330340	function	sp_skill_opponent_stream_override		Search relocated opponent table609818/count60981C for defender ID and skill. Checked STRMCMN override skills exclude34/35, so Jiraiya retains authored request paths.
0x00330590	function	sp_skill_build_requests		Own-game 0x14 request-row counts8/9,main4,extrasC,stream-pair10;allocates8-byte path/flags rows.Main+extras1000 then streams first400,later0;skill23 places extras before main;opponent override can replace stream and derived main.
0x00330790	function	battle_character_pair_prepare	void battle_character_pair_prepare(unsigned int param_1,unsigned int param_2)	Inferred from an exact code match with NA2 SLPS_258.37 0x0035CE20. Prepare character-pair resources after session presentation children using both IDs. | Publish both character selections then build shared nine-entry appearance holders through character_appearance_holders_initialize; called by battle_create_graph and sp_skill_play_begin; distinct from later local end-demo lookup setup.
0x00330860	function	sp_skill_play_classify		Own-game skill1 returns2 reversal,skill0 returns0,other skill returns1 ordinary streamed presentation.
0x003308A0	function	sp_skill_play_start		Own-game constructor resolves opponent skill then indexes 0x14-byte request row at00609878; allocates2E0 player with4x10000 rings and begin/frame/draw/end at0032E030/0032F200/0032FB00/0032EB00. Owner allocation301,side28,side IDs2A/2C,appearances2E/30,role IDs36/38,skill3A/3C;hit descriptor005CD4B0+skill*8. Starts contest outside manager mode6.
0x00331500	function	jutsu_branch_frame_reached		Own-game comparescurrentcontainer+1BC againstsignedhalfword0060987C+(skill-2)*2 minusargument;checkedEnglishSTRMCMN144thresholds126 forskills2..145.
0x00337F80	function	transient_child_construct	unsigned long long transient_child_construct(unsigned long long param_1,unsigned int *param_2)	Inferred from an exact code match with NA2 BTL.BIN 0x00707350. Construct optional 0x4C-byte child for transient descriptor child kinds 1/2; borrow parent +0x180 data at child +0x2C.
0x003393A0	function	transient_child_second_pass	void transient_child_second_pass(int *param_1)	Inferred from an exact code match with NA2 BTL.BIN 0x00708720. Visit all registered deferred children in independent second manager pass.
0x0033A680	function	font_text_extent	int font_text_extent(char *text, int selector)	Inferred from an exact code match with NA2 SLPS_258.37 0x003798E0. Return character count when selector==-1, integer-converted measured width otherwise; font_measure_text produces both outputs.
0x0033EC40	function	sprite_create_named_texture		Allocate0xF8 sprite through001C43D0, resolve caller-named resource in supplied CCS through animation_find_by_name(container,name,0), bind through001C5FA0, configure caller priority/mode and controller at sprite+D0. Sound menu supplies option.ccs/TEX_option and retains returned sprite at menu+08.
0x0033F190	function	overlay_abi_target_0037bbd0	void overlay_abi_target_0037bbd0(unsigned int arg1, unsigned int arg2, unsigned int arg3, unsigned int arg4, int object, short *values)	Inferred from an exact code match with NA2 SLPS_258.37 0x0037BBD0. Static decoded ETC-only resident import:11 calls.
0x0033F2C0	function	sprite_draw_scaled_rectangle		Inferred from an exact code match with NA2 SLPS_258.37 0x0037BD00. Set source rectangle/mode,scaled destination dimensions/centering and submit scene_output_finalize;preserveRGB/alpha,does not substitute marker tint/texture. | Preserve source width/height and fixed4 UV origin while destination width/height and local centering multiply independent caller scale_x/scale_y; caller XY retained,source_mode1,texture/RGB/opacity unchanged. | Centered scaled-rectangle helper available to NA2 results presentation; source dimensions retained while destination dimensions and local centering scale independently. | World-marker caller submits arrow before label with independent X/Y scales; arrow pulse changes X scale, label retains unit scales.
0x00340C50	function	animation_player_allocate_bound	long animation_player_allocate_bound(unsigned long long container, unsigned long long name)	Allocate0x120 player, initialize reader and player state; required exact named lookup001AC290, attach001BD710 with arg3zero, advance/compose when track table exists. Rash coordinator uses xrush01a/02a/03a/04a.
0x00341110	function	sprite_uv_normalize	undefined4 sprite_uv_normalize(float *u_out, float *v_out, int u, int v, int width, int height)	Inferred from an exact code match with NA2 SLPS_258.37 0x0037DA40. Write u_out=u/width and v_out=1-v/height as float; Stage Select calls with512x512 before fixed12 conversion; source return contract unspecified. | Writes U=delta_u/texture_width,V=1-delta_v/texture_height; results stamp calls with512,256.
0x00341730	function	ccs_acquire_container_by_path		Clear caller ownership byte; search published CCS by path through ccs_find_published_container_by_path. If absent call resource_request_take_result(path,0) and set ownership byte1. Return the lookup/request v0 result. Selected Katsuyu acquisition73A680 passes entry3 auxiliary path and stores ownershipB0/resultB4; this does not identify the producer of static-zero859D0C.
0x003424A0	function	scrolling_strip_set_priority		Inferred from an exact code match with NA2 SLPS_258.37 0x0037F120. ordered_controller_set_group: backing_context gets priority, text_context priority+1; replaces initialize defaults 0xE6/0xE7.
0x00342B80	function	help_text_queue		Inferred from an exact code match with NA2 SLPS_258.37 0x0037F760. Reserve unit*(font_text_extent(text,-1)+gap_count), using character count rather than measured width; forward extent, strip, text and copy_text to scrolling_strip_enqueue; direct append calls in examined resident ELF/BTL/ETC occur only here, unresolved indirect calls remain; stored-pointer and direct-tail-jump searches found no setter matches; resident mirror mappings counted once; historical raw-jal search recovered four BTL setter sites missing from preserved xrefs and constructor byte evidence.
0x003431D0	function	manager_publish_six_selections		Own NUN4 publisher clears character flag100 then indexes 2BOD1/1BOD1/3EYE pointer tables57A1A0/57A2E0/57A420 for both actors; publishes6 names006B69A0,borrows containers006B6980 and packs3-charactercodes006B69C0. No null-name check. OrochimaruID9 rows57A1C4/57A304/57A444 selectorc.
0x00343A60	function	loading_resolve_selected_asset		Inferred from an exact code match with NA2 SLPS_258.37 0x001FFD30. Publish selected ccs_require_container result only when loading artwork slot0x00607698 null.
0x00344550	function	loading_progress_read	float loading_progress_read(void)	Inferred from an exact code match with NA2 SLPS_258.37 0x00200730. Return cached float in f0 when valid,otherwise-1.0; disassembly lwc1/mtc1 establishes float return despite old undefined4 declaration.
0x00344BE0	function	loading_progress_display_create	void loading_progress_display_create(void *renderer)	Inferred from an exact code match with NA2 SLPS_258.37 0x00200DB0. Allocate0x208 progress display,initialize two0xF8 sprites and construct with supplied renderer using TEX_xnum from cmn/gauge.ccs; publish global0x006076AC.
0x00344E40	function	save_dialog_reset		Inferred from an exact code match with NA2 SLPS_258.37 0x001E3EC0. Reset parent using worker port/selected_slot at parent+0/+4; clear words+8/+C/+10/+1C,set byte+18=1 and word+20=1; constructor uses before starting worker mode2.
0x003467B0	function	save_dialog_start_outer_transition		Inferred from an exact code match with NA2 SLPS_258.37 0x001E5730. If outer_transition_enabled byte18, start fullscreen forward transition(resource20,count20) and save handle1C; no transition when flag zero.
0x00346C70	function	save_ui_draw	void save_ui_draw(unsigned long long param_1)	Inferred from an exact code match with NA2 SLPS_258.37 0x001E5BA0. When text_enabled is set, draw four consecutive text strings through save_ui_draw_text_lines(ui,4). | Select face1; update/draw lower panel while visible and upper panel while slots_visible, always dispatch body helper with count4, draw slots only slots_enabled; draw calls advance closing animation.
0x00348710	function	startup_card_check_draw		Inferred from an exact code match with NA2 SLPS_258.37 0x001E74E0. Enable font presentation and draw initial card-check confirmation with selector7. | Startup renderer dispatches startup_card_check_draw_fragments(controller,7); status0x24..0x27 is handled by startup_card_check_loop.
0x00348BA0	function	particle_choice_bind_effect		Replaces selected particle choice descriptor at +8, sets kind 0 and render mode +2 from third argument; does not reset other choice words. Shizune poison helper uses this to bind local EFF_pszndgr0 after shared catalog activation.
0x00348BC0	function	particle_choice_bind_animation		Replaces selected particle choice descriptor at +8, sets kind 2 and render mode +2 from third argument; Kabuto Feather Illusion binds local ANM_e0x_wing_0 after initial shared particle resource 0 activation.
0x0034B870	function	generator_allocate	long long generator_allocate(void)	Inferred from an exact code match with NA2 SLPS_258.37 0x0034B720. Allocate 0x220-byte ccGenerator2 and install vtable 0x005DCA80. | Initialize embedded origin links at54 and reset emitter; inspected construction leaves repeat disabled.
0x0034BFD0	function	particle_emitter_setup		Copy38-byte descriptor and optional20-byte forces; allocate A0 particle pool and initialize emission state.
0x0034C890	function	particle_emitter_destroy_fields		Verified own-game vtable005ED600+0C and function body; walk field next links, virtually destroy each through slot08 with delete1, then zero field count.
0x0034C930	function	generator_register_effect	unsigned int generator_register_effect(void *generator, void *descriptor, unsigned int flags, void *attachment, void *auxiliary, unsigned char mode)	Inferred from an exact code match with NA2 SLPS_258.37 0x0034C420. Registers effect descriptor in generator entry kind0 and stores supplied fields; never rejects zero/4; returns entry handle. | Resource selector0; choice+00 resource,+04/+08 first auxiliary pair,+18 playback flags,+1C byte option.
0x0034C9B0	function	generator_register_composition	unsigned int generator_register_composition(void *generator, void *descriptor, unsigned int flags, void *attachment)	Inferred from an exact code match with NA2 SLPS_258.37 0x0034C4A0. Registers composition descriptor in generator entry kind1; never rejects zero/4; returns entry handle. | Resource selector1 and resource/auxiliary pair; wrapper rebuilding uses this choice's resource pointer.
0x0034CA10	function	generator_register_scene_object		Inferred from an exact code match with NA2 SLPS_258.37 0x0034C500. Append resource choice selector12, resource pointer and auxiliary pair, byte option; return choice index.
0x0034CA80	function	generator_register_animation	unsigned int generator_register_animation(void *generator, void *descriptor, unsigned int flags, void *attachment, void *auxiliary)	Inferred from an exact code match with NA2 SLPS_258.37 0x0034C570. Registers animation descriptor in generator entry kind2; never rejects zero/4; returns entry handle. | Resource selector2; choice+00 resource,+04/+08 auxiliary pair,+18 playback configuration.
0x0034D3D0	function	particle_emitter_clear_resources		Inferred from an exact code match with NA2 SLPS_258.37 0x0034CDA0. Free linked 0x28-byte resource choices and reset head/count.
0x0034D5B0	function	particle_emitter_spawn		Consume emitter38 resource choices; construct texture sprite60/model instanceA0/animation player120/effect childB0 for kinds0/1/2/12.
0x00352AF0	function	particle_force_angle_set		Inferred from an exact code match with NA2 SLPS_258.37 0x00351CC0. Force dispatch keys `0xB`, `0x1C`: Set that element angle directly from the signed halfword.
0x00353A60	function	generator_create_from_descriptor		Inferred from an exact code match with NA2 SLPS_258.37 0x00352A10. Create ccGenerator2 from the CCS generator descriptor through allocation and parameter initialization. | Package four supplied force descriptor pointers then delegate to manager emitter producer; registration returns emitter identifier via delegated result. | Raw forwarding preserves manager,parameters,four force pointers,capacity and emission_mode and returns particle_manager_create_emitter identifier in v0.
0x00354350	function	rng_low31	unsigned int rng_low31(void)	Inferred from an exact code match with NA2 SLPS_258.37 0x001801B0. Return prng_next() & 0x7FFFFFFF, consuming one MT word without reseeding; the discarded high bit prevents raw-output state recovery from these results alone.
0x00354380	function	effect_context_bit	int effect_context_bit(void)	Inferred from an exact code match with NA2 SLPS_258.37 0x001801E0. Return one complete low32 prng_next word, sign-extended by the EE return ABI; exactly one shared MT draw and no tag write. Callers choose signed or unsigned reduction: XOR/modulo, absolute signed remainder, parity or dynamic unsigned remainder; nonzero divisors are not proved for all dynamic caller inputs. Successive parity calls consume successive stream words. BTL has56 physical raw-wrapper calls(39 decoded,17 recovered); low-bit effect-table selection uses this same stream.
0x00354410	function	rng_signed_half_unit	float rng_signed_half_unit(void)	Inferred from an exact code match with NA2 SLPS_258.37 0x00180260. Consume one MT word; return hardware float(int32(word))/4294967296. Nominal support[-0.5,0.5), derived endpoints-0.5 and0x3EFFFFFF. No resident call and seven physical BTL calls across four class-specific initializers; the earlier eighth C occurrence duplicated one physical instruction in overlapping recovery. Individual activation formulas are owned by those initializers.
0x00354760	function	angle_to_point	float angle_to_point(float *from, float *to)	Inferred from an exact code match with NA2 SLPS_258.37 0x001805A0. Wrapped atan2(dy, dx) + pi/2 from one position to another.
0x00354F50	function	angular_distance_in_sector		Wrap angle-target into[-pi,pi],return abs(delta)<tolerance/2.
0x00355B10	function	battle_control_resource_blocked		Inferred from an exact code match with NA2 BTL.BIN 0x007069F0. Return true iff control word+3C and byte+38 both nonzero;no resource mutation. | GateA returns word+0x3C nonzero AND byte+0x38 nonzero. | Trailing mask active==0 forces false; otherwise enabled!=0; exact numeric predicate,UI meaning unresolved.
0x00355C90	function	fighter_update_override_acquire		Inferred from an exact code match with NA2 BTL.BIN 0x00706B50. Side0/1 only; empty first-channel record or equal stored value accepts value and OR mask;occupied different value unchanged.
0x00356D00	function	pause_auxiliary_refresh	void pause_auxiliary_refresh(int arg1)	Inferred from an exact code match with NA2 SLPS_258.37 0x001C8830. Refresh pause-owned object+0x6BC after clearing+0x6B8; no stage operation.
0x00357010	function	ccfm_sampling_pass_submit		Own-game framebuffer sampling submit:fourpacked source/destination rectangles0/20/40/60;controls81/84/88/8C/90;optional final depth uses renderer Z/W projection168/178/16C/17C. Checked NA2 control locations agree;not a complete packet-byte equivalence claim.
0x003590A0	function	audio_settings_menu_create_resources		Find option.ccs through006079C0->005D11C0; bind ANM_onkyo/ANM_option_ca animations; create sprite through0033EC40 with006079C8->005D11E0 TEX_option, store sprite at menu+08 used by audio_settings_menu_draw. Allocate other local controllers/help and initialize current values through audio_settings_menu_initialize.
0x003592A0	function	audio_settings_menu_initialize		Read current sound values through audio_settings_menu_read_current; snapshot output/volume/voice menu values+24/+28/+2C into+30/+34/+38; clear selected row+20, local timers+3C/+40/+44, reset help.
0x00359300	function	audio_settings_menu_read_current		Read command-context master volume into menu+28, output mode into+24; bank set word+10=0 English ->menu+2C=1,word=1 Japanese ->menu+2C=0. Label identity from audio_voice_choice_sprite_regions/TEX_option.
0x00359380	function	audio_settings_menu_update		Three menu rows:0 volume+28,1 output mode+24,2 voice+2C. menu voice1 ENGLISH calls audio_set_bank_set(0); voice0 JAPANESE calls with1, disassembly00359410..48 and repeated branches. Commit stores same inverse at settings+F; default volume256,output1,voice1 ->English set0. Voice-language help TEXTENG008917A0 names choices; TEX_option rectangles audio_voice_choice_sprite_regions establish ordering.
0x00359AA0	function	audio_settings_menu_draw		Draw sound options including two voice sprites with highlight compared against menu+2C. audio_voice_choice_sprite_regions0057AD20 supplies index0=(345,457,78,22) JAPANESE and index1=(345,481,78,22) ENGLISH from option.ccs TEX_option bound by audio_settings_menu_create_resources. x=245+114*index,y236,scales0.8; numeric menu index is inverse compact bank-set value.
0x0036DF40	function	jutsu_contest_construct_base		Own-game base initializes state+6=0,pending+8=-1,attacker+A,renderbusy+B7=0,vtable+BC;status accessor is+B8;resets role IDs andpresentationhandles.
0x0036E210	function	jutsu_contest_init		Own-game require ougi/strmcmn;sets mode+4,attacker+A,sideIDs+C/+10;damage total00609884=0,outcome effect00607A80 from selected UJ record or record99 for skill58,control flag00607A84=1.
0x0036F4D0	function	jutsu_contest_resolve		Own-game attacker meter<-5=>status4,flags12/11,total0.66D;else status1 with0.66D,D,D+0.08 bands at0/5;status byte+B8. Separate from authored-skill1 reversal route.
0x0036F920	function	jutsu_contest_result_render_b		Own-game status+B8=4 andbranchframe1 ormanager+4F4=2 ends result;adjacent+B7 is render-busy flag.
0x00371BF0	function	jutsu_command_update		NUN4 ccInputMatchCmd vtable +08. Runs command-sequence generation, button/CPU matching, meter scores, result resolution and exit state.
0x00372A30	function	jutsu_command_render		NUN4 ccInputMatchCmd vtable +0C. Draws both command displays and common contest/result objects with a borrowed render context.
0x003734A0	function	jutsu_combo_update		NUN4 ccInputMatchHit vtable +08. Generates a face-button target, accepts repeated human/CPU matches, updates scores and result states.
0x00373D60	function	jutsu_combo_render		NUN4 ccInputMatchHit vtable +0C. Draws both repeated-button displays and common contest/result objects.
0x00374120	function	jutsu_turn_update		NUN4 ccInputMatchRot vtable +08. Reads analog angle or CPU rotation, advances matching and scores, resolves result and exit state.
0x003749E0	function	jutsu_turn_render		NUN4 ccInputMatchRot vtable +0C. Draws both rotation displays and the common contest/result layer using the controller render context.
0x00375550	function	jutsu_sign_update		NUN4 ccInputMatchSign vtable +08. Generates 15 shared symbols; sides consume them from opposite ends through human/CPU input, scores and result states.
0x00376230	function	jutsu_sign_render		NUN4 ccInputMatchSign vtable +0C. Draws the shared sign displays and common contest/result objects.
0x00376870	function	jutsu_contest_create		Own-game raw mode factory creates only1/2/3/4:alloc370/E8/E0/1B8,vtables005ED6B0/690/6A0/680,base0036DF40 and init0036E210.No NA2 random-mode1 semantics in this factory. Current owner00609880.
0x003770F0	function	jutsu_contest_reset_globals	void jutsu_contest_reset_globals(void)	Inferred from an exact code match with NA2 SLPS_258.37 0x0036C0D0. Setup resets damage total to 0, outcome effect to -1 and control flag to 1. Battle-setup reset of the contest globals
0x00377110	function	jutsu_contest_destroy_current	void jutsu_contest_destroy_current(void)	Inferred from an exact code match with NA2 SLPS_258.37 0x0036C0F0. Forward current contest global to jutsu_contest_destroy.
0x00377140	function	jutsu_contest_start	void jutsu_contest_start(unsigned short arg1,unsigned long long arg2,unsigned long long arg3,unsigned short arg4, unsigned short arg5)	Inferred from an exact code match with NA2 SLPS_258.37 0x0036C120. Forward raw Ultimate mode to mode-controller factory.
0x003771C0	function	jutsu_contest_status		Own-game current contest byte+B8,zero withoutowner.
0x003771F0	function	jutsu_contest_damage_total		Own-game returns global00609884.
0x00377730	function	jutsu_presentation_update		Own-game ordinary Ougi countdown85 starts SP Skill Play only forclassification1;status4 atbranchframe setsoutcome2 andcutsremainingstream.
0x00378720	function	reversal_prepare_destroy		Own-game frees selector16 child sceneplayers andresources behind0x50 owner.
0x00378940	function	reversal_presentation_update		Own-game freeze and cut-in/intro family9;countdown85 loads character reversal resource via BATTLE lookup;no SP Skill Play/contest;finish animation restoresfighterrates andrequests reversal transition(characterID,side).
0x00379780	function	reversal_return_presentation_update		Own-game finish-only selector17 runs shared reversal finish animation,wait2 thenexits;no streamedskill constructor.
0x0037D870	function	pause_controller_request		Own-game normalize13..15=>13,ignore-1,filter1 blocksall,filter2 blocks0/1;begin mayredirect13 to16/17 for reversal.
0x0037D970	function	pause_controller_opening_begin	void pause_controller_opening_begin(unsigned long long param_1,unsigned long long param_2,unsigned long long param_3,unsigned long long param_4)	Inferred from an exact code match with NA2 BTL.BIN 0x0076EF60. Opening1 passes controller,P1 character,0,0;opening2 waits byte10 clear. | Discard original second argument; forward third as mode0C and fourth as selector0D to request normalizer.
0x0037D9A0	function	pause_controller_before_phases		Own-game selector dispatch0/1/13/16/17;16 reversal prepare,17 finish-only.
0x0037DBB0	function	pause_controller_begin		Own-game clears active branch;request13 withselectedskill1 flags4 redirects to16 whenmanager+58!=2,17 when+58==2;storesmodeC,selectorD,lifecycle10=1.
0x0037DC80	function	pause_controller_cleanup		Own-game separate release16=>0037E650,17=>0037E990,13=>0037E440;clear branch-owned resources.
0x0037E130	function	pause_gauge_post_update		Inferred from an exact code match with NA2 BTL.BIN 0x0076F7C0. Selector0 post-update/draw callback for retained gauge child.
0x0037E760	function	pause_reversal_prepare_pre_update		Own-game selector16 creates0x14 wrapper and0x50 owner vtable005ED6E0,variant0;callsreversal_presentation_update.
0x0037EAA0	function	pause_reversal_finish_pre_update		Own-game selector17 creates0x14 wrapper and0x18 owner vtable005ED6D0,variant1;callsreversal_return_presentation_update.
0x00387D30	function	camera_controller_update		Presentation dispatcher selects camera_controller_clash for controller selector+8==0x54 (NA2 mode18 homolog), then common update0038A3A0.
0x003885D0	function	camera_clash_correct_angle		Clash camera angle/section/segment correction called by camera_controller_clash; handler subsequently overwrites eye offset+1B0.
0x00388BB0	function	camera_controller_clash		Request -4 handler homolog of NA2 camera_controller_mode18: select presentation slot1, records57E6B0 or57E760 by745A30 query; after timed threshold call3885D0, then overwrite eye offset+1B0 with authored endpoint and add80 c2 only logicalID5. S01 logicalID1 gets no bias.
0x00388E90	label	stage_logical_id_call_00388e90		Clash camera adds80 c2 only ID5; ID1 retains authored endpoint.
0x00395900	function	ccfm_rectangle_pairs_prepare		Own-game prepare sixrectanglepairs from512/384 fullframe dimensions,scalarboundaries1C..28,rotation2C,translation30/34;transformto centered screen coordinates. Invoked through resident callbackselector1.
0x00396A90	function	ccfm_radial_mesh_prepare		Own-game prepare center/five16-point radial rings with scalarboundaries1C..28,rotation2C,translation30/34;used by resident callbackselector2.
0x00397A60	function	ccfm_rectangle_pairs_prepare_callback		Own-game callbackselector1 wrapper:prepare sixfloat rectanglepairs using callback owner controls+288.
0x00397A90	function	ccfm_radial_mesh_prepare_callback		Own-game callbackselector2 wrapper:prepare center/five16-point radial rings using callback owner controls+288.
0x00397AC0	function	colored_six_rectangle_pairs_draw		Own-game draw sixfloat rectanglepairs through immediate2D primitives,one color perpair from callback controls+28C. Resident callbackselector1 draws this;serialized record supplies values,not codepointers.
0x00397BD0	function	colored_radial_mesh_draw		Own-game draw centerfan thenfourringstrips with16vertices/ring and perringcolors;resident callbackselector2 uses this.
0x00397F80	function	render_callback_owner_initialize		Own-game construct callback owner: clear0x288 geometry payload,scalar controls,allocate environment and install six resident callback descriptors from00580FE0. Authored selector chooses resident handlers; file record does not supply executable pointers.
0x00398280	function	render_callback_owner_apply_record		Own-game0x328 CCFM row controls byte0,words4..18,floats1C..34;selector byte38 chooses six0x10 float vectors at3C or radial header8bytes at9C+five0x80 blocks atA4;group s16+324,enable byte326. Checked NA2 counterpart field accesses agree.
0x003987C0	function	ccfm_auxiliary_draw_owner_apply_record		Own-game0x18 CCFM row controls byte0,words4..10,group signed16+14,enablebyte16;update existing environment group. Checked NA2 field accesses agree.
0x00398AC0	function	ccfm_transformed_draw_owner_apply_record		Own-game0x360 CCFM row geometry words4..10,prefix byte0,three vector/control triples14..34;group signed16+35C,enablebyte35E,embedded0x328 callback row38 when prefix enabled. Checked NA2 field accesses agree.
0x00399040	function	ccfm_child_timeline_advance		Own-game advance timeline fixed-point cursor+ A8 by requested delta,clamp at(frame_count B0-1)*100,pass resulting delta to every0x90 child vtable+18;publish integer frame A4 and low-byte fraction AC. Checked from skill_play_children_step.
0x00399130	function	ccfm_read_child_timeline		Own-game version>=0200 fifth CCFM block: u32 child count and byte length,construct count0x90 children,each reads through vtable+10 using shared cursor/frame limit;skip outer cursor to block start+length. Checked NA2 reader agrees.
0x00399280	function	ccfm_child_timeline_draw		Own-game visit0x90 children,select each as active drawenvironment,copychild option+40 andcontrols44..50 to samplingowner81/84/88/8C/90,submit samplingpass,restorepreviousenvironment. NA2same source/controlbindings.
0x00399830	function	skill_play_children_step		Own-game CCFM controller stepping: negative owner rate+54 resets each child through vtable+1C, clears timeline cursors+8A4/+8A8/+8AC and seeks at integer cinematic frame<<8; otherwise advances timeline with retained rate+8B4. Owner size and child layout agree with checked NA2 counterpart.
0x00399900	function	ccfm_owner_draw		Own-game CCFM draw: reset linked renderer fog; enabled owner selects signed-halfword start<=frame<next-start in callback/auxiliary/transformed/fog banks,applies0x328/0x18/0x360 rows to respective owners then dispatches/submits;fog applies selected expanded0x30 row through render_set_fog;child timeline drawn first.
0x00399FC0	function	cinematic_filter_load_ccfm		Initialize filter owner and renderer/controller state, release prior payload, require CCFM magic then parse four successive blocks using header u16 version+4 and payload cursor+8/end=base+length; version>=0200 additionally parses child timeline. Returns0 on missing data/magic or failed required block.
0x0039A270	function	ccfm_read_callback_records		Own-game first CCFM bank: u16 interval/record counts, record-count 0x328 records, interval-count signed-halfword boundaries, interval-count signed-halfword group sizes. Build 8-byte count/pointer interval descriptors into copied records. Zero records consumes only four-byte bank header. Checked NA2 interface agrees.
0x0039A410	function	ccfm_read_auxiliary_records		Own-game second CCFM bank: u16 interval/record counts, record-count 0x18 records, interval-count boundaries and group sizes. Copy both records and boundaries; retain in root+14/+18/+1C/+20/+24. Checked NA2 interface agrees.
0x0039A5B0	function	ccfm_read_transformed_records		Own-game third CCFM bank: u16 interval/record counts, record-count 0x360 records, interval-count halfword boundaries then group sizes; root+28/+2C/+30/+34/+38. Advances source over boundaries but does not copy them into allocated root+2C array, unlike checked NA2 reader. No claim of nonempty donor usage.
0x0039A760	function	ccfm_read_fog_records		Fourth CCFM block: unsigned halfword count and unused halfword. A zero count consumes only that header. Otherwise expand count 0x2C authored records to 0x30 runtime rows, narrow count 32-bit thresholds and a 32-bit resource-name count to signed halfwords, and copy 0x1E bytes per name at file stride 0x20. Populate scene lookup and refresh secondaries. Checked NA2 reader agrees.
0x0039AA40	function	ccfm_read_scalar_channel		Own-game mode0 no bytes/null,mode1 borrowed one-word scalar,mode2 u32 key-count then(count) frame/value pairs:frameu32,value float32. Construct delta-duration/value segments,prepend zero lead-in if firstframe nonzero,append zero slope toframe limit. Raw lwc1/swc1 confirms float payload despite decompiler casts. NA2 same serialization.
0x0039ACE0	function	ccfm_read_discrete_channel		Own-game mode0 none,mode1 borrowed one-word discrete value,mode2 u32 key-count thenframeu32/value32 pairs. Construct timed step-value segments,prepend zero lead-in if firstframe nonzero,extend lastvalue toframe limit. NA2 same serialization.
0x0039AE90	function	ccfm_step_discrete_channel		Advance one discrete channel: mode 2 evaluates timed step segments and advances the runtime-state cursor by 12 bytes; mode 1 copies the constant and advances by 4. Modes 0/3 leave the output and cursor unchanged. Child initialization clears outputs. Own-game instructions checked against NA2.
0x0039AF10	function	ccfm_child_construct		Own-game0x90 timeline child: install vtable005ED740,initialize ordered controller links and clear channel state. Child loader uses this vtable for payload size/read/reset/advance.
0x0039AF70	function	ccfm_child_initialize		Clear output option/group/controls at +0x40..+0x50, four channel modes at +0x70..+0x7C, header option/group, runtime-state pointer and four parsed channel pointers. Constructor calls this initializer before loading channels. Checked NA2 initializer agrees.
0x0039AFE0	function	ccfm_child_load		Own-game child header8bytes:u32 four2bit channel modes in lowbyte,group signed16+4,optionbyte+6;register with active renderer,reset prior channels then load via vtable+C. Checked NA2 header accesses agree.
0x0039B0C0	function	ccfm_child_read_channels		Own-game child allocates mode-dependent payload then reads four channels in order:discrete,scalar,discrete,scalar;stores pointers+60/+64/+68/+6C,reset virtual1C,updates caller cursor. NA2 same channel order.
0x0039B1B0	function	ccfm_child_reset_channels		Reset fourchannel runtime cursors:mode2currentvalue=segmentbasevalue,elapsed0,nextsegmentpointer;mode1copyborrowedconstant. Calledafterparseandonnegative-rate reset;checkedNA2same. MCPannotationcreatedpreviouslyundefined leaf beforedecompilation.
0x0039B320	function	ccfm_child_payload_size		Compute runtimepayload size asfourmodeindexedsize-tableentries:discrete modes at005D4490,scalar modes at005D4480. Returnedsizeallocatedbyccfm_child_read_channels;checkedNA2same.
0x0039B390	function	ccfm_child_advance		Own-game evaluate discrete/scalar/discrete/scalar channels into child+44/+48/+4C/+50 at fixed-point delta;optionbyte+40 andgroup16+42 copied fromheader each update. Mode1constant,mode2discrete step or scalar interpolation,mode0zero. NA2same channel evaluation.
0x0039B6A0	function	ccfm_child_release_channels		Own-game free only mode2 channel arrays,free runtime payload,clear channels/state;borrowed mode1 serialized words are not freed.
0x0039C0F0	function	battle_particle_activate		Enable/register generator; resolve descriptor resource index1F6 or override228 into cached particle choice table, then bind choices.
0x0039C1B0	function	battle_particle_create		Allocate280-byte generator with definition38 and up to four copied20-byte force descriptors; used by Jiraiya jutsu and Gamabunta.
0x0039C540	function	battle_particle_construct		Initialize common emitter then install5ED780 vtable and battle generator fields.
0x0039C7F0	function	battle_particle_generator_post_update		Inferred from an exact code match with NA2 SLPS_258.37 0x0034A440. Refresh four cached field pointers from emitter slot lookups.
0x0039C8E0	function	battle_particle_bind_cached_resources		Bind cached resource choices:700 animation,900 composition,E00 effect; preserve rendering flags and optional record metadata.
0x0039CB00	function	battle_particle_register_bound_choices		Register resolved composition/effect/animation particle choices with generator; effect choices also write palette/texture selection at +1D0.
0x0039CE90	function	audio_apply_persisted_settings		Load settings+0C volume,+0E output mode,+0F compact bank set, forwarding last byte to audio_set_bank_set:0 English,1 Japanese as established by sound-menu sprite identity/inverse write. Persisted selector is independent of physical character/streamed member indices.
0x0039CF30	function	profile_character_status_load		Own NUN4 indexed byte load suppliedbank+7D8+characterID;profile_roster_available suppliesprofile+8,so statusbyteprofile+7E0+ID. CharacterSelectID9 availability readsbit0 atprofile+7E9; no boundscheck here.
0x0039CFF0	function	profile_stage_is_unlocked	int profile_stage_is_unlocked(void *profile, int slot)	Return bit for raw slot from profile+82C dword array:word=slot/32,mask=1<<(slot%32).Stage Select passes0..17 without logical-ID remapping.
0x003A2FE0	function	character_select_portrait_texture		Own NUN4 formats TEX_purecharsel%02d using supplied bank+1; requires supplied container orcharsel1.ccs and resolves namedtexture. Not a3PCT loader.
0x003A3AC0	function	character_select_name_rectangle_copy		Own NUN4 selected/fixed/form display ID indexes twelve-byte metadata00582090. Name rectangle reads shorts+6/+8/+A,returns{u+1,v+1,width-2,30}; ID9 row5820FC raw{208,224,120} ->{209,225,118,30}. Locked fallback separate0058207E.
0x003A3C30	function	character_select_has_fixed_fighter		Own NUN4 tests fixedchoice word+24 in1..77 and roster_character_valid zero; used to override empty/locked presentation. Orochimaru9 passes numeric/filter part.
0x003A63F0	function	character_select_build_roster_nodes		Own NUN4 builds4 circular lists from63 eight-byte records00582440 through character_select_add_roster_node; links recognized forwardform nodes withcharacter_to_transformed; creates2 selectors andclears fixedchoice fields. Actual Orochimaru9 entry checked separately.
0x003A65D0	function	character_select_add_roster_node		Own NUN4 skip sourcecategory3; otherwise require nonnullrecord,roster_character_valid zero,characterID nonzero,allocate1C-byte node withborrowedrecord/CCS. Insert by source short+6 row into4 circular lists;availability initialized0,portraitnull,formlinknull.
0x003A66D0	function	character_select_refresh_availability		Own NUN4 traverses4 circular fighter node lists; sets nodeavailability from nonnull manager00609794 and profile_roster_available00323390(characterID),then counts available non-transformed nodes. Null manager setsavailability0 here,unlike NA2 character_select_fighter_available null-manager admission.
0x003A68D0	function	character_select_bind_fighter_portrait		Own NUN4 displayed-ID signedhalfword indexes twelve-byte rows00582090; bankshort+0 formats texturebank+1,shorts+2/+4 multiplied168/256 then normalized512; installs atlas texture/UV into plate model005D5D18. ID9 row5820FC separate from donor3PCT.
0x003AC860	function	item_sprite_draw	void item_sprite_draw(float scale, float opacity, float angle, int layer, int sprite, float *position)	Inferred from an exact code match with NA2 SLPS_258.37 0x00377720. Wheel item draw forwards its scale and opacity to this resident sprite draw;personal auxiliary model draw has no opacity argument. Preserve scale/opacity/angle float inputs; wrapper duplicates scale into x/y scales before record copy. | Single-status foreground uses this uniform wrapper with scale1,opacity and rotation0;duplicates scale into X/Y parameters.
0x003AC890	function	sprite_draw_uniform	void sprite_draw_uniform(float scale, float opacity, float rotation, int sprite, float *position)	Draw selected sprite with equal horizontal/vertical scale,forward supplied opacity,rotation and position through resident sprite backend;item badge uses press scale and0.2/1 opacity.
0x003ADD60	function	bg_classify_inline_transform		Inferred from an exact code match with NA2 SLPS_258.37 0x00393AC0. Compose current submission context renderer+0x3C device_projection with owner matrix+0x10; classify owner bounds pointer+0x50 with zero extra vector,entry0x1F,return wrapper result unchanged through tail return; disassembly restores stack/ra without modifying v0.
0x003B1000	function	ccs_residency_find_entry		Inferred from an exact code match with NA2 SLPS_258.37 0x003B2ED0. Walks the manager's linked entry list and compares each stored requested name with the supplied name using case-sensitive string comparison; returns the first matching entry or zero.
0x003B17D0	function	ccs_residency_acquire_and_load	unsigned long long ccs_residency_acquire_and_load(unsigned long long param_1,unsigned long long param_2)	Inferred from an exact code match with NA2 SLPS_258.37 0x003B3650. Acquire an immediate entry through ccs_residency_acquire, call ccs_residency_ensure_loaded unless its state is 0, 3 or 4, and return the entry; state 0 is returned without an acquire increment or load, with no established producer in the resident graph.
0x003B1980	function	ccs_start_batch_load	unsigned long long ccs_start_batch_load(unsigned char *param_1,unsigned int param_2)	Inferred from an exact code match with NA2 SLPS_258.37 0x003B36D0. Start a batch only when manager flag bit 2 is clear, a linked state other than 0/3/4 exists, and signed worker count +0xb1a<1; increment that count and allocate the dormant ccs_batch_load_worker at live 0x003B3798 with priority 0x73 and requested/effective stack 0x1000/0x1400. Set control bit 4, payload[0]=0, payload[1]=second argument's low byte and payload[6]=1 before starting; return zero when blocked or nothing is pending. The worker uses its singleton manager rather than the manager supplied here.
0x003B2CA0	function	character_presentation_array_initialize		Own NUN4 characterID selects pointer00583710+ID*4 then base/alternate descriptor;nonnull/count>0 requires1BOD1 and2BOD1 containers pluscommonprovider. ConstructsA0players according to16byte entries. RawID9 entry00583734=0,so checkedroutecreatesno descriptorplayers. ID37/10 specialarms do notmatchOrochimaru9.
0x003B51C0	function	bg_scene_load	void bg_scene_load(undefined8 arg1,undefined8 arg2,char *arg3)	Inferred from an exact code match with NA2 SLPS_258.37 0x003AC740. Resolve BIN_bgdata from borrowed archive with mode0 and initialize scene with named object.
0x003B6C50	function	bg_scene_parse_records		BIN_bgdata homolog of NA2 003ADE40: count+0xC4,records+0xC0; signed-short triples expand to0x10 entries; pipe strings copied individually and comma bytes replaced with NUL.
0x003B7040	function	bg_scene_dispatch_records		Walk scene record count+0xC4 and records+0xC0 at stride0x10; factory index+4 selects bg_record_factories0x00583860.
0x003B82C0	function	bg_draw_object_parse		Tokens0 object,1 dummy or literal0,2 float opacity,3 float uniform scale.
0x003B86F0	function	bg_draw_object_create		Factory0. Tokens0 object,1 dummy or literal0,2 float opacity,3 float uniform scale. ccBgDrawObject vtable0x5ee020 ->RTTI0x5d7588 ->name0x5d7568.
0x003B8CA0	function	bg_draw_animation_parse		Tokens0 animation,1 dummy or literal0,2 float opacity,3 float scale,4 float rate multiplier,5 initial integer frame(-1 random).
0x003B9080	function	bg_draw_animation_create		Factory2. Tokens0 animation,1 dummy or literal0,2 float opacity,3 float scale,4 float rate multiplier,5 initial integer frame(-1 random). ccBgDrawAnm vtable0x5edfc0 ->RTTI0x5d74c8 ->name0x5d74a8.
0x003B9EA0	function	bg_cloth_flag_parse		Tokens0 texture,1 dummy,2 integer selector,3/4 float dimensions multiplied4,5/6 float scalars,7 integer converted to float,8/9 float scalars,10/11 integer grid dimensions; same NUN4/NA2 token format.
0x003BA2E0	function	bg_cloth_flag_create		Factory6. Tokens0 texture,1 dummy,2 integer selector,3/4 float dimensions multiplied4,5/6 float scalars,7 integer converted to float,8/9 float scalars,10/11 integer grid dimensions; same NUN4/NA2 token format. ccBgClothFlag vtable0x5edf00 ->RTTI0x5d77e0 ->name0x5d77c0.
0x003BAE60	function	bg_rotate_sky_initialize		Read model/anchor/alpha/rotation/speed tokens; construct B0 scene child, set transform and alpha, register in scene list. Anchor literal0 skips lookup.
0x003BB160	function	bg_factory_rotate_sky		Background factory8 constructs60-byte ccBgRotateSky at5EDEA0; selected KTYS_KTY record11 names OBJ_snd_040_.
0x003BB240	function	bg_fog_create		Factory10. Factory10 consumes RGB integers0..2,float3,integer4,integers5/6 for fog. Configuration-only handler; no constructed class/vtable.
0x003BB3F0	function	bg_glare_parse		Tokens0..3 packed integers,float4,RGB integers5..7,integer8,float9.
0x003BB6A0	function	bg_glare_create		Factory11. Tokens0..3 packed integers,float4,RGB integers5..7,integer8,float9. ccBgGlareFilter vtable0x5ede70 ->RTTI0x5d6a98 ->name0x5d6a60.
0x003BBB00	function	bg_render_coefficients_create		Factory17. Factory17 consumes two floats for render coefficients. Configuration-only handler; no constructed class/vtable.
0x003BBB90	function	bg_light_distant_parse		Tokens0 animation,1..3 RGB integers,4 light name.
0x003BBE80	function	bg_light_distant_create		Factory18. Tokens0 animation,1..3 RGB integers,4 light name. ccBgLightDistant vtable0x5ede10 ->RTTI0x5d7768 ->name0x5d7740.
0x003BBF60	function	bg_projection_scalar_create		Factory22. Factory22 consumes token0 float into scene+0x30. Configuration-only handler; no constructed class/vtable.
0x003BC1D0	function	bg_curtain_parse		Tokens0 object,1 dummy or literal0,floats2..6.
0x003BC550	function	bg_curtain_create		Factory23. Tokens0 object,1 dummy or literal0,floats2..6. ccBgCurtain vtable0x5edde0 ->RTTI0x5d7730 ->name0x5d7710.
0x003BC8F0	function	palette_reflection_wrapper_update		Inferred from an exact code match with NA2 SLPS_258.37 0x0039A110. Set controller.increment=wrapper.increment+0x2C * owner.update_scalar+0x08 and step palette_reflection_step;return0 (float-product0x0039A118..0x0039A134); scheduler units/frequency unresolved.
0x003BCE30	function	background_shadow_animation_draw	void background_shadow_animation_draw(int param_1)	Inferred from an exact code match with NA2 SLPS_258.37 0x0039AAE0. Save environment controller+0xCC and scalar+0xE0, bind shadow controller/owner scalar, draw owned animation and restore both. | Only controller and projection_scalar are saved/replaced/restored; projection_direction and projection_strength untouched; player draw's scoped environment renderer replacement leaves controller renderer binding unchanged. | Documented static routine body bound 0x0039AAE0..0x0039AB43.
0x003BE3B0	function	bg_uv_animation_create	void bg_uv_animation_create(void *scene, void *record)	Inferred from an exact code match with NA2 SLPS_258.37 0x0039C0B0. Factory 29: allocate 0x40 ccBgUVAnm, attach with registration and run bg_uv_animation_parse.
0x003BF680	function	bg_list_selector_create		Factory31 resolves token0 into archive resource and stores selector owner+8 indexed by record scene-list selector+8;not object-constructing.
0x003C3F10	function	bg_lantern_parse		Tokens0 object,1 dummy,2 float angular step,3 float amplitude; same NUN4/NA2 token format.
0x003C46B0	function	bg_lantern_create		Factory45. Tokens0 object,1 dummy,2 float angular step,3 float amplitude; same NUN4/NA2 token format. ccBgLantern vtable0x5edb20 ->RTTI0x5d73a0 ->name0x5d7380.
0x003C57A0	function	bg_camera_trace_object_initialize		Read alpha/scale and remaining scalar tokens1..6; bind token0 as B0 scene child and register it. Selected KTYS_KTY token0 is OBJ_snd_040_1.
0x003C5AA0	function	bg_factory_camera_trace_object		Background factory85 constructs90-byte ccBgCameraTraceObject at5EDA90; selected KTYS_KTY record16 names OBJ_snd_040_1.
0x003CB8C0	function	palette_reflection_initialize		Inferred from an exact code match with NA2 SLPS_258.37 0x003B20F0. Zero palette/colors/count/snapshot,accumulator/increment/shift/range;set repeat1 and complete0 for0x28 controller. Original return is unspecified; opaque return type preserves that uncertainty.
0x003CBDD0	function	captured_pose_pool_release	void captured_pose_pool_release(int arg1)	Inferred from an exact code match with NA2 BTL.BIN 0x00723650. Destroys pool array using captured_pose_record_destruct.
0x003CC6E0	function	jutsu_record_classify_playability		Own-game authoredFFFF=>FF,authored1=>4 reversal,authored0=>3,other IDs scanned through per-character classification data for IDs1..77.
0x003CC8B0	function	jutsu_record_playable_skill		Own-game returns authored halfword+4 except classifications below2 or equal5 return0.
0x003CC920	function	jutsu_record_presentation_flags		Own-game playable skill1 sets bit4;effect classification adds bits1/2;pause_controller_begin uses bit4 to redirect request13 to16/17.
0x003CCA10	function	jutsu_character_record_for_category		Own-game character count/index list at00583B10;match record category,otherwise default table00583C50.
0x003CCB10	function	jutsu_record_display_name		Own-game returns display pointer0 of 0x10 metadata record.
0x003CCB40	function	jutsu_record_effect		Own-game returns unsigned halfword+C of 0x10 metadata record.
0x003CCB70	function	jutsu_record_intro_voice		Own-game returns signed halfword+A;record index-1 returns-1.
0x003CCBB0	function	jutsu_record_damage_fraction		Own-game signed halfword+E multiplied by0.01.
0x003CCC00	function	jutsu_record_category		Own-game signed halfword+6;record index-1 returns0.
0x003CCC40	function	jutsu_record_class		Own-game byte+8.
0x003CCCB0	function	jutsu_record_cost_tier		Own-game signed LB at003CCCC0 reads byte+9.
0x003CCCE0	function	jutsu_character_default_record		Own-game signed halfword00583C50+characterID*2.
0x003CCD00	function	jutsu_record_form_character		Own-game effect5A..63 maps2F..38,effect64 maps49,otherwise0;not NA2 effect numbering.
0x003ECE00	function	panel_set_rectangle_record		Inferred from an exact code match with NA2 SLPS_258.37 0x003805F0. Apply five signed halfwords(style,x,y,width,height) through panel_set_rectangle; geometry converted to floats.
0x003ED0E0	function	overlay_abi_target_003808b0	void overlay_abi_target_003808b0(float param_1,float param_2,unsigned int *param_3)	Inferred from an exact code match with NA2 SLPS_258.37 0x003808B0. Static decoded ETC-only resident import:11 calls.
0x003EE110	function	panel_open		Inferred from an exact code match with NA2 SLPS_258.37 0x00381900. Arm state1,cursor=duration=D; hide text immediately when hide_transition_text!=0.
0x003EE140	function	menu_transition_close	void menu_transition_close(int param_1,unsigned short param_2)	Inferred from an exact code match with NA2 SLPS_258.37 0x00381930. Request host closing transition on Cancel. | Arm state2,cursor=duration=D. | Used by save_ui_close_panels with duration8; sets UiPanel.state2 and cursor/duration to supplied count.
0x003EE850	function	panel_get_origin		Inferred from an exact code match with NA2 SLPS_258.37 0x00382060. Copy float panel.x/y at+4/+8 to supplied output pointers; proven by lwc1/swc1.
0x003EE8B0	function	panel_get_extent		Inferred from an exact code match with NA2 SLPS_258.37 0x003820C0. Copy float panel.width/height at+C/+10 to supplied output pointers; proven by lwc1/swc1.
0x003EF590	function	list_collect_pad_input	void list_collect_pad_input(unsigned long long param_1,unsigned long param_2)	Inferred from an exact code match with NA2 SLPS_258.37 0x003832C0. Source-selector bits 0/1 choose ports 0/1; selector&3==0 skips handling, otherwise OR selected pressed/repeat words and pass them to list_handle_pad_input without clearing/retaining shared events. Mode Select modal uses selector 3.
0x003F3BE0	function	jutsu_record_get		Own-game locale-selected table pointer00608128+ui_language_index*4,index stride0x10;English table0086FB10 in TEXTENG.BIN;returns Nun4UltimateJutsuRecord pointer.
0x003F4AE0	function	audio_settings_help_text		Return language-table00608280[ui_language_index()][sound settings selected row]. audio_settings_menu_update requests current row0..2 or reset help row3; text table pointer initialization is separate.
0x003F51D0	function	ui_language_index		Return current UI-language index from gp-0x6C90; Stage Select chooses its locale rectangle bank directly.
0x00433C80	data	battle_voice_controls	unsigned char[1616]	NUN4 eight-byte control rows0..201,123 enabled and79 negative programFF. Byte0 signed program,1 append stream,2 channel,3 default scalar,4 scalar clamp/default. Complete table stream0/channel0,bytes4/5=127,6=0,7=1;scalar defaults60..69. Checked base event0/24/25/32 ->controls0/26/27/41 ->program0/26/FF/FF,default60; +160 alternates->program0/26/27/FF,default62. Control index is not archive member.
0x00433F00	data	compact_program53_key_controls		Controls80..85 all enabled program53,stream/channel0,default keys60..65; normal jutsu row tail selectors41..46 choose them. Program53 exceeds max40 in Shizune27/Kabuto28 English/Japanese banks, so no compact sample candidate there.
0x00433F60	data	reversal_compact_state_controls	unsigned char[48]	Control0x5C..0x61 six8byte rows all signedprogram55,stream0/channel0,defaultscalar62..67,clamp127; state5/6 choose5C/5D,7/8=5E,body3=5F,rising1=60,travel2=61. Object dispatcher1D5900 setsprogram+parameters, separatefromfamily6 streaming.
0x00434408	data	rasengan_tracked_common_effect_cue		Common cue39 selects program39 packet0 channel0 key60, scalar80; started/stopped by NRV001 contact phase.
0x004344A8	data	rasengan_phase_entry_common_effect_cue		Common cue59 selects program59 packet0 channel0 key60 scalar127; NRV001 phase1 entry.
0x00434528	data	rasengan_common_effect_cue		Common effect cue75 eight-byte row: signed program69, packet0/channel0, key60, scalar ceilings127; used every fourth NRV001 state1 owner frame.
0x004345D8	data	blow_watch_battle_effect_cue		Mode0 cue1005 selects program5 packet0 channel0 key60 scalar127; ccSkillPlayerBlowWatch initialization.
0x00434E00	data	stage_music_tracks	int[25]	Raw-stage SOUND bank0 members: slots0..17 =4,7,14,15,5,6,12,16,17,13,18,9,18,19,20,21,10,11; summon slots18..24=24. S01 raw0 member4. Direct reader audio_music_preset_battle0x001D53FC.
0x00434F50	data	orochimaru_player_voice_cues		ID9 PLVOICE signed cue list38,39,265,289,293,298,299,302,312,-1; English ordinal0..8, Japanese adds9 through descriptor count18.
0x004350B0	data	jiraiya_streamed_voice_cue_list		Ten signed cues88,90,91,265,289,293,298,299,302,312 then-1; ordinal0..9 maps PLVOICE outer20, setting1 adds10.
0x00435110	data	shizune_player_voice_cues		ID27 ordered cues116,118,265,289,293,298,299,302,312,-1; list ordinal is English member, Japanese member adds9.
0x00435130	data	kabuto_player_voice_cues		ID28 ordered cues121,123,125,265,289,293,298,299,302,312,-1; list ordinal is English member, Japanese member adds10.
0x00435504	data	orochimaru_player_voice_cue_pointer		voice_filename_number_lists direct ID9 pointer selects orochimaru_player_voice_cues00434F50; list ordinal is physical English member.
0x00435534	data	jiraiya_streamed_voice_cue_list_pointer		ID21 logical-to-ordinal cue list pointer4350B0.
0x00435660	data	audio_common_bank_descriptor		Own common SNDDATA descriptor offset0/header2EB0/sample7B330, loaded by1DAE70. Program69 key60 maps Sset32/Smpl32/Vagi73, sample-region offset65D00 at22050Hz.
0x00435670	data	audio_character_banks	unsigned int[234]	NUN4 English compact set: first78 direct-ID triples; IDs1/9/57=(00335800,00002310,000827F0),(00641000,000013B0,0007AFC0),(00F79800,00002310,00088440). Word1 IOP allocation size; word0/word2 passed RPC9400; word2 completion/placement extent. Selected when sound context+10!=1. FileDATA/SNDDATA.BIN. Language from menu index1 ENGLISH label->bank set0, not numeric/default assumption.
0x004356DC	data	orochimaru_compact_bank_english		SNDDATA English bank set0 ID9: header offset00641000,size13B0,sample bytes7AFC0; aligned sample base00642800.
0x0043576C	label	jiraiya_compact_bank_english		NUN4 ID21 SNDDATA descriptor:offset009D8800/header13B0/samples7D030; sample start009DA000.
0x0043579C	data	tsunade_compact_bank_english		ID25 SNDDATA offset00AA9000,header13B0,samples67FD0 at00AAA800.
0x004357B4	data	shizune_english_compact_bank		ID27 English SNDDATA header B12800/FE0; aligned samples B13800/3DDE0; Prog maximum40.
0x004357C0	data	kabuto_english_compact_bank		ID28 English SNDDATA header B51800/FE0; aligned samples B52800/3BDB0; Prog maximum40.
0x00435A18	data	audio_character_banks_alternate	unsigned int[234]	NUN4 Japanese compact set: second78 direct-ID triples,selector sound context+10==1; IDs1/9/57=(01814800,00002310,00076C70),(01AA9000,000013B0,00050B90),(0225C800,00002310,00073120). Same load protocol; voice menu index0 JAPANESE writes1 and persists settings+F. Language from TEX_option label identity/inverse writer.
0x00435A84	data	orochimaru_compact_bank_japanese		SNDDATA Japanese bank set1 ID9: header offset01AA9000,size13B0,sample bytes50B90; aligned sample base01AAA800.
0x00435B14	label	jiraiya_compact_bank_japanese		NUN4 ID21 SNDDATA descriptor:offset01DA2800/header13B0/samples61B20; sample start01DA4000.
0x00435B44	data	tsunade_compact_bank_japanese		ID25 SNDDATA offset01E48800,header13B0,samples4AE40 at01E4A000.
0x00435B5C	data	shizune_japanese_compact_bank		ID27 Japanese SNDDATA header1E95000/FE0; aligned samples1E96000/35960; same selected program mapping as English.
0x00435B68	data	kabuto_japanese_compact_bank		ID28 Japanese SNDDATA header1ECC000/FE0; aligned samples1ECD000/34BD0; same selected program mapping as English.
0x00435DC0	data	audio_battle_bank_english		Mode0 bank descriptor SNDDATA offset7E800/header2040/sample5B060. BlowWatch cue1005 program5 key60 maps Sset40/Smpl40/Vagi21; sample-region1C0F0 at11025Hz.
0x00435DE4	data	audio_battle_bank_japanese		Mode0 bank descriptor SNDDATA offset1595000/header2040/sample61F40. BlowWatch cue1005 program5 key60 maps Sset40/Smpl40/Vagi21; sample-region1E1A0 at22050Hz.
0x00435E40	data	reversal_sound_archive_descriptor		NUN4 sound family6: nestedhandle6,count56,flags1;context10=1 adds28 tostreammember beforedispatch.
0x00435E58	data	ultimate_jutsu_sound_archive_descriptor		NUN4 sound family9: nestedhandle9,count272,flags1;context10=1 adds136 tostreammember beforedispatch.
0x00436220	data	orochimaru_player_voice_archive		ID9 PLVOICE outer8 descriptor handle129/type1/start1/count18. Family3 lookup applies Japanese half-count9 when audio context10 equals1; English0 otherwise.
0x00436280	data	jiraiya_streamed_voice_archive_descriptor		Family3 ID-minus-one20 descriptor handle141,start1,count20; PLVOICE outer20 loaded by startup.
0x004362B0	data	shizune_player_voice_archive		ID27 PLVOICE descriptor147/type1/start1/count18; outer26, nine cues per language; Japanese adds9.
0x004362B8	data	kabuto_player_voice_archive		ID28 PLVOICE descriptor148/type1/start1/count20; outer27, ten cues per language; Japanese adds10.
0x00436620	data	voice_event_pointer_pairs	unsigned int[154]	NUN4 contiguous77 ID-minus-one base/alternate pointer pairs consumed by fighter_voice_event_list. All pointers select00591DD0/00591E20/00591E70; next8 bytes zero. Checked ID1/57 pair00591DD0/00591E70,ID9 pair00591DD0/00591DD0. Halfword control selectors independent of physical PLVOICE members.
0x00436660	data	orochimaru_voice_event_pair		ID9 base/base pointers00591DD0; no alternate selected for ID9.
0x004366E0	data	tsunade_voice_event_pair		ID25 base/alternate event-control lists both00591DD0;no donor alternate list change for Tsunade.
0x004366F0	data	shizune_voice_event_pair		Checked Shizune ID27 base/alternate pointers both00591DD0; fighter_voice_event_list has no ID27 alternate branch; selected base controls/default key3C.
0x004366F8	data	kabuto_voice_event_pair		Checked Kabuto ID28 base/alternate pointers both00591DD0; fighter_voice_event_list has no ID28 alternate branch; selected base controls/default key3C.
0x004375D0	data	default_battle_bindings	short[8]	Binding0..7 native pad masks0010,0020,0040,0080,0004,0008,0001,0002 (Triangle,Circle,Cross,Square,L1,R1,L2,R2).
0x004375E0	data	command_double_down_steps		Two12-byte step records pressed(1),direction4000(Down),distance16; group0 logical400=>signature10000.
0x00437600	data	command_double_up_steps		Two12-byte step records pressed(1),direction1000(Up),distance16; group1 logical800=>signature20000.
0x00439890	label	naruto_classic_callbacks		Seven callback pointers from Classic Naruto record1C; nonzero slots1/2/3/4 at00242250/00242260/00242D90/002430D0. Slots1/2 each jr ra,nop; raw bytes confirmed because Ghidra omitted second tiny function.
0x0043D390	label	naruto_classic_actions		Classic Naruto48 authored actions;stride0x64 proved by actions_setup_working_array;five display slots08..18. Checked first four packed owner/selector words+1C=00020001,00020001,00010001,00030001;action1/3 selectors2/3,action2 sentinel1.
0x0043E650	label	naruto_classic_character_record		Classic Naruto ID1; record+08 body name2nrtbod1.ccs; counts at28/38/44 are48/190/156; pointers2C/3C/48 select authored action/row/animation arrays. Constructor and loader field semantics require own-game code confirmation.
0x0043E730	label	naruto_classic_character_descriptor		Classic Naruto descriptor begins with pointer to naruto_classic_character_record; passed by naruto_classic_construct.
0x0045BF80	data	orochimaru_palette_names		ID9 record +C; twelve 30-byte (1E-hex) slots, first three CLT_2orcbody/bodyc1/bodyc2.
0x0045C0E8	data	orochimaru_texture_names		ID9 record+10; first of two texture slots TEX_2orcbody.
0x0045C128	data	orochimaru_model_names		ID9 record+14; first of two model slots MDL_2orc00t0 body.
0x0045C168	data	orochimaru_anchor_name		ID9 record+18; OBJ_eff_dummy_orchol0.
0x0045C190	label	orochimaru_named_handle_descriptor		0x90-byte descriptor selected by record54/count50=1; name00 OBJ_2cmn00t0 r hand,name20 MDL_2orc00t0 ktn0. Pointer/consumer own-game verified; remainingfields not assigned.
0x0045C220	label	orochimaru_callbacks		Seven callback pointers from record1C; nonzero slots1/2/3/4 at0024B170/0024B180/0024B7A0/0024BA00; individual callback effects outside this inventory.
0x0045C240	label	orochimaru_animation_names		156 pointers; slots0..34 agree with NA2 ID89, later own por c sequences differ.
0x0045C4B0	label	orochimaru_rows		180 authored0x4C rows for ID9. Action47 absent; cannot align with NA2 ID89 by row index.
0x0045FA20	label	orochimaru_actions		Orochimaru ID9 authored47 actions,0x64 stride; checked first four packed owner/selector words at+1C are00010009,00120009,00130009,00130009. Action1/3 selectors18/19; action0 sentinel1,action2 selector19. Counts do not establish reachability.
0x0045FA84	label	orochimaru_action_01		ID9 authored action1; category0x00040000, flags0x00002005, continuation-2, signature0x00110012, row4. Conditional input/phase mapping recorded in character_assets Orochimaru section.
0x0045FAE8	label	orochimaru_action_02		ID9 authored action2; category0x00020000, flags0x00000005, continuation-2, signature0x00120012, row6. Conditional input/phase mapping recorded in character_assets Orochimaru section.
0x0045FB4C	label	orochimaru_action_03		ID9 authored action3; category0x00080000, flags0x0000C005, continuation2, signature0x08000012, row10. Conditional input/phase mapping recorded in character_assets Orochimaru section.
0x0045FBB0	label	orochimaru_action_04		ID9 authored action4; category0x00100000, flags0x00000085, continuation-2, signature0x00100112, row12. Conditional input/phase mapping recorded in character_assets Orochimaru section.
0x0045FC14	label	orochimaru_action_05		ID9 authored action5; category0x00200000, flags0x00000089, continuation-2, signature0x00100112, row16. Conditional input/phase mapping recorded in character_assets Orochimaru section.
0x0045FC78	label	orochimaru_action_06		ID9 authored action6; category0x00400000, flags0x00000085, continuation-2, signature0x00100112, row20. Conditional input/phase mapping recorded in character_assets Orochimaru section.
0x0045FCDC	label	orochimaru_action_07		ID9 authored action7; category0x00100000, flags0x00010001, continuation-2, signature0x00100112, row25. Conditional input/phase mapping recorded in character_assets Orochimaru section.
0x0045FD40	label	orochimaru_action_08		ID9 authored action8; category0x00200000, flags0x00010001, continuation-2, signature0x00100112, row30. Conditional input/phase mapping recorded in character_assets Orochimaru section.
0x0045FDA4	label	orochimaru_action_09		ID9 authored action9; category0x00400000, flags0x00010001, continuation-2, signature0x00100112, row35. Conditional input/phase mapping recorded in character_assets Orochimaru section.
0x0045FE08	label	orochimaru_action_10		ID9 authored action10; category0x00001000, flags0x00000480, continuation-2, signature0x00101011, row40. Conditional input/phase mapping recorded in character_assets Orochimaru section.
0x0045FE6C	label	orochimaru_action_11		ID9 authored action11; category0x00001000, flags0x00000A00, continuation-2, signature0x00100211, row45. Conditional input/phase mapping recorded in character_assets Orochimaru section.
0x0045FED0	label	orochimaru_action_12		ID9 authored action12; category0x00001000, flags0x00001100, continuation-2, signature0x00100411, row50. Conditional input/phase mapping recorded in character_assets Orochimaru section.
0x0045FF34	label	orochimaru_action_13		ID9 authored action13; category0x00002000, flags0x00000480, continuation-2, signature0x00101011, row55. Conditional input/phase mapping recorded in character_assets Orochimaru section.
0x0045FF98	label	orochimaru_action_14		ID9 authored action14; category0x00002000, flags0x00000A00, continuation-2, signature0x00101011, row60. Conditional input/phase mapping recorded in character_assets Orochimaru section.
0x0045FFFC	label	orochimaru_action_15		ID9 authored action15; category0x00002000, flags0x00001100, continuation-2, signature0x00101011, row65. Conditional input/phase mapping recorded in character_assets Orochimaru section.
0x00460060	label	orochimaru_action_16		ID9 authored action16; category0x00004000, flags0x00000480, continuation-2, signature0x00101011, row70. Conditional input/phase mapping recorded in character_assets Orochimaru section.
0x004600C4	label	orochimaru_action_17		ID9 authored action17; category0x00004000, flags0x00000A00, continuation-2, signature0x00101011, row75. Conditional input/phase mapping recorded in character_assets Orochimaru section.
0x00460128	label	orochimaru_action_18		ID9 authored action18; category0x00004000, flags0x00001100, continuation-2, signature0x00101011, row80. Conditional input/phase mapping recorded in character_assets Orochimaru section.
0x0046018C	label	orochimaru_action_19		ID9 authored action19; category0x00000002, flags0x00000000, continuation-1, signature0x02000011, row85. Conditional input/phase mapping recorded in character_assets Orochimaru section.
0x004601F0	label	orochimaru_action_20		ID9 authored action20; category0x04000000, flags0x00000000, continuation-1, signature0x02000011, row91. Conditional input/phase mapping recorded in character_assets Orochimaru section.
0x00460254	label	orochimaru_action_21		ID9 authored action21; category0x00000001, flags0x00000005, continuation-1, signature0x00100012, row98. Conditional input/phase mapping recorded in character_assets Orochimaru section.
0x004602B8	label	orochimaru_action_22		ID9 authored action22; category0x00000001, flags0x00000005, continuation21, signature0x00100112, row101. Conditional input/phase mapping recorded in character_assets Orochimaru section.
0x0046031C	label	orochimaru_action_23		ID9 authored action23; category0x00000001, flags0x00000005, continuation22, signature0x00100112, row104. Conditional input/phase mapping recorded in character_assets Orochimaru section.
0x00460380	label	orochimaru_action_24		ID9 authored action24; category0x00000001, flags0x00000105, continuation23, signature0x00100212, row107. Conditional input/phase mapping recorded in character_assets Orochimaru section.
0x004603E4	label	orochimaru_action_25		ID9 authored action25; category0x00000001, flags0x00000085, continuation23, signature0x00104012, row110. Conditional input/phase mapping recorded in character_assets Orochimaru section.
0x00460448	label	orochimaru_action_26		ID9 authored action26; category0x00000001, flags0x00000005, continuation23, signature0x00100412, row113. Conditional input/phase mapping recorded in character_assets Orochimaru section.
0x004604AC	label	orochimaru_action_27		ID9 authored action27; category0x00000001, flags0x00000005, continuation23, signature0x00108012, row116. Conditional input/phase mapping recorded in character_assets Orochimaru section.
0x00460510	label	orochimaru_action_28		ID9 authored action28; category0x00000001, flags0x00000009, continuation-1, signature0x00100212, row120. Conditional input/phase mapping recorded in character_assets Orochimaru section.
0x00460574	label	orochimaru_action_29		ID9 authored action29; category0x00000001, flags0x00000109, continuation28, signature0x00100112, row123. Conditional input/phase mapping recorded in character_assets Orochimaru section.
0x004605D8	label	orochimaru_action_30		ID9 authored action30; category0x00000001, flags0x00800011, continuation-1, signature0x00100412, row126. Conditional input/phase mapping recorded in character_assets Orochimaru section.
0x0046063C	label	orochimaru_action_31		ID9 authored action31; category0x00000001, flags0x00000211, continuation30, signature0x00100112, row129. Conditional input/phase mapping recorded in character_assets Orochimaru section.
0x004606A0	label	orochimaru_action_32		ID9 authored action32; category0x00000001, flags0x00000021, continuation-1, signature0x00101012, row133. Conditional input/phase mapping recorded in character_assets Orochimaru section.
0x00460704	label	orochimaru_action_33		ID9 authored action33; category0x00000001, flags0x000000A1, continuation32, signature0x00100112, row136. Conditional input/phase mapping recorded in character_assets Orochimaru section.
0x00460768	label	orochimaru_action_34		ID9 authored action34; category0x00000100, flags0x00006041, continuation-1, signature0x00102012, row139. Conditional input/phase mapping recorded in character_assets Orochimaru section.
0x004607CC	label	orochimaru_action_35		ID9 authored action35; category0x00000200, flags0x000060C1, continuation34, signature0x08000011, row142. Conditional input/phase mapping recorded in character_assets Orochimaru section.
0x00460830	label	orochimaru_action_36		ID9 authored action36; category0x00000001, flags0x0000000A, continuation-1, signature0x00100214, row145. Conditional input/phase mapping recorded in character_assets Orochimaru section.
0x00460894	label	orochimaru_action_37		ID9 authored action37; category0x00000001, flags0x0000000A, continuation36, signature0x00100114, row149. Conditional input/phase mapping recorded in character_assets Orochimaru section.
0x004608F8	label	orochimaru_action_38		ID9 authored action38; category0x00000001, flags0x0000010A, continuation37, signature0x00100114, row152. Conditional input/phase mapping recorded in character_assets Orochimaru section.
0x0046095C	label	orochimaru_action_39		ID9 authored action39; category0x00000001, flags0x00000012, continuation-1, signature0x00100414, row155. Conditional input/phase mapping recorded in character_assets Orochimaru section.
0x004609C0	label	orochimaru_action_40		ID9 authored action40; category0x00000001, flags0x00000012, continuation39, signature0x00100114, row159. Conditional input/phase mapping recorded in character_assets Orochimaru section.
0x00460A24	label	orochimaru_action_41		ID9 authored action41; category0x00000001, flags0x00000212, continuation40, signature0x00100114, row162. Conditional input/phase mapping recorded in character_assets Orochimaru section.
0x00460A88	label	orochimaru_action_42		ID9 authored action42; category0x00000100, flags0x00004042, continuation-1, signature0x00102014, row165. Conditional input/phase mapping recorded in character_assets Orochimaru section.
0x00460AEC	label	orochimaru_action_43		ID9 authored action43; category0x00000200, flags0x000040C2, continuation42, signature0x08000014, row168. Conditional input/phase mapping recorded in character_assets Orochimaru section.
0x00460B50	label	orochimaru_action_44		ID9 authored action44; category0x00000001, flags0x00000006, continuation-1, signature0x00100114, row171. Conditional input/phase mapping recorded in character_assets Orochimaru section.
0x00460BB4	label	orochimaru_action_45		ID9 authored action45; category0x00000001, flags0x00000006, continuation44, signature0x00100114, row174. Conditional input/phase mapping recorded in character_assets Orochimaru section.
0x00460C18	label	orochimaru_action_46		ID9 authored action46; category0x00000001, flags0x00000086, continuation45, signature0x00100114, row177. Conditional input/phase mapping recorded in character_assets Orochimaru section.
0x00460C80	label	orochimaru_character_record		Own-game ID9 Orochimaru,body2orcbod1.ccs; counts47 actions,180 rows,156 animations; pointers0045FA20/0045C4B0/0045C240. Constructor installs extra hand-name pair at50/54.
0x00460D60	label	orochimaru_character_descriptor		Descriptor for orochimaru_construct; first word points to orochimaru_character_record.
0x00460DB0	label	orochimaru_sword_bone_names		Ten30-byte names OBJ_2forn00t0 bone02/03/05/06/08/09/11/12/14/15, all local in2orcbod1 despite for name.
0x00491430	label	jiraiya_callbacks		NUN4 ID21 seven slots:0,260B50,260BA0,261280,2616A0,0,0. NA2 ID83 additionally fills slot5. Pointer population from own record+1C.
0x00491450	label	jiraiya_animation_names		NUN4 Jiraiya ID21;154 name pointers; reserved slots46..4D separate from body names.
0x004916C0	label	jiraiya_animation_rows		NUN4 Jiraiya ID21;181 authored rows4C stride.
0x00494C80	label	jiraiya_actions		NUN4 Jiraiya ID21;46 records64 stride. Packed first four owner/selector words00010015,002A0015,00010015,002B0015; configured selectors42/43 map resources27/28.
0x00495E80	label	jiraiya_character_record		NUN4 Jiraiya ID21:46 actions at494C80,181 rows at4916C0,154 name slots at491450. Scalars58..DB match NA2 Jiraiya ID83 record569F90. Descriptor495F60.
0x00495F60	label	jiraiya_constructor_descriptor		NUN4 Jiraiya ID21 mutable constructor descriptor; record495E80; constructor assigns working storage before loading.
0x0049B100	data	tsunade_callbacks		Seven slots: null,channel2,channel3,source response,null,channel6,null. NUN4 ID25.
0x0049B120	data	tsunade_animation_names		160 names including shared and reserved slots46..4D; body tnd for nonshared ordinary slots.
0x0049B3A0	data	tsunade_animation_rows		191 authored0x4C rows; configured jutsu may replace first12.
0x0049EC60	data	tsunade_actions		49 authored0x64 records; first four carry owner25 and selectors1/50/1/51.
0x0049FF90	data	tsunade_character_record		ID25 Tsunade tnd; 49 actions0049EC60 stride64,191 rows0049B3A0 stride4C,160 animation names0049B120. Parameters+58..DC byte-agree with NA2 Tsunade ID84 record0056F7E0.
0x004A0070	data	tsunade_character_descriptor	Nun4TsunadeDescriptor	ID25 descriptor points record0049FF90; mode0 categories1E/1F/24, mode1 categories20/21/25/26; audio primary range6..23,event7. Construction also uses earlier working-array words; untouched unknown region retains them.
0x004A0A60	label	shizune_callbacks		Seven slots:00264EA0,00264ED0,00265600,00265BB0,0,0,0. Matched exact donor Shizune27.
0x004A0A80	label	shizune_animation_names		161 slots; exact NA2 Shizune85 normalization szn->szw differs only44(NUN4 gxn0,NA2 empty),70/72(NUN4 empty,NA2 chb00/chb02). Slot73=ANM_pszncha00,77=ANM_pszncha10.
0x004A0D10	label	shizune_animation_rows		189 rows76bytes. Versus NA2 Shizune85 after excluding skeleton string pointers: changes only rows0/1,132(planar speed50 vs60),133(decay.2 vs.15),141(rate256 vs336). Do not infer full behavior equality.
0x004A4530	label	shizune_actions		50 authored100-byte records. Actions0/2 are null selector1; action1 selector54/resource57; action3 selector55/resource58. Compare NA2 ID85,not filler27.
0x004A58C0	label	shizune_character_record		Exact NUN4 Shizune ID27 szn; counts50 actions/189 rows/161 animation slots; action004A4530,row004A0D10,names004A0A80,callbacks004A0A60. All33 words+58..D8 equal exact NA2 Shizune85 record00575290. Equality is stored parameters,not callback or behavior equivalence.
0x004A5C10	label	kabuto_callbacks		Seven slots:0,00266430,002664E0,00266AA0,0,0,0. Matched exact donor Kabuto28.
0x004A5C30	label	kabuto_animation_names		148 slots; normalized kbt->kbw comparison NA2 Kabuto90 differs only44(NUN4 gxn0,NA2 empty),70/72(NUN4 empty,NA2 chb00/chb02). Slot73=ANM_pkbtcha00,77=ANM_pkbtcha10.
0x004A5E80	label	kabuto_animation_rows		172 rows76bytes. Versus NA2 Kabuto90 excluding skeleton string pointers: changed only0/1,118,119,121. Ordinary row118 rate256 vs208,speed10 vs25,decay.25 vs.2,bank ends-1 vs-2;119decay.25 vs.3;121 motion event-1 vs4,speed40 vs35,decay.25 vs.15.
0x004A9190	label	kabuto_actions		44 authored100-byte records. Actions0/2 null selector1; action1 selector56/resource45; action3 selector57/resource46. Compare NA2 ID90,not filler28.
0x004AA2C0	label	kabuto_character_record		Exact NUN4 Kabuto ID28 kbt;44 actions/172 rows/148 names; actions004A9190,rows004A5E80,names004A5C30,callbacks004A5C10. All33 words+58..D8 equal exact NA2 Kabuto90 record0058AB50; stored parameters only.
0x004ED7A0	label	naruto_nine_tails_character_record		NUN4 definition47 record selected by naruto_nine_tails_create; complete record not yet compared.
0x004ED880	label	naruto_nine_tails_character_descriptor		NUN4 ID47 constructor descriptor first word points004ED7A0.
0x00517E70	label	naruto_callbacks		NUN4 ID57 slots0..6=channel1 295C80,channel2 295CB0,channel3 2960E0,hit response2978A0,channel5 297C60,null,null.
0x0051BA60	label	naruto_actions		Naruto ID57 authored49 actions,0x64 stride; checked first four packed owner/selector words at+1C are00720039,00720039,00010039,00730039. Action1/3 selectors114/115; action2 sentinel1. Counts do not establish reachability.
0x0051CD90	label	naruto_character_record		Naruto ID57; body2nrwbod1.ccs; action/row/animation counts49/193/157 and array pointers0051BA60/00518110/00517E90. Own-game record layout confirmed by fighter_load_character_record.
0x0051CE70	label	naruto_character_descriptor		First word naruto_character_record0051CD90; descriptor passed by naruto_construct.
0x00560720	label	naruto_second_stage_callbacks		NUN4 ID73 slots0..6=channel1 2C4D10,channel2 2C4E40,channel3 2C50D0,hit response2C5E30,channel5 2C62A0,null,channel7 2C4E00.
0x00560740	label	naruto_second_stage_animation_names		NUN4 ID73 has159 names including20 own pnwv replacements for NA2 common pcmn slots and a different character-action tail.
0x005609C0	label	naruto_second_stage_animation_rows		NUN4 ID73 source202 rows at4C stride; all50 authored row indices in range and sequences require individual action comparison.
0x005645C0	data	naruto_second_stage_actions	Nun4ActionRecord[50]	NUN4 ID73 source action64 stride,50 records; first4 owner/selector920049,920049,10049,930049. UJ4..9 then common10..20 and character actions21..49. NA2 ID73 has46 records; action alignment must use row animation names rather than equal indices.
0x00565950	label	naruto_second_stage_character_record		NUN4 ID73 second-form record;50 actions/202 rows/159 names; parameters58..DB exactly agree with NA2 ID73 despite different action/body/class code.
0x00565A30	label	naruto_second_stage_character_descriptor		First word565950; constructor's effect description/particle constants follow.
0x00571434	data	orochimaru_ordinary_effect_definition		Effect13; default duration600, flags2; seven leading factors 1.5/1.25/1.25/1.25/1.25/1/1. These stored values agree with NA2 effect5D after layout offset.
0x00571A1C	data	jiraiya_ordinary_effect_definition		NUN4 effect21 record under570C30+21*6C. Default600 flags2; factors1.5/1.25/1.25/1.25/1.25/1/1; scalar payload agrees with retailNA2 ID83 effect56 after layout adjustment.
0x00571AF4	data	tsunade_regeneration_effect_definition		NUN4 Tsunade25 UJ56 effect23; default600 flags2. Copied gameplay words after ID byte-match NA2 Tsunade84 effect22: entry chakra+15, recurring HP+1/1200 to bound1 and chakra-1/40 to bound0, neutral factors. Factory262C90 and destructor262D30 request successor24.
0x00571B60	data	tsunade_regeneration_successor_definition		NUN4 Tsunade25 effect24; default450 flags2, attack/rate/jump/knockback .75, defense/size/recovery neutral, no resource deltas. Copied gameplay words after ID byte-match NA2 effect23. Auxiliary panel selector -1 skips label.
0x00571BCC	data	tsunade_ordinary_effect_definition		NUN4 Tsunade25 ordinary power25; default600 flags2, attack1.5 defense1.25 rate1.25 jump1 knockback1.5 size/recovery1, no resource deltas. Copied gameplay words after ID byte-match NA2 Tsunade84 Sannin effect57. Generic C0 node; auxiliary panel selects TEX_mode1name1.
0x00571C38	data	shizune_medical_effect_definition		NUN4 Shizune27 effect26: null concrete factory, default600,flags2; node74..8C factors1.2/1.1/1.2/1/1.1/1/1; nodeAC HPdelta bits39DA740E with boundary1; entry/exit/chakra deltas0. Scalar copy68..B8 except ID matches NA2 Shizune85 effect58.
0x00571CA4	data	kabuto_recovery_effect_definition		NUN4 Kabuto28 effect27: null concrete factory,default450,flags2; node74..8C factors1.2/1.1/1.2/1/1.1/1/1; nodeAC HPdelta bits3A11A2B4,boundary1; entry/exit/chakra deltas0. Scalar copy68..B8 except ID matches NA2 Kabuto90 effect5E.
0x00573D90	data	jutsu_animation_provider_table	unsigned int[468]	Complete156 twelve-byte selector rows0..155 before character_definition_table005744E0; archive helper returns word+8 without bound. Selectors0/1=2cmnbod1;11 resident/BTL mismatches at52,58,59,62,63,66,67,148,149,150,151 use2nrtcha0/1 in resident. First-word/second-word meanings remain open; word0 exceptions0/1/2/14/23=0,other151=1;word4 only0/1 nonzero=004371A0.
0x00573F88	data	jiraiya_jutsu0_selector_record		Selector42 twelve-byte record; +4 initialized from authored action1, +8 filename2jrycha0.
0x00573F94	data	jiraiya_jutsu1_selector_record		Selector43 twelve-byte record; +4 initialized from authored action3, +8 filename2jrycha1.
0x00573FE8	data	tsunade_jutsu0_selector_record		Selector50 resident twelve-byte row: initialized +4 action0049ECC4 (ID25 owner/selector0019/0032), +8 filename005C1118 2tndcha0.ccs. jutsu_selector_display_name returns action+08+4*ui_language_index.
0x00573FF4	data	tsunade_jutsu1_selector_record		Selector51 resident twelve-byte row: initialized +4 action0049ED8C (ID25 owner/selector0019/0033), +8 filename005C1128 2tndcha1.ccs. jutsu_selector_display_name returns action+08+4*ui_language_index.
0x00574018	data	shizune_jutsu0_selector_record		Selector54 stride12 at00573D90+54*12. Initial+4 zero; store005E742C writes ID27 definition005745BC->record004A58C0->actions+64 =004A4594. +8 filename005C1148 2szncha0.ccs; packed action owner/selector001B/0036; English title Hog Style: Tonton at action+08.
0x00574024	data	shizune_jutsu1_selector_record		Selector55; store005E743C writes ID27 record actions+12C =004A465C at row+4. +8 filename005C1158 2szncha1.ccs; packed owner/selector001B/0037; English action+08 title Ninja Art: Poison Fog.
0x00574030	data	kabuto_jutsu0_selector_record		Selector56; store005E7454 writes ID28 definition005745C4->record004AA2C0->actions+64 =004A91F4 at row+4. +8 filename005C1168 2kbtcha0.ccs; packed owner/selector001C/0038; English action+08 title Feather Illusion Jutsu.
0x0057403C	data	kabuto_jutsu1_selector_record		Selector57; store005E7464 writes ID28 record actions+12C =004A92BC at row+4. +8 filename005C1178 2kbtcha1.ccs; packed owner/selector001C/0039; English action+08 title Chakra Dissection Blade.
0x005744E0	label	character_definition_table		Own-game factory consumer0023D700 uses8-byte character-ID stride and calls first word; Classic Naruto slot1=(fighter_id_001_create,naruto_classic_character_record). Static paired-pointer region ends00574750,78 slots0..77; selector eligibility not established by this data.
0x005745A8	data	tsunade_definition		ID25 own-game pair factory00262F50, record0049FF90; NUN4 Tsunade tnd.
0x005749F0	data	camera_stage_tracking_gains	Nun4StageCameraRecord[18]	18 battle records, 96-byte stride; first S01 record is byte-identical to NA2 S01 at 00891510.
0x005750B0	data	stage_camera_records_by_slot	Nun4StageCameraRecord *[25]	Raw slots 0..17 point to 18 battle records 5749F0, stride 60h; 18..24 point to seven summon records.
0x00575250	data	kabuto_blade_secondary_transient_resource		Transient row 7: type 1, effect0x ANM_e0x_gard_01. Secondary visual pool slot 4 prebinds this row, supplying context +4B4/+4B8 used by Kabuto contact visuals.
0x00575418	data	tonton_smoke_transient_resource		Transient catalog row 26 (0x1A), type 2, provider effect0x and literal EFF_e0ysmok03a; selected by resident smoke emission helpers reached by Tonton.
0x00575440	data	common_effect_star00_row		Common-effect row 28: effect0x / EFF_e0xstar00, selected by NUN4 Tsunade Gambling Shot pattern 1.
0x005754C0	data	kabuto_blade_aura_transient_resource		Transient catalog row 33 (0x21), type 4, provider effect0x and ANM_e0x_aura_00; reached by Kabuto jutsu-1 contact visuals through 0030C6F0 and pooled/fallback allocator 002FEEB0.
0x005756F8	data	gamabunta_ground_effect_resource		Effect resource0x39, provider effect0x,name ANM_e0x_dokan_00,type4; ground pool0x3F maps here via5C3BC4.
0x00575B38	data	katsuyu_radial_effect_resource		Type field for transient resource0x66 (decimal102); row begins575B30, provider particle, name EFF_e0xsmok11 at5C2DF0, type2 sprite. Adjacent row0x67 is ANM_e0x_smok_12; it is not the Katsuyu radial selection.
0x00576020	data	battle_surface_debris_resources		Fourteen 32-bit global resource indices111..124; battle_surface_debris_bind indexes two seven-entry effect-context banks by surface variant. Exact table consumer verified.
0x00576CF0	data	particle_resource15_x001		Particle resource15 base provider effect0x and effect nameEFF_x001; resource65 borrows this record and selects palette variant2.
0x00576D30	data	particle_resource19_smoke11		16-byte particle catalog row19: particle / EFF_e0xsmok11, local base, no alias.
0x00576E40	data	jiraiya_rasengan_particle_choice		Cache36 aliases common leaf choice1 and palette CLT_e0xleaf01c2, prefix-row34. Choice1 at576C10 resolves particle/CMP_e0xleaf01.
0x00576F80	data	kabuto_feather_particle_palette_resource		Particle catalog row 56: particle CLT_x002c5 alias; descriptor reused from row 6 EFF_x002 and palette option 5 relative to base row 51.
0x00576FF0	data	katsuyu_acid_ground_particle_resource		Particle catalog63, effect0x CLT_x001 alias of resource15 EFF_x001; zero palette variant, cached by battle_initialize_particle_resources.
0x00577010	data	orochimaru_jutsu0_particle_resource65		Particle resource65: effect0x/CLT_x001c2,alias resource15 EFF_x001,basename resource63; cached palette variant2.
0x00577030	data	shizune_poison_particle_palette_resource		Particle catalog row 67: effect0x CLT_x001c4 alias; descriptor reused from row 15 EFF_x001 and palette option 4 relative to base row 63. Poison helper later replaces selected effect with own-provider EFF_pszndgr0; contact path keeps this shared descriptor.
0x00577090	data	kabuto_feather_auxiliary_particle_resource		Particle catalog row 73: particle CLT_e0xpar01 alias; descriptor reused from row 18 EFF_e0xpar01 and palette option 0 relative to row 73.
0x00577100	data	particle_resource80_smoke11_palette1		16-byte particle catalog row80: particle / CLT_e0xsmok11c1, base19, palette-group start79; cached choice selects variant1 of smoke11.
0x00578590	data	tsunade_wave_splash_particle_positive		38-byte particle descriptor selected by tsunade_jutsu0_create_wave for positive facing on surface202020/E0E000/E0A000;paired negative descriptor5785C8. Resource decoding separately verified through particle emitter consumers.
0x005785C8	data	tsunade_wave_splash_particle_negative		38-byte facing variant of578590;code calls battle_particle_create with forces578600/578620.
0x005789E0	data	tsunade_wave_debris_particle		38-byte descriptor used on surfaceF0D0D0;emitter may receive field_ground_particle_composition result. Forces578A50/578A70/578A90.
0x00578A18	data	tsunade_wave_composition_particle		38-byte descriptor used on surface0060C0/80D0F0;four explicit child substitutions CMP_ptndhhn_0..3 from adopted 2TNDCHA0 provider;forces578A50/578A70/578A90.
0x00578C90	data	rasengan_particle_emitter_descriptor		38-byte common NRV001 retained emitter descriptor; default choice74 is overridden at particle228 to36 for Jiraiya resource28 before activation; forces578CD0/578CF0.
0x00578DF0	data	startup_ccs_paths		Five startup shared CCS paths: cmn/cw2.ccs, cmn/effect0x.ccs, cmn/gauge.ccs, cmn/particle.ccs, cmn/shade.ccs. Followed at 00578E08 by battle common paths.
0x00578F94	data	tsunade_regeneration_defender_draw_gate		Null pointer for skill39 in own-game draw-gate vector00578EB0; no selected optional-body suppressed range.
0x00578F98	data	tsunade_hokage_power_defender_draw_gate		Null pointer for skill3A in own-game draw-gate vector00578EB0; no selected optional-body suppressed range.
0x005794F8	label	sp_skill_frame_scripts		Own-game per-skill pointer array bound bysp_skill_play_begin atowner160/164;frame callback interprets op1 allocate transient,op2 release,op3 change side appearance palette.
0x005795C8	data	jiraiya_cinematic_frame_scripts		Skill52/53 pointers both0; no resident frame scripts for checked ordinary Jiraiya requests.
0x005795DC	data	tsunade_regeneration_frame_script_entry		Resolved skill0x39 pointer in sp_skill_frame_scripts is zero; sp_skill_play_begin indexes directly by skill, so D25_10 selects no resident op1/2/3 script.
0x005795E0	data	tsunade_hokage_power_frame_script_entry		Resolved skill0x3A pointer in sp_skill_frame_scripts is zero; D25_20 selects no resident op1/2/3 script.
0x00579810	label	sp_skill_palette_substitution_descriptors		Own-game8-byteper-skilldescriptor:row-pointer-arrayat0,signedcount4;eachpointedrow12bytescontainer0/target4/palette8. sp_skill_apply_authored_palettes dereferences each4-bytearrayelement beforeexternal palettehelper;NA2usesinlineSINF rows incontainer/palette/targetorder.
0x005799B0	data	jiraiya_cinematic52_palette_descriptor		Skill52 descriptor{607900,1}; row points5CE5F0 ->1jrybod1,EXT_2jhnd00t0 body,CLT_1jrybodyc1/c2.
0x005799B8	data	jiraiya_cinematic53_palette_descriptor		Skill53 descriptor{0,0}; no authored resident palette substitutions.
0x005799D8	data	tsunade_regeneration_palette_descriptor		Resolved skill0x39 eight-byte sp_skill_palette_substitution_descriptors entry is {0,0}; sp_skill_apply_authored_palettes has no list for D25_10. Header2510 is outside its four special header replacements.
0x005799E0	data	tsunade_hokage_power_palette_descriptor		Resolved skill0x3A palette descriptor is {0,0}; no authored extra palette substitutions for D25_20, header2520 outside four special replacements. Participant body appearance binding remains independent.
0x0057A1A0	label	character_battle_body_filenames		Own NUN4 actual-ID filename pointer family; manager_publish_six_selections/battle_queue_fighter_ccs consume ID9 row57A1C4 ->5CF980 2orcbod1.ccs. Length not audited here.
0x0057A2E0	label	character_presentation_body_filenames		Own NUN4 publisher/queue actual-ID pointer family; ID9 row57A304 ->5CFDA0 1orcbod1.ccs. Length not audited here.
0x0057A420	label	character_end_demo_filenames		Own NUN4 six-selection publisher actual-ID pointer family; ID9 row57A444 ->5D0190 3orc3eye.ccs. Separate from2BOD1 and portrait.
0x0057A560	label	character_portrait_filenames		Own NUN4 per-side queue mask8 and jutsu_presentation_update consume actual-ID family; ID9 row57A584 ->5D0580 3orc3pct.ccs. Not CHARSEL1 atlas art.
0x0057AD20	data	audio_voice_choice_sprite_regions	unsigned short[40]	Five repeated pairs of eight-byte sprite rectangles copied by audio_settings_menu_draw. menu index0=(u345,v457,w78,h22) JAPANESE, index1=(u345,v481,w78,h22) ENGLISH in DATAE.CVM OPTION.CCS TEX_option; loop highlights index==menu+2C and passes table+index*8 to sprite_draw_scaled_rectangle. audio_settings_menu_update writes inverse index, hence compact descriptor set0 English/set1 Japanese.
0x0057E6B0	data	camera_clash_record	unsigned char[176]	176-byte normal clash presentation record; anchor selectors +10/+14, delays +18/+1C, durations +24/+28, eye endpoint +90; alternative0057E760 selected by745A30 query.
0x0057E760	data	camera_clash_alternative_record	unsigned char[176]	Alternative 176-byte clash presentation record selected by745A30 query; same header offsets as camera_clash_record.
0x00580FE0	label	ccfm_callback_member_templates		Six resident callback descriptors initialized into callbackowner+2CC:prepare slots0noop/1rectanglepairs/2radial;draw slots0noop/1sixrectanglepairs/2radialmesh. Serializedselector byte38 uses corresponding destination-owned callbacks.
0x00582090	label	character_select_display_rows		Own NUN4 twelve-byte display-ID rows:portrait texturebankshort+0,colshort+2,rowshort+4;name rectangle shorts+6/+8/+A. Verified consumers character_select_bind_fighter_portrait/name_rectangle_copy. Total bound not audited.
0x005820FC	label	orochimaru_character_select_display		Actual NUN4ID9 six halfwords{1,1,0,208,224,120}. PortraittextureTEX_purecharsel02,UVorigin(168,0)/512 from first3shorts;namerectangle(209,225,118,30) fromlast3. Separate from3orc3pct.ccs.
0x00582540	label	orochimaru_character_select_roster_entry		Own NUN4 63-row character_select_build_roster_nodes source at582440; rowindex32 bytes09 00 00 00 00 00 03 00:actualID9,category0,circularlistrow3. Adds fighter node; no forwardform for9.
0x00583734	label	orochimaru_presentation_array_entry		Own NUN4 actualID9 pointerentry incharacter_presentation_array_initialize table583710 iszero;thispath createsno auxiliarydescriptorplayers. Does not mean3EYE/1BOD1/3PCTunused;thesehaveindependentconsumers.
0x00583860	data	bg_record_factories	void *[129]	129 factory pointers indexed by BIN_bgdata field1; dispatch0x003B7040; all22 S01 indices match NA2 class or configuration role.
0x00583B10	label	jutsu_character_lists		Own-game 78 character-indexed counted signed-halfword record-index lists.
0x00583B74	data	tsunade_ultimate_jutsu_list_pointer		ID25 points00607D00,count3 record indices56/57/58; default table00583C82=56.
0x00583C50	label	jutsu_character_default_records		Own-game character-indexed signed-halfword default record table.
0x005913C0	data	audio_music_preset_table	void *[11]	Eleven music preset branch entries; preset5 points001D5378 to raw-stage/default music selector.
0x00591DD0	data	voice_events_base	short[33]	NUN4 halfword controls for events0..32:0,1,2,3,4,5,6,7,8,12,13,14,15,16,17,18,19,20,21,22,23,24,25,28,26,27,38,39,40,23,36,37,41. Checked IDs1/9/57 base pointers use this. Event25 control27 and event32 control41 disabled (programFF).
0x00591E20	data	voice_events_110	short[33]	NUN433 halfword controls = voice_events_base+110 from complete data read. Distinct pointer target of voice_event_pointer_pairs; not selected by checked ID1/9/57 pairs. No donor equivalence asserted for other characters.
0x00591E70	data	voice_events_160	short[33]	NUN4 alternate33 controls = voice_events_base+160. Checked IDs1/57 alternate pointers use this; program bytes match base IDs except event25 uses enabled program27; scalar default62 versus60. Event32 control201 disabled. IDs47..56 base pointers also select this list.
0x005922F9	data	orochimaru_awakening_flags		ID9 byte in awakening_dispatch flags table; 10 selects ordinary action-progress predicate.
0x00592305	data	jiraiya_awakening_flags		NUN4 ID21 byte5922F0+21=10; ordinary raw action-progress trigger.
0x00592309	data	tsunade_awakening_flags		NUN4 flags table5922F0[25]=10;action-progress trigger.
0x0059230B	data	shizune_awakening_flags		Current ID27 trigger byte40 selects class7 entry only;not ordinary action-progress or existing-effect adoption.
0x0059230C	data	kabuto_awakening_flags		Current ID28 trigger byte40 selects class7 entry only;not ordinary action-progress or existing-effect adoption.
0x00592329	data	naruto_awakening_flags		ID57 awakening_dispatch indexed byte: 1; enables existing-effect/form adoption, not an ordinary action-progress entry.
0x00592352	data	orochimaru_awakening_presentation_event		ID9 signed event halfword, 1F; ordinary entry requests this descriptor event.
0x0059236A	data	jiraiya_awakening_presentation_event		NUN4 ID21 signed event592340+21*2=-1; ordinary entry emits no descriptor voice/event.
0x00592372	data	tsunade_awakening_presentation_event		NUN4 signed-halfword presentation table592340[25]=-1.
0x005923B2	data	naruto_awakening_presentation_event		ID57 event halfword: 31.
0x00592468	data	orochimaru_awakening_association		ID9 pair: effect13, count1; input_sector_widen_state_b applies it and sets fighter +63 bit20.
0x005924C8	data	jiraiya_awakening_association		NUN4 ID21 inline effect21,count1; ordinary entry sets fighter63 bit20 and retains ID21.
0x005924E8	data	tsunade_awakening_association		NUN4 own ID25 row:effect25,count1;ordinary entry removes23 then inserts25.
0x005924F8	data	shizune_awakening_association		Current ID27 indexes association592420 stride8; effect26,count1. English class7 UJ60 selects effect26. No alternate fighter form from this effect.
0x00592500	data	kabuto_awakening_association		Current ID28 indexes association592420 stride8; effect27,count1. English class7 UJ63 selects effect27. No alternate fighter form from this effect.
0x005925E8	data	naruto_awakening_association		ID57 association: effect0x64, count1. The jutsu form mapper independently maps effect0x64 to ID73.
0x00592668	data	naruto_second_stage_awakening_association		ID73 association: effect0x64, count1; inherent-form initialization applies it with lifetime -2.
0x005939B0	data	jiraiya_jutsu1_title_english		Rasengan. Pointer437AB4 supplies Jiraiya authored action3 display slot8 through resident static initializer.
0x00594370	data	orochimaru_jutsu0_english_title		Snake Tongue Sucks In;004377F0 pointer,005DBA8C store to ID9 action1 English+8.
0x00594390	data	orochimaru_jutsu1_english_title		Snake Sword: Sky Blade;004377F4 pointer,005DBAC4 store to ID9 action3 English+8.
0x00595330	data	jiraiya_jutsu0_title_english		Ninja Art: Needle Jizo. Pointer437AB0 supplies Jiraiya authored action1 display slot8 through resident static initializer.
0x00595650	data	tsunade_jutsu0_title_english		Heaven Kick of Pain; Tsunade ID25 authored action1 at0049ECC4. Pointer00437B30 supplies action+08 through store005DE2CC; selector50 ->resource51/provider2tndcha0.
0x00595668	data	tsunade_jutsu1_title_english		Gambling Shot; Tsunade ID25 authored action3 at0049ED8C. Pointer00437B34 supplies action+08 through store005DE304; selector51 ->resource52/provider2tndcha1.
0x005957D0	data	shizune_jutsu0_title_english		NUN4 Shizune ID27 ordinary action1 title Hog Style: Tonton; pointer00437B80 copied by fighter_authored_action_static_initialize store005DE6B4 to004A459C (action1+08). Selector54 ->resource57/provider2szncha0.
0x005957F0	data	shizune_jutsu1_title_english		NUN4 Shizune ID27 ordinary action3 title Ninja Art: Poison Fog; pointer00437B84 copied by fighter_authored_action_static_initialize store005DE6EC to004A4664 (action3+08). Selector55 ->resource58/provider2szncha1.
0x00595900	data	kabuto_jutsu0_title_english		NUN4 Kabuto ID28 ordinary action1 title Feather Illusion Jutsu; pointer00437BC0 copied by fighter_authored_action_static_initialize store005DEA34 to004A91FC (action1+08). Selector56 ->resource45/provider2kbtcha0. Title is distinct from descriptive actor annotation kabuto_chakra_jutsu.
0x00595920	data	kabuto_jutsu1_title_english		NUN4 Kabuto ID28 ordinary action3 title Chakra Dissection Blade; pointer00437BC4 copied by fighter_authored_action_static_initialize store005DEA6C to004A92C4 (action3+08). Selector57 ->resource46/provider2kbtcha1. Not the Dead Soul Ultimate Jutsu title.
0x00599FA0	data	orochimaru_jutsu0_french_title		Drain du Serpent;00438820 pointer,ID9 action1 slots+0C..18.
0x00599FC0	data	orochimaru_jutsu1_french_title		Épée Céleste Serpent;00438824 pointer,ID9 action3 slots+0C..18.
0x0059B380	data	tsunade_jutsu0_title_french		Coup de Pied Marteau; pointer00438B60 supplies Tsunade ID25 action1 display slots+0C..18 in fighter_authored_action_static_initialize.
0x0059B398	data	tsunade_jutsu1_title_french		Tir du Joueur; pointer00438B64 supplies Tsunade ID25 action3 display slots+0C..18 in fighter_authored_action_static_initialize.
0x005A9260	label	jiraiya_common_ponytail_node_name		Exact cp932 name OBJ_2cmn00t0 ﾎﾟﾆｰﾃｰﾙ 1; jiraiya_channel5 current-ID21 path uses this.
0x005A9318	label	jiraiya_foreign_receiver_head_node_name		OBJ_2jryh00t0; jiraiya_channel5 foreign actual-fighter-ID path uses this for actions28/29.
0x005C3C80	data	stage_slot_logical_id_cases	void *[18]	18 jump targets 312D28..312E38, 16-byte spacing; each loads logical slot+1.
0x005C5980	data	battle_rash_archive_path	char[11]	Fixed n_rash.ccs path used by battle preload/adoption/release and replacement.
0x005C7290	data	kabuto_dead_soul_scene_frame_script		Skill3E per-skill pointer005795F0 selects {op1,234,op2,262,op0,0};sp_skill_play_frame executes command only when threshold<current frame. Allocate transient at235,release at263;native skillAC script pointer005AB62C is zero.
0x005C8E60	data	jiraiya_cinematic_audio_rows_34		124 eight-byte rows134..291; sound cues134:15,195:18; nonzero damage weights total32768; all chakra weights0.
0x005C9240	data	jiraiya_cinematic_audio_rows_35		92 eight-byte rows85..302; sound cues85:12,185:15; nonzero damage weights total32768; all chakra weights0.
0x005C9870	label	shizune_great_cross_slash_hit_rows		NUN4skill3C counted30; bytes match NA2skillA1 rows005D2D70.
0x005C9960	label	shizune_tonton_combo_hit_rows		NUN4skill3D counted2; bytes match NA2skillA2 rows005D2E60.
0x005C9970	label	kabuto_dead_soul_hit_rows		NUN4skill3E counted3; bytes match NA2skillAC rows005D3320.
0x005C9990	label	kabuto_chakra_scalpel_hit_rows		NUN4skill3F counted3; bytes match NA2skillAD rows005D3340.
0x005CADC0	data	naruto_low_hp_ultimate_hit_rows		Skill 0x59: 27 eight-byte rows; frames 24/46/220 then 221..244, cues 14/12/18 then -1. Damage weights total 32768; chakra weights all zero.
0x005CAEA0	data	naruto_grand_rasengan_hit_rows		Skill 0x5A: 11 eight-byte rows; frames 27/159/165/244/247/250/253/256/259/262/266, cues 13/15/-1/18 then -1. Complete bytes match NA2 skill 0x4B rows at 0x005CCA40.
0x005CAF00	data	naruto_second_stage_ultimate_hit_rows		Skill 0x5B: 67 rows, damage weights total 32768, chakra all zero. Frame 119 cue13, frame315 cue18; remaining cues -1; final frame454 weight494, other 66 rows weight489.
0x005CD4B0	label	cinematic_audio_descriptors		Own-game sp_skill_play_start binds resident8-byte counted descriptors at base+skill*8;rows8-byte frame/popup/sound/damage/chakra;selected after opponent replacement.
0x005CD560	data	orochimaru_cinematic22_hits	Nun4UltimateJutsuHitDescriptor	Skill22 descriptor count2, rows005C7F00.
0x005CD568	data	orochimaru_cinematic23_hits	Nun4UltimateJutsuHitDescriptor	Skill23 descriptor count51, rows005C7F10; total normalized damage words32768.
0x005CD650	data	jiraiya_cinematic_audio_descriptor_34		Authored skill52 descriptor{124,5C8E60}; selected by sp_skill_play_start after replacement.
0x005CD658	data	jiraiya_cinematic_audio_descriptor_35		Authored skill53 descriptor{92,5C9240}; selected by sp_skill_play_start after replacement.
0x005CD678	data	tsunade_cinematic39_hits		Skill39 descriptor:count1,rows5C9838;row235/popup4/cue12/damage8000/chakra0.
0x005CD680	data	tsunade_cinematic3a_hits		Skill3A descriptor:count5,rows5C9840;frames53/70/90/142/231,cues0D/FF/FF/0F/12;damage4000 at53 and231.
0x005CD778	data	naruto_low_hp_ultimate_audio_descriptor		Resolved skill 0x59 descriptor: count27, pointer naruto_low_hp_ultimate_hit_rows.
0x005CD780	data	naruto_grand_rasengan_audio_descriptor		Resolved skill 0x5A descriptor: count11, pointer naruto_grand_rasengan_hit_rows.
0x005CD788	data	naruto_second_stage_ultimate_audio_descriptor		Resolved skill 0x5B descriptor: count67, pointer naruto_second_stage_ultimate_hit_rows.
0x005CD950	label	sp_skill_damage_offset_name_format		Own-game BIN_damoffs_%s;requestheader name supplies suffix,optional position-trackresource.
0x005CF020	label	sp_skill_filter_name_format		Own-game BIN_strfilter_%s withrequestheader name,truncateatdot;optionalCCFMfilterinput.
0x005D11C0	label	audio_settings_container_filename		Literal option.ccs selected by audio_settings_menu_create_resources through audio_settings_container_filename_ptr006079C0.
0x005D11E0	label	audio_settings_texture_name		Literal TEX_option bound by audio_settings_menu_create_resources to menu+08 sprite; holds JAPANESE/ENGLISH choices at audio_voice_choice_sprite_regions rectangles.
0x005D29F0	label	reversal_smoke_container_name		Own-game selector16/17 findcontainer ktys_smok.
0x005D2A00	label	reversal_smoke_animation_name		Own-game selector16/17 useANM_ktys_smok0.
0x005D4480	data	ccfm_scalar_channel_payload_sizes	unsigned int[4]	Runtime-state allocation sizes for scalar channel modes 0/1/2/3: 4/4/12/0 bytes. Mode 0 reserves unused allocation bytes; reset and advance consume state only for modes 1/2. Checked own-game bytes agree with NA2.
0x005D4490	data	ccfm_discrete_channel_payload_sizes	unsigned int[4]	Runtime-state allocation sizes for discrete channel modes 0/1/2/3: 4/4/12/0 bytes. Mode 0 reserves unused allocation bytes; reset and advance consume state only for modes 1/2. Checked own-game bytes agree with NA2.
0x005DA4A0	function	fighter_authored_action_static_initialize		Verified ctor-table pointer005EAA24 and preceding return005DA490; static initializer writes localized action display pointers, including Jiraiya action1/3 at00494CEC/00494DB4.
0x005DBA8C	label	orochimaru_jutsu0_bind_english_title		Store pointer004377F0 ->00594370 Snake Tongue Sucks In into ID9 action1+8 at0045FA8C; following stores use00438820 ->00599FA0 Drain du Serpent in+0C..18.
0x005DBAC4	label	orochimaru_jutsu1_bind_english_title		Store pointer004377F4 ->00594390 Snake Sword: Sky Blade into ID9 action3+8 at0045FB54; following stores use00438824 ->00599FC0 Epee Celeste Serpent (accented) in+0C..18.
0x005DE2CC	label	tsunade_jutsu0_bind_english_title		Store pointer00437B30 ->00595650 Heaven Kick of Pain into Tsunade ID25 action1+08 at0049ECCC; following stores use00438B60 ->0059B380 in+0C..18.
0x005DE304	label	tsunade_jutsu1_bind_english_title		Store pointer00437B34 ->00595668 Gambling Shot into Tsunade ID25 action3+08 at0049ED94; following stores use00438B64 ->0059B398 in+0C..18.
0x005DE6B4	label	shizune_jutsu0_bind_english_title		Store00437B80 title pointer into action1+08 at004A459C; next four locale slots receive00438BB0.
0x005DE6EC	label	shizune_jutsu1_bind_english_title		Store00437B84 title pointer into action3+08 at004A4664; next four locale slots receive00438BB4.
0x005DEA34	label	kabuto_jutsu0_bind_english_title		Store00437BC0 title pointer into action1+08 at004A91FC; next four locale slots receive00438BF0.
0x005DEA6C	label	kabuto_jutsu1_bind_english_title		Store00437BC4 title pointer into action3+08 at004A92C4; next four locale slots receive00438BF4.
0x005E715C	label	orochimaru_jutsu0_bind_display_record		Load ID9 definition pointer0057452C then actions+2C and+64; store authored action1 to selector18 pointer00573E6C; following+12C store005E716C binds selector19 action3 at00573E78.
0x005E733C	label	jiraiya_jutsu0_bind_display_record		Store definition57458C record+2C authored action base plus64 into selector42 row573F8C. Following store5E734C uses plus12C for selector43.
0x005E73DC	label	tsunade_jutsu0_bind_display_record		Initializer tail loads ID25 definition record005745AC ->0049FF90, action base+2C ->0049EC60, then+64 ->0049ECC4; stores at selector50 action pointer00573FEC.
0x005E73EC	label	tsunade_jutsu1_bind_display_record		Initializer tail reloads ID25 record action base, adds12C ->0049ED8C, writes selector51 action pointer00573FF8.
0x005E742C	label	shizune_jutsu0_bind_display_record		Write ID27 record+2C authored action base+64 to selector54 row+4 (0057401C); next store005E743C binds action3 (+12C) to selector55 (00574028).
0x005E7454	label	kabuto_jutsu0_bind_display_record		Write ID28 record+2C authored action base+64 to selector56 row+4 (00574034); next store005E7464 binds action3 (+12C) to selector57 (00574040).
0x005EAEE0	label	naruto_second_stage_vtable		NUN4 ID73 final vtable. Slots08/1C/24/28/2C=destroy/AI/auxiliary update/draw/auxiliary hitbanks at002C2810/2990/29D0/2D50/2EE0; common0C/10/14/18/20 entries checked via bytes.
0x005EB200	label	naruto_vtable		Final concrete NUN4 Naruto ID57 table installed by naruto_construct at fighter+50.
0x005EB400	label	naruto_nine_tails_vtable		Final concrete NUN4 ID47 table installed by naruto_nine_tails_construct at fighter+50.
0x005EB700	data	tsunade_vtable		12 words; destructor002630B0; virtual1C00263130,20=0023B8E0,28=00263170; ordinary slots0C/10/14=00238150/00238450/002387B0.
0x005EB730	label	tsunade_regeneration_successor_vtable		ccPlConSpl25B interface; installed by tsunade_regeneration_successor_construct.
0x005EB750	label	tsunade_regeneration_effect_vtable		ccPlConSpl25A interface; installed by tsunade_regeneration_effect_construct.
0x005EB7A0	label	jiraiya_vtable		NUN4 concrete Jiraiya ID21 table installed by jiraiya_construct.
0x005EBA30	label	orochimaru_vtable		NUN4 Orochimaru ID9 concrete fighter vtable, 0x30 bytes; destroy+08,update+1C; other slots use shared fighter methods.
0x005EBC30	data	timed_effect_vtable		Generic C0 timed gameplay node:destructor23FDA0 at+8;expiry2CE420 at+1C is no-op. Used by null-factory effects26/27.
0x005ED460	data	effect_aux_visual_vtable		ccMode1Panel:destructor319FB0 at+8,update31A740 at+10,draw31A860 at+14;private80-byte visual owns composition and two players separately from gameplay node.
0x005ED680	label	jutsu_sign_vtable		NUN4 ccInputMatchSign descriptor and dispatch table: +08 jutsu_sign_update, +0C jutsu_sign_render; raw factory mode 4.
0x005ED690	label	jutsu_turn_vtable		NUN4 ccInputMatchRot descriptor and dispatch table: +08 jutsu_turn_update, +0C jutsu_turn_render; raw factory mode 2.
0x005ED6A0	label	jutsu_combo_vtable		NUN4 ccInputMatchHit descriptor and dispatch table: +08 jutsu_combo_update, +0C jutsu_combo_render; raw factory mode 3.
0x005ED6B0	label	jutsu_command_vtable		NUN4 ccInputMatchCmd descriptor and dispatch table: +08 jutsu_command_update, +0C jutsu_command_render; raw factory mode 1.
0x005F03D0	label	reversal_chouji_vtable		NUN4 entry 6 concrete controller, retained ccSumChouji descriptor at BATTLE 00859EE8.
0x005F0420	label	reversal_sakura_vtable		NUN4 entry 5 concrete controller, retained ccSumSakura descriptor at BATTLE 00859F10.
0x005F0470	label	reversal_manda_vtable		NUN4 entry 4 concrete controller, retained ccSumManda descriptor at BATTLE 00859F38; character key 9, resource index 22.
0x005F04C0	label	reversal_katsuyu_vtable		NUN4 entry 3 concrete controller, retained ccSumKatsuyu descriptor at BATTLE 00859F60.
0x005F0510	label	reversal_gamabunta_vtable		NUN4 entry 2 concrete controller, retained ccSumGamabunta descriptor at BATTLE 00859F88.
0x005F0560	label	reversal_soutourou_vtable		NUN4 entry 1 concrete controller, retained ccSumSoutourou descriptor at BATTLE 00859FB0.
0x005F05B0	label	reversal_syukaku_vtable		NUN4 entry 0 concrete controller, retained ccSumSyukaku descriptor at BATTLE 00859FD8.
0x005F2A90	label	shizune_tonton_jutsu_vtable		NUN4 resource57 final vtable; RTTI ccSkillSZN000. Factory arm0074D468 allocation1020; setup00814A30.
0x005F5980	data	tsunade_jutsu1_auxiliary_vtable		D8 auxiliary rendering child allocated by jutsu1 initializer;ctor7E78D0;update7E79F0,draw7E7C80,deleting destructor7D5320.
0x005F59B0	label	orochimaru_jutsu0_vtable		Resource22 factory ctor007E4600 actor+100; RTTI00861CD0 firstwordpointsname00861CB0 ccSkillFOR000. Custom21C/220=007E4720/007E49A0,F4/F8/FC=007E4C50/007E4CE0/007E4D30; own por c animation names.
0x005F5E30	data	tsunade_jutsu1_vtable		ccSkillTND001;RTTI BATTLE00861D30 name00861D10;resource52 ctor007DF9A0;custom slots21C/220=007DFB80/007DFD80,F4/F8/FC=007E0280/007E0320/007E0400;bindings sixteen own-resource animations.
0x005F62B0	label	kabuto_dead_soul_jutsu_vtable		NUN4 resource46 ccSkillKBT001; constructor007DAAF0, allocation7C0.
0x005F6970	label	kabuto_chakra_jutsu_vtable		NUN4 resource45 ccSkillKBT000; constructor007D3210, allocation770.
0x005F7CC0	label	naruto_second_stage_jutsu0_vtable		NUN4 resource148 ccSkillNWV000;RTTI862038/name862010. F4 update7CC410,220 setup7CC650,21C destroy7CC320.
0x005FA710	label	naruto_jutsu1_vtable		NUN4 resource117 concrete ccSkillNRT001B (RTTI8623D8/name862390),rather than NA2 ccSkillNRW001. Private9C model refresh7BBE70; inherits Rasengan state methods.
0x005FA950	label	naruto_jutsu0_vtable		NUN4 resource116 ccSkillNRW000;RTTI BATTLE862408 name8623E0. Actorinterface100;methods F4 update7BB550,F8 draw7BB760,FC emit7BB7C0,21C destroy7BB3A0,220 setup7BB840.
0x005FDAA0	label	naruto_form_rasengan_vtable		NUN4 resource113/149 same ccSkillNRV001 class;RTTI8624A0/name862480. Own anchorrefresh7AE010/update7AE3D0;resource113 alone has selected scaling/sound31 branches.
0x00601080	label	shizune_poison_jutsu_vtable		NUN4 resource58 ccSkillSZN001; constructor00796E20, allocation9E0.
0x006012C0	data	tsunade_jutsu0_vtable		ccSkillTND000;RTTI BATTLE00862D38 name00862D18;resource51 ctor007955A0;custom slots21C/220=00795650/00795750,F4/F8/FC=007958F0/00795940/00795A60,224=00796160. Complete238-byte table read;inherits generic interaction slots.
0x00601500	data	tsunade_wave_vtable		ccSkillTND000Wave resident vtable;transient9B0 object allocated by tsunade_jutsu0_create_wave;table ends before601590.
0x00601860	data	jutsu_jry000_vtable		Installed by NUN4 jutsu_jry000_construct at actor100; RTTI862E10->862DF0 ccSkillJRY000.
0x00602990	label	orochimaru_jutsu1_vtable		Resource23 ccSkillORO001 interface at+100:21C/220=7841B0/7843D0,F4/F8=784250/7843C0,240=784560 noop,250/254=784430/784440,26C=79B160 shared animation binder,138=79DB40 accepted event.
0x00606FD0	data	sound_afs_parent_handle		Halfword 255 used by afs_startup_load_archive index 0 for SOUND.AFS and by family-0 nested partition loading.
0x006079C0	data	audio_settings_container_filename_ptr	char *	Pointer to audio_settings_container_filename005D11C0 option.ccs consumed by audio_settings_menu_create_resources.
0x006079C8	data	audio_settings_texture_name_ptr	char *	Pointer to audio_settings_texture_name005D11E0 TEX_option passed to sprite_create_named_texture by audio_settings_menu_create_resources.
0x00607C98	label	orochimaru_ultimate_jutsu_list		ID9 list3 signedhalfword indices18/19/20; default18. English metadata TEXTENG0086FC30/40/50, authored22/1/23; all effectFFFF.
0x00607CF0	data	jiraiya_local_ultimate_jutsu_records		Four ushort values {3,50,51,52}; NUN4 Jiraiya ID21 local list. Default global record50 at583C7A. Locale-specific metadata is16-byte rows; authored skills for50/51/52 are1/52/53.
0x00607D00	data	tsunade_ultimate_jutsu_list		Signed-halfword count3,indices56/57/58; English metadata TEXTENG0086FE90/FEA0/FEB0 contains authored skills39/1/3A and category2/3/1.
0x00607D08	label	shizune_ultimate_record_list		Count3 followed59/60/61; character-local pointertable00583B10 ID27; defaultrecord59 at00583C86.
0x00607D10	label	kabuto_ultimate_record_list		Count3 followed62/63/64; character-local pointertable00583B10 ID28; defaultrecord62 at00583C88.
0x00607DA0	label	naruto_ultimate_jutsu_list		ID57 count2 records110/111;default110;English metadata86FB10+index10hex. Skills5A/59,record111 effect64 mapsSecondStage73.
0x00607E18	label	naruto_second_stage_ultimate_jutsu_list		ID73 count1 record153;category1 matchesit,othercategories use default0. Metadata skill5B,no post-effect.
0x006084A8	data	orochimaru_reversal_body_variant_thresholds	float[2]	750/1500; GP60EF70 as verified own entry00100198/AC/C0, subtract6AC8;73F8D0 chooses0below750,1below1500,2otherwise.
0x006084B0	data	orochimaru_reversal_body_contact_start_frames	short[3]	29/24/30 for bodyvariants0/1/2;740180 reads GP-6AC0.
0x006084B8	data	orochimaru_reversal_body_contact_end_frames	short[3]	38/36/37 for bodyvariants0/1/2;740180 reads GP-6AB8.
0x006084C0	data	orochimaru_reversal_body_effect_frames	short[3]	32/28/35 for bodyvariants0/1/2;740180 reads GP-6AB0.
0x00608720	data	shizune_poison_effect_name_pointer		Pointer0x0085D578 to BATTLE literal EFF_pszndgr0, used by poison auxiliary start/update via GP-0x6850; resident entry sets GP0x0060EF70.
0x00608C30	data	tsunade_finish_anchor_indices		Four bytes0/1/0/2 selected by pattern; index84E590 pointers to common-2 left hand/right hand/left foot. Address from retail ELF reginfo gp0060EF70 minus6340.
0x00608C34	data	tsunade_finish_particle_indices		Four bytes32/31/30/33 for finish patterns0..3 replace descriptor84E3C8/84E400 resource ushort+E; catalog alias0 EFF_e0xpar00, selected palette suffixes4/3/2/5.
0x006096F0	data	audio_command_context_ptr	void *	Sound command-context pointer used by audio_set_bank_set/audio_bank_set_selector for word+10 compact bank choice0 English/1 Japanese; audio_settings_menu_read_current reads words+0 volume/+C output. audio_load_character_bank uses the same context for player allocations/bank transactions; request-context006096D4 is separate.
0x00609800	data	jutsu_skill_play_owner	void *	Published by sp_skill_play_start;begin/frame/draw/end consume current cinematic owner.
0x00609880	data	jutsu_contest_state	void *	Own-game contest factory publishes current object;status byte+B8,renderbusy+B7.
0x00609884	data	jutsu_contest_damage_fraction_total	float	Reset by contest initialization;read by003771F0 and cinematic damage.
0x006B64B0	data	tsunade_pattern1_particle_effect		Common-effect slot 28, populated by effect_resolve_common_resources from EFFECT0X EFF_e0xstar00; read by Tsunade pattern-1 emitter.
