"Path"	"Type"	"Extent"	"OffsetHex"	"Size"
"3BSC"	"dir"	"22"	"0xB000"	"2048"
"3BSC\3CHY3BSC.CCS"	"file"	"3304"	"0x674000"	"13898"
"3BSC\3DDR3BSC.CCS"	"file"	"3311"	"0x677800"	"9147"
"3BSC\3ITW3BSC.CCS"	"file"	"3316"	"0x67A000"	"7676"
"3BSC\3KSW3BSC.CCS"	"file"	"3320"	"0x67C000"	"12111"
"3BSC\3NRW3BSC.CCS"	"file"	"3326"	"0x67F000"	"9673"
"3BSC\3ORW3BSC.CCS"	"file"	"3331"	"0x681800"	"12570"
"3BSC\3SCO3BSC.CCS"	"file"	"3338"	"0x685000"	"10125"
"3BSC\3SKW3BSC.CCS"	"file"	"3343"	"0x687800"	"8405"
"3BSC\3SSW3BSC.CCS"	"file"	"3348"	"0x68A000"	"10046"
"3EYE"	"dir"	"23"	"0xB800"	"8192"
"3EYE\3ANK3EYE.CCS"	"file"	"3353"	"0x68C800"	"44598"
"3EYE\3ANK3PCT.CCS"	"file"	"3375"	"0x697800"	"15876"
"3EYE\3ASW3EYE.CCS"	"file"	"3383"	"0x69B800"	"24265"
"3EYE\3ASW3PCT.CCS"	"file"	"3395"	"0x6A1800"	"15270"
"3EYE\3CHY3EYE.CCS"	"file"	"3403"	"0x6A5800"	"114331"
"3EYE\3CHY3PCT.CCS"	"file"	"3459"	"0x6C1800"	"17405"
"3EYE\3CYB3EYE.CCS"	"file"	"3468"	"0x6C6000"	"24674"
"3EYE\3CYB3PCT.CCS"	"file"	"3481"	"0x6CC800"	"14351"
"3EYE\3DDR3EYE.CCS"	"file"	"3489"	"0x6D0800"	"19001"
"3EYE\3DDR3PCT.CCS"	"file"	"3499"	"0x6D5800"	"12154"
"3EYE\3FIR3EYE.CCS"	"file"	"3505"	"0x6D8800"	"34472"
"3EYE\3FIR3PCT.CCS"	"file"	"3522"	"0x6E1000"	"13765"
"3EYE\3FOU3EYE.CCS"	"file"	"3529"	"0x6E4800"	"35219"
"3EYE\3FOU3PCT.CCS"	"file"	"3547"	"0x6ED800"	"17469"
"3EYE\3GAR3EYE.CCS"	"file"	"3556"	"0x6F2000"	"33660"
"3EYE\3GAR3PCT.CCS"	"file"	"3573"	"0x6FA800"	"15999"
"3EYE\3GAV3EYE.CCS"	"file"	"3581"	"0x6FE800"	"53258"
"3EYE\3GAV3PCT.CCS"	"file"	"3608"	"0x70C000"	"16732"
"3EYE\3GAW3EYE.CCS"	"file"	"3617"	"0x710800"	"39519"
"3EYE\3GAW3PCT.CCS"	"file"	"3637"	"0x71A800"	"20549"
"3EYE\3GUW3EYE.CCS"	"file"	"3648"	"0x720000"	"17783"
"3EYE\3GUW3PCT.CCS"	"file"	"3657"	"0x724800"	"12682"
"3EYE\3GUY3EYE.CCS"	"file"	"3664"	"0x728000"	"18039"
"3EYE\3GUY3PCT.CCS"	"file"	"3673"	"0x72C800"	"10193"
"3EYE\3HAK3EYE.CCS"	"file"	"3678"	"0x72F000"	"37484"
"3EYE\3HAK3PCT.CCS"	"file"	"3697"	"0x738800"	"9978"
"3EYE\3HKG3EYE.CCS"	"file"	"3702"	"0x73B000"	"48764"
"3EYE\3HKG3PCT.CCS"	"file"	"3726"	"0x747000"	"18902"
"3EYE\3HNB3EYE.CCS"	"file"	"3736"	"0x74C000"	"27924"
"3EYE\3HNB3PCT.CCS"	"file"	"3750"	"0x753000"	"11300"
"3EYE\3HNT3EYE.CCS"	"file"	"3756"	"0x756000"	"23856"
"3EYE\3HNT3PCT.CCS"	"file"	"3768"	"0x75C000"	"12195"
"3EYE\3HNW3EYE.CCS"	"file"	"3774"	"0x75F000"	"33528"
"3EYE\3HNW3PCT.CCS"	"file"	"3791"	"0x767800"	"13548"
"3EYE\3INO3EYE.CCS"	"file"	"3798"	"0x76B000"	"44249"
"3EYE\3INO3PCT.CCS"	"file"	"3820"	"0x776000"	"13497"
"3EYE\3INW3EYE.CCS"	"file"	"3827"	"0x779800"	"53602"
"3EYE\3INW3PCT.CCS"	"file"	"3854"	"0x787000"	"14295"
"3EYE\3ITC3EYE.CCS"	"file"	"3861"	"0x78A800"	"13844"
"3EYE\3ITC3PCT.CCS"	"file"	"3868"	"0x78E000"	"7750"
"3EYE\3ITW3EYE.CCS"	"file"	"3872"	"0x790000"	"17897"
"3EYE\3ITW3PCT.CCS"	"file"	"3881"	"0x794800"	"11959"
"3EYE\3JRB3EYE.CCS"	"file"	"3887"	"0x797800"	"46612"
"3EYE\3JRB3PCT.CCS"	"file"	"3910"	"0x7A3000"	"16882"
"3EYE\3JRV3EYE.CCS"	"file"	"3919"	"0x7A7800"	"53225"
"3EYE\3JRV3PCT.CCS"	"file"	"3945"	"0x7B4800"	"15050"
"3EYE\3JRW3EYE.CCS"	"file"	"3953"	"0x7B8800"	"51359"
"3EYE\3JRW3PCT.CCS"	"file"	"3979"	"0x7C5800"	"18806"
"3EYE\3KBW3EYE.CCS"	"file"	"3989"	"0x7CA800"	"33428"
"3EYE\3KBW3PCT.CCS"	"file"	"4006"	"0x7D3000"	"17716"
"3EYE\3KDM3EYE.CCS"	"file"	"4015"	"0x7D7800"	"24038"
"3EYE\3KDM3PCT.CCS"	"file"	"4027"	"0x7DD800"	"19439"
"3EYE\3KDV3EYE.CCS"	"file"	"4037"	"0x7E2800"	"88565"
"3EYE\3KDV3PCT.CCS"	"file"	"4081"	"0x7F8800"	"12921"
"3EYE\3KHM3EYE.CCS"	"file"	"4088"	"0x7FC000"	"177529"
"3EYE\3KHM3PCT.CCS"	"file"	"4175"	"0x827800"	"17854"
"3EYE\3KIB3EYE.CCS"	"file"	"4184"	"0x82C000"	"59793"
"3EYE\3KIB3PCT.CCS"	"file"	"4214"	"0x83B000"	"17893"
"3EYE\3KIW3EYE.CCS"	"file"	"4223"	"0x83F800"	"113100"
"3EYE\3KIW3PCT.CCS"	"file"	"4279"	"0x85B800"	"18894"
"3EYE\3KKS3EYE.CCS"	"file"	"4289"	"0x860800"	"32891"
"3EYE\3KKS3PCT.CCS"	"file"	"4306"	"0x869000"	"9982"
"3EYE\3KKW3EYE.CCS"	"file"	"4311"	"0x86B800"	"28604"
"3EYE\3KKW3PCT.CCS"	"file"	"4325"	"0x872800"	"17203"
"3EYE\3KMM3EYE.CCS"	"file"	"4334"	"0x877000"	"43387"
"3EYE\3KMM3PCT.CCS"	"file"	"4356"	"0x882000"	"12665"
"3EYE\3KMV3EYE.CCS"	"file"	"4363"	"0x885800"	"37755"
"3EYE\3KMV3PCT.CCS"	"file"	"4382"	"0x88F000"	"14804"
"3EYE\3KNK3EYE.CCS"	"file"	"4390"	"0x893000"	"165576"
"3EYE\3KNK3PCT.CCS"	"file"	"4471"	"0x8BB800"	"20246"
"3EYE\3KNW3EYE.CCS"	"file"	"4481"	"0x8C0800"	"136984"
"3EYE\3KNW3PCT.CCS"	"file"	"4548"	"0x8E2000"	"19236"
"3EYE\3KRW3EYE.CCS"	"file"	"4558"	"0x8E7000"	"50080"
"3EYE\3KRW3PCT.CCS"	"file"	"4583"	"0x8F3800"	"12963"
"3EYE\3KSM3EYE.CCS"	"file"	"4590"	"0x8F7000"	"44591"
"3EYE\3KSM3PCT.CCS"	"file"	"4612"	"0x902000"	"8335"
"3EYE\3KSW3EYE.CCS"	"file"	"4617"	"0x904800"	"23529"
"3EYE\3KSW3PCT.CCS"	"file"	"4629"	"0x90A800"	"15703"
"3EYE\3NEJ3EYE.CCS"	"file"	"4637"	"0x90E800"	"47378"
"3EYE\3NEJ3PCT.CCS"	"file"	"4661"	"0x91A800"	"13587"
"3EYE\3NEW3EYE.CCS"	"file"	"4668"	"0x91E000"	"64455"
"3EYE\3NEW3PCT.CCS"	"file"	"4700"	"0x92E000"	"15723"
"3EYE\3NRT3EYE.CCS"	"file"	"4708"	"0x932000"	"24103"
"3EYE\3NRT3PCT.CCS"	"file"	"4720"	"0x938000"	"17872"
"3EYE\3NRV3EYE.CCS"	"file"	"4729"	"0x93C800"	"121777"
"3EYE\3NRV3PCT.CCS"	"file"	"4789"	"0x95A800"	"28627"
"3EYE\3NRW3EYE.CCS"	"file"	"4803"	"0x961800"	"55699"
"3EYE\3NRW3PCT.CCS"	"file"	"4831"	"0x96F800"	"14795"
"3EYE\3NWV3EYE.CCS"	"file"	"4839"	"0x973800"	"49263"
"3EYE\3NWV3PCT.CCS"	"file"	"4864"	"0x980000"	"33678"
"3EYE\3ORW3EYE.CCS"	"file"	"4881"	"0x988800"	"43955"
"3EYE\3ORW3PCT.CCS"	"file"	"4903"	"0x993800"	"15694"
"3EYE\3ROC3EYE.CCS"	"file"	"4911"	"0x997800"	"30355"
"3EYE\3ROC3PCT.CCS"	"file"	"4926"	"0x99F000"	"12096"
"3EYE\3ROV3EYE.CCS"	"file"	"4932"	"0x9A2000"	"72086"
"3EYE\3ROV3PCT.CCS"	"file"	"4968"	"0x9B4000"	"11821"
"3EYE\3ROW3EYE.CCS"	"file"	"4974"	"0x9B7000"	"29596"
"3EYE\3ROW3PCT.CCS"	"file"	"4989"	"0x9BE800"	"13360"
"3EYE\3SAI3EYE.CCS"	"file"	"4996"	"0x9C2000"	"46657"
"3EYE\3SAI3PCT.CCS"	"file"	"5019"	"0x9CD800"	"16210"
"3EYE\3SCH3EYE.CCS"	"file"	"5027"	"0x9D1800"	"14181"
"3EYE\3SCH3PCT.CCS"	"file"	"5034"	"0x9D5000"	"18558"
"3EYE\3SCO3EYE.CCS"	"file"	"5044"	"0x9DA000"	"54911"
"3EYE\3SCO3PCT.CCS"	"file"	"5071"	"0x9E7800"	"14669"
"3EYE\3SCV3EYE.CCS"	"file"	"5079"	"0x9EB800"	"53304"
"3EYE\3SCV3PCT.CCS"	"file"	"5106"	"0x9F9000"	"21534"
"3EYE\3SEC3EYE.CCS"	"file"	"5117"	"0x9FE800"	"35290"
"3EYE\3SEC3PCT.CCS"	"file"	"5135"	"0xA07800"	"17493"
"3EYE\3SIK3EYE.CCS"	"file"	"5144"	"0xA0C000"	"31695"
"3EYE\3SIK3PCT.CCS"	"file"	"5160"	"0xA14000"	"13654"
"3EYE\3SIN3EYE.CCS"	"file"	"5167"	"0xA17800"	"52569"
"3EYE\3SIN3PCT.CCS"	"file"	"5193"	"0xA24800"	"19847"
"3EYE\3SIW3EYE.CCS"	"file"	"5203"	"0xA29800"	"31546"
"3EYE\3SIW3PCT.CCS"	"file"	"5219"	"0xA31800"	"14952"
"3EYE\3SKN3EYE.CCS"	"file"	"5227"	"0xA35800"	"33907"
"3EYE\3SKN3PCT.CCS"	"file"	"5244"	"0xA3E000"	"14794"
"3EYE\3SKR3EYE.CCS"	"file"	"5252"	"0xA42000"	"57440"
"3EYE\3SKR3PCT.CCS"	"file"	"5281"	"0xA50800"	"11421"
"3EYE\3SKV3EYE.CCS"	"file"	"5287"	"0xA53800"	"169568"
"3EYE\3SKV3PCT.CCS"	"file"	"5370"	"0xA7D000"	"16731"
"3EYE\3SKW3EYE.CCS"	"file"	"5379"	"0xA81800"	"57067"
"3EYE\3SKW3PCT.CCS"	"file"	"5407"	"0xA8F800"	"12724"
"3EYE\3SNW3EYE.CCS"	"file"	"5414"	"0xA93000"	"41564"
"3EYE\3SNW3PCT.CCS"	"file"	"5435"	"0xA9D800"	"24607"
"3EYE\3SSK3EYE.CCS"	"file"	"5448"	"0xAA4000"	"27331"
"3EYE\3SSK3PCT.CCS"	"file"	"5462"	"0xAAB000"	"12865"
"3EYE\3SSV3EYE.CCS"	"file"	"5469"	"0xAAE800"	"71736"
"3EYE\3SSV3PCT.CCS"	"file"	"5505"	"0xAC0800"	"17218"
"3EYE\3SSW3EYE.CCS"	"file"	"5514"	"0xAC5000"	"45032"
"3EYE\3SSW3PCT.CCS"	"file"	"5536"	"0xAD0000"	"15041"
"3EYE\3SZW3EYE.CCS"	"file"	"5544"	"0xAD4000"	"98896"
"3EYE\3SZW3PCT.CCS"	"file"	"5593"	"0xAEC800"	"13465"
"3EYE\3TEN3EYE.CCS"	"file"	"5600"	"0xAF0000"	"32536"
"3EYE\3TEN3PCT.CCS"	"file"	"5616"	"0xAF8000"	"10725"
"3EYE\3TEW3EYE.CCS"	"file"	"5622"	"0xAFB000"	"21806"
"3EYE\3TEW3PCT.CCS"	"file"	"5633"	"0xB00800"	"13733"
"3EYE\3TMR3EYE.CCS"	"file"	"5640"	"0xB04000"	"26280"
"3EYE\3TMR3PCT.CCS"	"file"	"5653"	"0xB0A800"	"15346"
"3EYE\3TMW3EYE.CCS"	"file"	"5661"	"0xB0E800"	"41477"
"3EYE\3TMW3PCT.CCS"	"file"	"5682"	"0xB19000"	"15882"
"3EYE\3TNW3EYE.CCS"	"file"	"5690"	"0xB1D000"	"70481"
"3EYE\3TNW3PCT.CCS"	"file"	"5725"	"0xB2E800"	"15930"
"3EYE\3TOV3EYE.CCS"	"file"	"5733"	"0xB32800"	"89289"
"3EYE\3TOV3PCT.CCS"	"file"	"5777"	"0xB48800"	"16876"
"3EYE\3TYO3EYE.CCS"	"file"	"5786"	"0xB4D000"	"36860"
"3EYE\3TYO3PCT.CCS"	"file"	"5804"	"0xB56000"	"17184"
"3EYE\3TYV3EYE.CCS"	"file"	"5813"	"0xB5A800"	"37578"
"3EYE\3TYV3PCT.CCS"	"file"	"5832"	"0xB64000"	"18397"
"3EYE\3TYW3EYE.CCS"	"file"	"5841"	"0xB68800"	"37238"
"3EYE\3TYW3PCT.CCS"	"file"	"5860"	"0xB72000"	"19358"
"3EYE\3TYY3EYE.CCS"	"file"	"5870"	"0xB77000"	"26887"
"3EYE\3TYY3PCT.CCS"	"file"	"5884"	"0xB7E000"	"17283"
"3EYE\3YMT3EYE.CCS"	"file"	"5893"	"0xB82800"	"51102"
"3EYE\3YMT3PCT.CCS"	"file"	"5918"	"0xB8F000"	"12829"
"3EYE\3ZBZ3EYE.CCS"	"file"	"5925"	"0xB92800"	"35730"
"3EYE\3ZBZ3PCT.CCS"	"file"	"5943"	"0xB9B800"	"16084"
"3EYE\ENDDEMO.CCS"	"file"	"5951"	"0xB9F800"	"74520"
"ADV"	"dir"	"27"	"0xD800"	"4096"
"ADV\ADVBG.CCS"	"file"	"5988"	"0xBB2000"	"15969"
"ADV\ADVBPIC1.CCS"	"file"	"5996"	"0xBB6000"	"29802"
"ADV\ADVBPIC2.CCS"	"file"	"6011"	"0xBBD800"	"32574"
"ADV\ADVBPIC3.CCS"	"file"	"6027"	"0xBC5800"	"33372"
"ADV\ADVBPIC4.CCS"	"file"	"6044"	"0xBCE000"	"32623"
"ADV\ADVBPIC5.CCS"	"file"	"6060"	"0xBD6000"	"31496"
"ADV\ADVCONST.CCS"	"file"	"6076"	"0xBDE000"	"2288"
"ADV\ADVDOLL_F01.CCS"	"file"	"6078"	"0xBDF000"	"80741"
"ADV\ADVDOLL_F02.CCS"	"file"	"6118"	"0xBF3000"	"86263"
"ADV\ADVDOLL_F03.CCS"	"file"	"6161"	"0xC08800"	"86556"
"ADV\ADVDOLL_F04.CCS"	"file"	"6204"	"0xC1E000"	"75231"
"ADV\ADVDOLL_F05.CCS"	"file"	"6241"	"0xC30800"	"79811"
"ADV\ADVDOLL_F06.CCS"	"file"	"6280"	"0xC44000"	"81263"
"ADV\ADVDOLL_F07.CCS"	"file"	"6320"	"0xC58000"	"27149"
"ADV\ADVEFFECT.CCS"	"file"	"6334"	"0xC5F000"	"196972"
"ADV\ADVFROGPIC1.CCS"	"file"	"6431"	"0xC8F800"	"62010"
"ADV\ADVFROGPIC2.CCS"	"file"	"6462"	"0xC9F000"	"60786"
"ADV\ADVFROGPIC3.CCS"	"file"	"6492"	"0xCAE000"	"64661"
"ADV\ADVGAUGE.CCS"	"file"	"6524"	"0xCBE000"	"298696"
"ADV\ADVITEM.CCS"	"file"	"6670"	"0xD07000"	"69101"
"ADV\ADVLETTER.CCS"	"file"	"6704"	"0xD18000"	"15951"
"ADV\ADVMAP.CCS"	"file"	"6712"	"0xD1C000"	"128893"
"ADV\ADVMEMBER.CCS"	"file"	"6775"	"0xD3B800"	"85095"
"ADV\ADVNRTB.CCS"	"file"	"6817"	"0xD50800"	"40631"
"ADV\ADVPRAC.CCS"	"file"	"6837"	"0xD5A800"	"27346"
"ADV\ADVRECORD.CCS"	"file"	"6851"	"0xD61800"	"56672"
"ADV\ADVSBOOK.CCS"	"file"	"6879"	"0xD6F800"	"30282"
"ADV\ADVSTATUS.CCS"	"file"	"6894"	"0xD77000"	"122205"
"ADV\ADVSURV.CCS"	"file"	"6954"	"0xD95000"	"14542"
"ADV\ADVTITLE01.CCS"	"file"	"6962"	"0xD99000"	"4588"
"ADV\ADVTITLE02.CCS"	"file"	"6965"	"0xD9A800"	"5116"
"ADV\ADVTITLE03.CCS"	"file"	"6968"	"0xD9C000"	"4876"
"ADV\ADVTITLE04.CCS"	"file"	"6971"	"0xD9D800"	"5082"
"ADV\ADVTITLE05.CCS"	"file"	"6974"	"0xD9F000"	"5177"
"ADV\ADVTITLE06.CCS"	"file"	"6977"	"0xDA0800"	"4658"
"ADV\ADVTITLE07.CCS"	"file"	"6980"	"0xDA2000"	"4542"
"ADV\ADVTITLE08.CCS"	"file"	"6983"	"0xDA3800"	"3863"
"ADV\ADVTITLE09.CCS"	"file"	"6985"	"0xDA4800"	"4478"
"ADV\ADVTRAP.CCS"	"file"	"6988"	"0xDA6000"	"49406"
"ADV\ADV_CMN.CCS"	"file"	"7013"	"0xDB2800"	"354521"
"ADV\ADV_TSP01.CCS"	"file"	"7187"	"0xE09800"	"121382"
"ADV\ADV_TSP02.CCS"	"file"	"7247"	"0xE27800"	"125651"
"ADV\CHAR"	"dir"	"29"	"0xE800"	"12288"
"ADV\CHAR\FRPGAKW.CCS"	"file"	"7327"	"0xE4F800"	"32070"
"ADV\CHAR\FRPGASW.CCS"	"file"	"7343"	"0xE57800"	"51222"
"ADV\CHAR\FRPGBAK.CCS"	"file"	"7369"	"0xE64800"	"63578"
"ADV\CHAR\FRPGCLD.CCS"	"file"	"7401"	"0xE74800"	"89997"
"ADV\CHAR\FRPGCYB.CCS"	"file"	"7445"	"0xE8A800"	"48375"
"ADV\CHAR\FRPGDDR.CCS"	"file"	"7469"	"0xE96800"	"74788"
"ADV\CHAR\FRPGEBS.CCS"	"file"	"7506"	"0xEA9000"	"64740"
"ADV\CHAR\FRPGEBZ.CCS"	"file"	"7538"	"0xEB9000"	"59116"
"ADV\CHAR\FRPGF11.CCS"	"file"	"7567"	"0xEC7800"	"33987"
"ADV\CHAR\FRPGF12.CCS"	"file"	"7584"	"0xED0000"	"37620"
"ADV\CHAR\FRPGF13.CCS"	"file"	"7603"	"0xED9800"	"36797"
"ADV\CHAR\FRPGF14.CCS"	"file"	"7621"	"0xEE2800"	"32307"
"ADV\CHAR\FRPGF15.CCS"	"file"	"7637"	"0xEEA800"	"37235"
"ADV\CHAR\FRPGF16.CCS"	"file"	"7656"	"0xEF4000"	"27764"
"ADV\CHAR\FRPGF17.CCS"	"file"	"7670"	"0xEFB000"	"36083"
"ADV\CHAR\FRPGGAW.CCS"	"file"	"7688"	"0xF04000"	"55211"
"ADV\CHAR\FRPGGN1.CCS"	"file"	"7715"	"0xF11800"	"50990"
"ADV\CHAR\FRPGGN2.CCS"	"file"	"7740"	"0xF1E000"	"56306"
"ADV\CHAR\FRPGGN3.CCS"	"file"	"7768"	"0xF2C000"	"64848"
"ADV\CHAR\FRPGGN4.CCS"	"file"	"7800"	"0xF3C000"	"57931"
"ADV\CHAR\FRPGGN5.CCS"	"file"	"7829"	"0xF4A800"	"66622"
"ADV\CHAR\FRPGGN6.CCS"	"file"	"7862"	"0xF5B000"	"69689"
"ADV\CHAR\FRPGGUW.CCS"	"file"	"7897"	"0xF6C800"	"69511"
"ADV\CHAR\FRPGHNW.CCS"	"file"	"7931"	"0xF7D800"	"63038"
"ADV\CHAR\FRPGHTN.CCS"	"file"	"7962"	"0xF8D000"	"32206"
"ADV\CHAR\FRPGI01.CCS"	"file"	"7978"	"0xF95000"	"30079"
"ADV\CHAR\FRPGI02.CCS"	"file"	"7993"	"0xF9C800"	"29735"
"ADV\CHAR\FRPGI03.CCS"	"file"	"8008"	"0xFA4000"	"29861"
"ADV\CHAR\FRPGI04.CCS"	"file"	"8023"	"0xFAB800"	"32529"
"ADV\CHAR\FRPGI05.CCS"	"file"	"8039"	"0xFB3800"	"32989"
"ADV\CHAR\FRPGI06.CCS"	"file"	"8056"	"0xFBC000"	"38711"
"ADV\CHAR\FRPGI07.CCS"	"file"	"8075"	"0xFC5800"	"38462"
"ADV\CHAR\FRPGI08.CCS"	"file"	"8094"	"0xFCF000"	"38446"
"ADV\CHAR\FRPGI09.CCS"	"file"	"8113"	"0xFD8800"	"38429"
"ADV\CHAR\FRPGI10.CCS"	"file"	"8132"	"0xFE2000"	"38712"
"ADV\CHAR\FRPGI11.CCS"	"file"	"8151"	"0xFEB800"	"38517"
"ADV\CHAR\FRPGI12.CCS"	"file"	"8170"	"0xFF5000"	"31882"
"ADV\CHAR\FRPGI13.CCS"	"file"	"8186"	"0xFFD000"	"31911"
"ADV\CHAR\FRPGI14.CCS"	"file"	"8202"	"0x1005000"	"31846"
"ADV\CHAR\FRPGI15.CCS"	"file"	"8218"	"0x100D000"	"34025"
"ADV\CHAR\FRPGI16.CCS"	"file"	"8235"	"0x1015800"	"40657"
"ADV\CHAR\FRPGI17.CCS"	"file"	"8255"	"0x101F800"	"30574"
"ADV\CHAR\FRPGI18.CCS"	"file"	"8270"	"0x1027000"	"40211"
"ADV\CHAR\FRPGI19.CCS"	"file"	"8290"	"0x1031000"	"30435"
"ADV\CHAR\FRPGI20.CCS"	"file"	"8305"	"0x1038800"	"40109"
"ADV\CHAR\FRPGI21.CCS"	"file"	"8325"	"0x1042800"	"40077"
"ADV\CHAR\FRPGI22.CCS"	"file"	"8345"	"0x104C800"	"39611"
"ADV\CHAR\FRPGI23.CCS"	"file"	"8365"	"0x1056800"	"39224"
"ADV\CHAR\FRPGI24.CCS"	"file"	"8385"	"0x1060800"	"27250"
"ADV\CHAR\FRPGI25.CCS"	"file"	"8399"	"0x1067800"	"26723"
"ADV\CHAR\FRPGI26.CCS"	"file"	"8413"	"0x106E800"	"26129"
"ADV\CHAR\FRPGI27.CCS"	"file"	"8426"	"0x1075000"	"42657"
"ADV\CHAR\FRPGI28.CCS"	"file"	"8447"	"0x107F800"	"43579"
"ADV\CHAR\FRPGI29.CCS"	"file"	"8469"	"0x108A800"	"39282"
"ADV\CHAR\FRPGI30.CCS"	"file"	"8489"	"0x1094800"	"48863"
"ADV\CHAR\FRPGI31.CCS"	"file"	"8513"	"0x10A0800"	"91835"
"ADV\CHAR\FRPGI32.CCS"	"file"	"8558"	"0x10B7000"	"33978"
"ADV\CHAR\FRPGI35.CCS"	"file"	"8575"	"0x10BF800"	"41340"
"ADV\CHAR\FRPGINW.CCS"	"file"	"8596"	"0x10CA000"	"62476"
"ADV\CHAR\FRPGIRK.CCS"	"file"	"8627"	"0x10D9800"	"56374"
"ADV\CHAR\FRPGJRW.CCS"	"file"	"8655"	"0x10E7800"	"73021"
"ADV\CHAR\FRPGKBW.CCS"	"file"	"8691"	"0x10F9800"	"48501"
"ADV\CHAR\FRPGKIW.CCS"	"file"	"8715"	"0x1105800"	"42327"
"ADV\CHAR\FRPGKKW.CCS"	"file"	"8736"	"0x1110000"	"63241"
"ADV\CHAR\FRPGKNB.CCS"	"file"	"8767"	"0x111F800"	"4660"
"ADV\CHAR\FRPGKNW.CCS"	"file"	"8770"	"0x1121000"	"46042"
"ADV\CHAR\FRPGKRW.CCS"	"file"	"8793"	"0x112C800"	"61051"
"ADV\CHAR\FRPGM11.CCS"	"file"	"8823"	"0x113B800"	"29728"
"ADV\CHAR\FRPGM12.CCS"	"file"	"8838"	"0x1143000"	"39641"
"ADV\CHAR\FRPGM13.CCS"	"file"	"8858"	"0x114D000"	"31435"
"ADV\CHAR\FRPGM14.CCS"	"file"	"8874"	"0x1155000"	"29384"
"ADV\CHAR\FRPGM15.CCS"	"file"	"8889"	"0x115C800"	"31368"
"ADV\CHAR\FRPGM16.CCS"	"file"	"8905"	"0x1164800"	"38065"
"ADV\CHAR\FRPGMN1.CCS"	"file"	"8924"	"0x116E000"	"29729"
"ADV\CHAR\FRPGMN2.CCS"	"file"	"8939"	"0x1175800"	"39643"
"ADV\CHAR\FRPGMN3.CCS"	"file"	"8959"	"0x117F800"	"31433"
"ADV\CHAR\FRPGMN4.CCS"	"file"	"8975"	"0x1187800"	"29382"
"ADV\CHAR\FRPGMN5.CCS"	"file"	"8990"	"0x118F000"	"31367"
"ADV\CHAR\FRPGMN6.CCS"	"file"	"9006"	"0x1197000"	"38064"
"ADV\CHAR\FRPGMOK.CCS"	"file"	"9025"	"0x11A0800"	"26487"
"ADV\CHAR\FRPGN11.CCS"	"file"	"9038"	"0x11A7000"	"41109"
"ADV\CHAR\FRPGN12.CCS"	"file"	"9059"	"0x11B1800"	"43703"
"ADV\CHAR\FRPGN13.CCS"	"file"	"9081"	"0x11BC800"	"33441"
"ADV\CHAR\FRPGNA1.CCS"	"file"	"9098"	"0x11C5000"	"41109"
"ADV\CHAR\FRPGNA2.CCS"	"file"	"9119"	"0x11CF800"	"43703"
"ADV\CHAR\FRPGNA3.CCS"	"file"	"9141"	"0x11DA800"	"33442"
"ADV\CHAR\FRPGNEW.CCS"	"file"	"9158"	"0x11E3000"	"59546"
"ADV\CHAR\FRPGON1.CCS"	"file"	"9188"	"0x11F2000"	"56048"
"ADV\CHAR\FRPGON10.CCS"	"file"	"9216"	"0x1200000"	"61240"
"ADV\CHAR\FRPGON11.CCS"	"file"	"9246"	"0x120F000"	"32342"
"ADV\CHAR\FRPGON12.CCS"	"file"	"9262"	"0x1217000"	"34127"
"ADV\CHAR\FRPGON2.CCS"	"file"	"9279"	"0x121F800"	"57266"
"ADV\CHAR\FRPGON3.CCS"	"file"	"9307"	"0x122D800"	"56171"
"ADV\CHAR\FRPGON4.CCS"	"file"	"9335"	"0x123B800"	"54425"
"ADV\CHAR\FRPGON5.CCS"	"file"	"9362"	"0x1249000"	"27633"
"ADV\CHAR\FRPGON6.CCS"	"file"	"9376"	"0x1250000"	"44437"
"ADV\CHAR\FRPGON7.CCS"	"file"	"9398"	"0x125B000"	"54912"
"ADV\CHAR\FRPGON8.CCS"	"file"	"9425"	"0x1268800"	"45828"
"ADV\CHAR\FRPGON9.CCS"	"file"	"9448"	"0x1274000"	"53796"
"ADV\CHAR\FRPGORW.CCS"	"file"	"9475"	"0x1281800"	"54520"
"ADV\CHAR\FRPGOT1.CCS"	"file"	"9502"	"0x128F000"	"51995"
"ADV\CHAR\FRPGOT10.CCS"	"file"	"9528"	"0x129C000"	"52138"
"ADV\CHAR\FRPGOT11.CCS"	"file"	"9554"	"0x12A9000"	"51275"
"ADV\CHAR\FRPGOT12.CCS"	"file"	"9580"	"0x12B6000"	"54235"
"ADV\CHAR\FRPGOT2.CCS"	"file"	"9607"	"0x12C3800"	"59296"
"ADV\CHAR\FRPGOT3.CCS"	"file"	"9636"	"0x12D2000"	"50897"
"ADV\CHAR\FRPGOT4.CCS"	"file"	"9661"	"0x12DE800"	"73789"
"ADV\CHAR\FRPGOT5.CCS"	"file"	"9698"	"0x12F1000"	"49032"
"ADV\CHAR\FRPGOT6.CCS"	"file"	"9722"	"0x12FD000"	"50996"
"ADV\CHAR\FRPGOT7.CCS"	"file"	"9747"	"0x1309800"	"54908"
"ADV\CHAR\FRPGOT8.CCS"	"file"	"9774"	"0x1317000"	"50932"
"ADV\CHAR\FRPGOT9.CCS"	"file"	"9799"	"0x1323800"	"57977"
"ADV\CHAR\FRPGROW.CCS"	"file"	"9828"	"0x1332000"	"57593"
"ADV\CHAR\FRPGSAI.CCS"	"file"	"9857"	"0x1340800"	"45528"
"ADV\CHAR\FRPGSCH.CCS"	"file"	"9880"	"0x134C000"	"66874"
"ADV\CHAR\FRPGSIW.CCS"	"file"	"9913"	"0x135C800"	"71538"
"ADV\CHAR\FRPGSKW.CCS"	"file"	"9948"	"0x136E000"	"81756"
"ADV\CHAR\FRPGSN5.CCS"	"file"	"9988"	"0x1382000"	"29308"
"ADV\CHAR\FRPGSN6.CCS"	"file"	"10003"	"0x1389800"	"28292"
"ADV\CHAR\FRPGSN7.CCS"	"file"	"10017"	"0x1390800"	"32549"
"ADV\CHAR\FRPGSNW.CCS"	"file"	"10033"	"0x1398800"	"53314"
"ADV\CHAR\FRPGSY1.CCS"	"file"	"10060"	"0x13A6000"	"47076"
"ADV\CHAR\FRPGSY2.CCS"	"file"	"10083"	"0x13B1800"	"50819"
"ADV\CHAR\FRPGSY3.CCS"	"file"	"10108"	"0x13BE000"	"53759"
"ADV\CHAR\FRPGSY4.CCS"	"file"	"10135"	"0x13CB800"	"50928"
"ADV\CHAR\FRPGSY5.CCS"	"file"	"10160"	"0x13D8000"	"47116"
"ADV\CHAR\FRPGSY6.CCS"	"file"	"10184"	"0x13E4000"	"57196"
"ADV\CHAR\FRPGSZW.CCS"	"file"	"10212"	"0x13F2000"	"61840"
"ADV\CHAR\FRPGT11.CCS"	"file"	"10243"	"0x1401800"	"33966"
"ADV\CHAR\FRPGT12.CCS"	"file"	"10260"	"0x140A000"	"37440"
"ADV\CHAR\FRPGT13.CCS"	"file"	"10279"	"0x1413800"	"36714"
"ADV\CHAR\FRPGT14.CCS"	"file"	"10297"	"0x141C800"	"32176"
"ADV\CHAR\FRPGT15.CCS"	"file"	"10313"	"0x1424800"	"36045"
"ADV\CHAR\FRPGT16.CCS"	"file"	"10331"	"0x142D800"	"27520"
"ADV\CHAR\FRPGT17.CCS"	"file"	"10345"	"0x1434800"	"35857"
"ADV\CHAR\FRPGTB1.CCS"	"file"	"10363"	"0x143D800"	"53062"
"ADV\CHAR\FRPGTB2.CCS"	"file"	"10389"	"0x144A800"	"66058"
"ADV\CHAR\FRPGTEW.CCS"	"file"	"10422"	"0x145B000"	"54580"
"ADV\CHAR\FRPGTF1.CCS"	"file"	"10449"	"0x1468800"	"33987"
"ADV\CHAR\FRPGTF2.CCS"	"file"	"10466"	"0x1471000"	"37619"
"ADV\CHAR\FRPGTF3.CCS"	"file"	"10485"	"0x147A800"	"36797"
"ADV\CHAR\FRPGTF4.CCS"	"file"	"10503"	"0x1483800"	"32305"
"ADV\CHAR\FRPGTF5.CCS"	"file"	"10519"	"0x148B800"	"37236"
"ADV\CHAR\FRPGTF6.CCS"	"file"	"10538"	"0x1495000"	"27760"
"ADV\CHAR\FRPGTF7.CCS"	"file"	"10552"	"0x149C000"	"36081"
"ADV\CHAR\FRPGTMW.CCS"	"file"	"10570"	"0x14A5000"	"57205"
"ADV\CHAR\FRPGTN1.CCS"	"file"	"10598"	"0x14B3000"	"61784"
"ADV\CHAR\FRPGTN2.CCS"	"file"	"10629"	"0x14C2800"	"69454"
"ADV\CHAR\FRPGTN3.CCS"	"file"	"10663"	"0x14D3800"	"61929"
"ADV\CHAR\FRPGTN4.CCS"	"file"	"10694"	"0x14E3000"	"57731"
"ADV\CHAR\FRPGTN5.CCS"	"file"	"10723"	"0x14F1800"	"64970"
"ADV\CHAR\FRPGTN6.CCS"	"file"	"10755"	"0x1501800"	"52185"
"ADV\CHAR\FRPGTN7.CCS"	"file"	"10781"	"0x150E800"	"48212"
"ADV\CHAR\FRPGTN8.CCS"	"file"	"10805"	"0x151A800"	"47000"
"ADV\CHAR\FRPGTND.CCS"	"file"	"10828"	"0x1526000"	"50968"
"ADV\CHAR\FRPGTNW.CCS"	"file"	"10853"	"0x1532800"	"57628"
"ADV\CHAR\FRPGTON.CCS"	"file"	"10882"	"0x1541000"	"23985"
"ADV\CHAR\FRPGTT1.CCS"	"file"	"10894"	"0x1547000"	"33964"
"ADV\CHAR\FRPGTT2.CCS"	"file"	"10911"	"0x154F800"	"37439"
"ADV\CHAR\FRPGTT3.CCS"	"file"	"10930"	"0x1559000"	"36714"
"ADV\CHAR\FRPGTT4.CCS"	"file"	"10948"	"0x1562000"	"32176"
"ADV\CHAR\FRPGTT5.CCS"	"file"	"10964"	"0x156A000"	"36044"
"ADV\CHAR\FRPGTT6.CCS"	"file"	"10982"	"0x1573000"	"27516"
"ADV\CHAR\FRPGTT7.CCS"	"file"	"10996"	"0x157A000"	"35857"
"ADV\CHAR\FRPGTUC.CCS"	"file"	"11014"	"0x1583000"	"50468"
"ADV\CHAR\FRPGTY1.CCS"	"file"	"11039"	"0x158F800"	"34267"
"ADV\CHAR\FRPGTY2.CCS"	"file"	"11056"	"0x1598000"	"37974"
"ADV\CHAR\FRPGTY3.CCS"	"file"	"11075"	"0x15A1800"	"36149"
"ADV\CHAR\FRPGTY4.CCS"	"file"	"11093"	"0x15AA800"	"32803"
"ADV\CHAR\FRPGTY5.CCS"	"file"	"11110"	"0x15B3000"	"37744"
"ADV\CHAR\FRPGTY6.CCS"	"file"	"11129"	"0x15BC800"	"28252"
"ADV\CHAR\FRPGTY7.CCS"	"file"	"11143"	"0x15C3800"	"36494"
"ADV\CHAR\FRPGTYW.CCS"	"file"	"11161"	"0x15CC800"	"67208"
"ADV\CHAR\FRPGY11.CCS"	"file"	"11194"	"0x15DD000"	"34268"
"ADV\CHAR\FRPGY12.CCS"	"file"	"11211"	"0x15E5800"	"37974"
"ADV\CHAR\FRPGY13.CCS"	"file"	"11230"	"0x15EF000"	"36150"
"ADV\CHAR\FRPGY14.CCS"	"file"	"11248"	"0x15F8000"	"32804"
"ADV\CHAR\FRPGY15.CCS"	"file"	"11265"	"0x1600800"	"37745"
"ADV\CHAR\FRPGY16.CCS"	"file"	"11284"	"0x160A000"	"28254"
"ADV\CHAR\FRPGY17.CCS"	"file"	"11298"	"0x1611000"	"36496"
"ADV\CHAR\FRPGYMT.CCS"	"file"	"11316"	"0x161A000"	"58971"
"ADV\CHAR\FRPGYUR.CCS"	"file"	"11345"	"0x1628800"	"50223"
"ADV\CHAR\KNANK.CCS"	"file"	"11370"	"0x1635000"	"60307"
"ADV\CHAR\KNASW.CCS"	"file"	"11400"	"0x1644000"	"48457"
"ADV\CHAR\KNCHY.CCS"	"file"	"11424"	"0x1650000"	"36023"
"ADV\CHAR\KNCYB.CCS"	"file"	"11442"	"0x1659000"	"37873"
"ADV\CHAR\KNDDR.CCS"	"file"	"11461"	"0x1662800"	"53617"
"ADV\CHAR\KNFIR.CCS"	"file"	"11488"	"0x1670000"	"45132"
"ADV\CHAR\KNFOU.CCS"	"file"	"11511"	"0x167B800"	"48080"
"ADV\CHAR\KNGAR.CCS"	"file"	"11535"	"0x1687800"	"52506"
"ADV\CHAR\KNGAW.CCS"	"file"	"11561"	"0x1694800"	"45650"
"ADV\CHAR\KNGUW.CCS"	"file"	"11584"	"0x16A0000"	"42948"
"ADV\CHAR\KNHAK.CCS"	"file"	"11605"	"0x16AA800"	"42101"
"ADV\CHAR\KNHKG.CCS"	"file"	"11626"	"0x16B5000"	"46247"
"ADV\CHAR\KNHNB.CCS"	"file"	"11649"	"0x16C0800"	"38456"
"ADV\CHAR\KNHNT.CCS"	"file"	"11668"	"0x16CA000"	"39336"
"ADV\CHAR\KNHNW.CCS"	"file"	"11688"	"0x16D4000"	"43572"
"ADV\CHAR\KNINO.CCS"	"file"	"11710"	"0x16DF000"	"47091"
"ADV\CHAR\KNINW.CCS"	"file"	"11733"	"0x16EA800"	"50750"
"ADV\CHAR\KNITW.CCS"	"file"	"11758"	"0x16F7000"	"46267"
"ADV\CHAR\KNJRB.CCS"	"file"	"11781"	"0x1702800"	"38662"
"ADV\CHAR\KNJRW.CCS"	"file"	"11800"	"0x170C000"	"50279"
"ADV\CHAR\KNKBW.CCS"	"file"	"11825"	"0x1718800"	"42021"
"ADV\CHAR\KNKDM.CCS"	"file"	"11846"	"0x1723000"	"54130"
"ADV\CHAR\KNKHM.CCS"	"file"	"11873"	"0x1730800"	"34699"
"ADV\CHAR\KNKIB.CCS"	"file"	"11890"	"0x1739000"	"66826"
"ADV\CHAR\KNKIW.CCS"	"file"	"11923"	"0x1749800"	"42321"
"ADV\CHAR\KNKKW.CCS"	"file"	"11944"	"0x1754000"	"57464"
"ADV\CHAR\KNKMM.CCS"	"file"	"11973"	"0x1762800"	"65948"
"ADV\CHAR\KNKNK.CCS"	"file"	"12006"	"0x1773000"	"42529"
"ADV\CHAR\KNKNW.CCS"	"file"	"12027"	"0x177D800"	"40131"
"ADV\CHAR\KNKRW.CCS"	"file"	"12047"	"0x1787800"	"54355"
"ADV\CHAR\KNKSW.CCS"	"file"	"12074"	"0x1795000"	"51752"
"ADV\CHAR\KNNEJ.CCS"	"file"	"12100"	"0x17A2000"	"44372"
"ADV\CHAR\KNNEW.CCS"	"file"	"12122"	"0x17AD000"	"43690"
"ADV\CHAR\KNNRT.CCS"	"file"	"12144"	"0x17B8000"	"43768"
"ADV\CHAR\KNNRW.CCS"	"file"	"12166"	"0x17C3000"	"44249"
"ADV\CHAR\KNORW.CCS"	"file"	"12188"	"0x17CE000"	"49498"
"ADV\CHAR\KNROC.CCS"	"file"	"12213"	"0x17DA800"	"40703"
"ADV\CHAR\KNROW.CCS"	"file"	"12233"	"0x17E4800"	"43928"
"ADV\CHAR\KNSAI.CCS"	"file"	"12255"	"0x17EF800"	"45524"
"ADV\CHAR\KNSCH.CCS"	"file"	"12278"	"0x17FB000"	"43694"
"ADV\CHAR\KNSCO.CCS"	"file"	"12300"	"0x1806000"	"49478"
"ADV\CHAR\KNSEC.CCS"	"file"	"12325"	"0x1812800"	"42625"
"ADV\CHAR\KNSIK.CCS"	"file"	"12346"	"0x181D000"	"45084"
"ADV\CHAR\KNSIN.CCS"	"file"	"12369"	"0x1828800"	"39041"
"ADV\CHAR\KNSIW.CCS"	"file"	"12389"	"0x1832800"	"51473"
"ADV\CHAR\KNSKN.CCS"	"file"	"12415"	"0x183F800"	"48775"
"ADV\CHAR\KNSKR.CCS"	"file"	"12439"	"0x184B800"	"47509"
"ADV\CHAR\KNSKW.CCS"	"file"	"12463"	"0x1857800"	"48161"
"ADV\CHAR\KNSNW.CCS"	"file"	"12487"	"0x1863800"	"47356"
"ADV\CHAR\KNSSK.CCS"	"file"	"12511"	"0x186F800"	"40926"
"ADV\CHAR\KNSSW.CCS"	"file"	"12531"	"0x1879800"	"49479"
"ADV\CHAR\KNSZW.CCS"	"file"	"12556"	"0x1886000"	"35570"
"ADV\CHAR\KNTEN.CCS"	"file"	"12574"	"0x188F000"	"40499"
"ADV\CHAR\KNTEW.CCS"	"file"	"12594"	"0x1899000"	"46651"
"ADV\CHAR\KNTMR.CCS"	"file"	"12617"	"0x18A4800"	"50116"
"ADV\CHAR\KNTMW.CCS"	"file"	"12642"	"0x18B1000"	"48471"
"ADV\CHAR\KNTNW.CCS"	"file"	"12666"	"0x18BD000"	"45824"
"ADV\CHAR\KNTYO.CCS"	"file"	"12689"	"0x18C8800"	"45324"
"ADV\CHAR\KNTYW.CCS"	"file"	"12712"	"0x18D4000"	"53068"
"ADV\CHAR\KNTYY.CCS"	"file"	"12738"	"0x18E1000"	"50367"
"ADV\CHAR\KNYMT.CCS"	"file"	"12763"	"0x18ED800"	"49368"
"ADV\CHAR\KNZBZ.CCS"	"file"	"12788"	"0x18FA000"	"48023"
"ADV\EVENT"	"dir"	"35"	"0x11800"	"4096"
"ADV\EVENT\ACT_RECORD.CCS"	"file"	"12812"	"0x1906000"	"2278"
"ADV\EVENT\BATTLE_000.CCS"	"file"	"12814"	"0x1907000"	"580"
"ADV\EVENT\CLCT_000.CCS"	"file"	"12815"	"0x1907800"	"7329"
"ADV\EVENT\CLCT_001.CCS"	"file"	"12819"	"0x1909800"	"9237"
"ADV\EVENT\CLCT_002.CCS"	"file"	"12824"	"0x190C000"	"16337"
"ADV\EVENT\EVENT.CCS"	"file"	"12832"	"0x1910000"	"38664"
"ADV\EVENT\GROUP.CCS"	"file"	"12851"	"0x1919800"	"1287"
"ADV\EVENT\HEAT_BATTLE.CCS"	"file"	"12852"	"0x191A000"	"3653"
"ADV\EVENT\IRAI_001.CCS"	"file"	"12854"	"0x191B000"	"2654"
"ADV\EVENT\IRAI_002.CCS"	"file"	"12856"	"0x191C000"	"2228"
"ADV\EVENT\IRAI_003.CCS"	"file"	"12858"	"0x191D000"	"3975"
"ADV\EVENT\IRAI_004.CCS"	"file"	"12860"	"0x191E000"	"9519"
"ADV\EVENT\IRAI_005.CCS"	"file"	"12865"	"0x1920800"	"3305"
"ADV\EVENT\IRAI_006.CCS"	"file"	"12867"	"0x1921800"	"3417"
"ADV\EVENT\IRAI_007.CCS"	"file"	"12869"	"0x1922800"	"3143"
"ADV\EVENT\IRAI_008.CCS"	"file"	"12871"	"0x1923800"	"3151"
"ADV\EVENT\IRAI_009.CCS"	"file"	"12873"	"0x1924800"	"4200"
"ADV\EVENT\IRAI_010.CCS"	"file"	"12876"	"0x1926000"	"3121"
"ADV\EVENT\IRAI_011.CCS"	"file"	"12878"	"0x1927000"	"3521"
"ADV\EVENT\IRAI_012.CCS"	"file"	"12880"	"0x1928000"	"8775"
"ADV\EVENT\IRAI_013.CCS"	"file"	"12885"	"0x192A800"	"3427"
"ADV\EVENT\IRAI_014.CCS"	"file"	"12887"	"0x192B800"	"3827"
"ADV\EVENT\IRAI_015.CCS"	"file"	"12889"	"0x192C800"	"4692"
"ADV\EVENT\IRAI_016.CCS"	"file"	"12892"	"0x192E000"	"10768"
"ADV\EVENT\IRAI_017.CCS"	"file"	"12898"	"0x1931000"	"6214"
"ADV\EVENT\IRAI_018.CCS"	"file"	"12902"	"0x1933000"	"8914"
"ADV\EVENT\IRAI_019.CCS"	"file"	"12907"	"0x1935800"	"5065"
"ADV\EVENT\IRAI_020.CCS"	"file"	"12910"	"0x1937000"	"13277"
"ADV\EVENT\ITEM_000.CCS"	"file"	"12917"	"0x193A800"	"2332"
"ADV\EVENT\LETTER.CCS"	"file"	"12919"	"0x193B800"	"3619"
"ADV\EVENT\MAIN_000.CCS"	"file"	"12921"	"0x193C800"	"23011"
"ADV\EVENT\MAIN_001.CCS"	"file"	"12933"	"0x1942800"	"19165"
"ADV\EVENT\OTHER_000.CCS"	"file"	"12943"	"0x1947800"	"2875"
"ADV\EVENT\SKILL_000.CCS"	"file"	"12946"	"0x1949000"	"7191"
"ADV\EVENT\SKILL_001.CCS"	"file"	"12950"	"0x194B000"	"8189"
"ADV\EVENT\SKILL_002.CCS"	"file"	"12954"	"0x194D000"	"8677"
"ADV\EVENT\SKILL_003.CCS"	"file"	"12959"	"0x194F800"	"2485"
"ADV\EVENT\SKILL_004.CCS"	"file"	"12961"	"0x1950800"	"6873"
"ADV\EVENT\TOWN_000.CCS"	"file"	"12965"	"0x1952800"	"3630"
"ADV\EVENT\TOWN_001.CCS"	"file"	"12967"	"0x1953800"	"5341"
"ADV\EVENT\TOWN_002.CCS"	"file"	"12970"	"0x1955000"	"3316"
"ADV\EVENT\TOWN_003.CCS"	"file"	"12972"	"0x1956000"	"5543"
"ADV\EVENT\TOWN_004.CCS"	"file"	"12975"	"0x1957800"	"3706"
"ADV\EVENT\TOWN_005.CCS"	"file"	"12977"	"0x1958800"	"4417"
"ADV\EVENT\TOWN_006.CCS"	"file"	"12980"	"0x195A000"	"2711"
"ADV\EVENT\TOWN_007.CCS"	"file"	"12982"	"0x195B000"	"3179"
"ADV\EVENT\TOWN_008.CCS"	"file"	"12984"	"0x195C000"	"2680"
"ADV\EVENT\TOWN_009.CCS"	"file"	"12986"	"0x195D000"	"1516"
"ADV\EVENT\TOWN_010.CCS"	"file"	"12987"	"0x195D800"	"1074"
"ADV\EVENT\TOWN_011.CCS"	"file"	"12988"	"0x195E000"	"1810"
"ADV\EVENT\TOWN_012.CCS"	"file"	"12989"	"0x195E800"	"1011"
"ADV\EVENT\TOWN_013.CCS"	"file"	"12990"	"0x195F000"	"1346"
"ADV\MISSION.CCS"	"file"	"7309"	"0xE46800"	"35939"
"ADV\PLAYER"	"dir"	"37"	"0x12800"	"8192"
"ADV\PLAYER\ADVGUWBOD1.CCS"	"file"	"12991"	"0x195F800"	"40018"
"ADV\PLAYER\ADVHNWBOD1.CCS"	"file"	"13011"	"0x1969800"	"42691"
"ADV\PLAYER\ADVINWBOD1.CCS"	"file"	"13032"	"0x1974000"	"43518"
"ADV\PLAYER\ADVJRWBOD1.CCS"	"file"	"13054"	"0x197F000"	"43822"
"ADV\PLAYER\ADVKKWBOD1.CCS"	"file"	"13076"	"0x198A000"	"45001"
"ADV\PLAYER\ADVKNWBOD1.CCS"	"file"	"13098"	"0x1995000"	"37467"
"ADV\PLAYER\ADVMN1BOD1.CCS"	"file"	"13117"	"0x199E800"	"24103"
"ADV\PLAYER\ADVMN2BOD1.CCS"	"file"	"13129"	"0x19A4800"	"24032"
"ADV\PLAYER\ADVMN3BOD1.CCS"	"file"	"13141"	"0x19AA800"	"24002"
"ADV\PLAYER\ADVMN4BOD1.CCS"	"file"	"13153"	"0x19B0800"	"23737"
"ADV\PLAYER\ADVMN5BOD1.CCS"	"file"	"13165"	"0x19B6800"	"23740"
"ADV\PLAYER\ADVMN6BOD1.CCS"	"file"	"13177"	"0x19BC800"	"23677"
"ADV\PLAYER\ADVNA1BOD1.CCS"	"file"	"13189"	"0x19C2800"	"31162"
"ADV\PLAYER\ADVNEWBOD1.CCS"	"file"	"13205"	"0x19CA800"	"41813"
"ADV\PLAYER\ADVNK1BOD1.CCS"	"file"	"13226"	"0x19D5000"	"20265"
"ADV\PLAYER\ADVNK2BOD1.CCS"	"file"	"13236"	"0x19DA000"	"19715"
"ADV\PLAYER\ADVNK3BOD1.CCS"	"file"	"13246"	"0x19DF000"	"20564"
"ADV\PLAYER\ADVNK4BOD1.CCS"	"file"	"13257"	"0x19E4800"	"20566"
"ADV\PLAYER\ADVNRWBOD1.CCS"	"file"	"13268"	"0x19EA000"	"36373"
"ADV\PLAYER\ADVNWVBOD1.CCS"	"file"	"13286"	"0x19F3000"	"9219"
"ADV\PLAYER\ADVNZ1BOD1.CCS"	"file"	"13291"	"0x19F5800"	"28959"
"ADV\PLAYER\ADVNZ2BOD1.CCS"	"file"	"13306"	"0x19FD000"	"30368"
"ADV\PLAYER\ADVNZ3BOD1.CCS"	"file"	"13321"	"0x1A04800"	"29395"
"ADV\PLAYER\ADVORWBOD1.CCS"	"file"	"13336"	"0x1A0C000"	"40494"
"ADV\PLAYER\ADVROWBOD1.CCS"	"file"	"13356"	"0x1A16000"	"41943"
"ADV\PLAYER\ADVSAIBOD1.CCS"	"file"	"13377"	"0x1A20800"	"40545"
"ADV\PLAYER\ADVSIWBOD1.CCS"	"file"	"13397"	"0x1A2A800"	"39056"
"ADV\PLAYER\ADVSKWBOD1.CCS"	"file"	"13417"	"0x1A34800"	"41431"
"ADV\PLAYER\ADVSN0BOD1.CCS"	"file"	"13438"	"0x1A3F000"	"48977"
"ADV\PLAYER\ADVSSWBOD1.CCS"	"file"	"13462"	"0x1A4B000"	"43662"
"ADV\PLAYER\ADVTEWBOD1.CCS"	"file"	"13484"	"0x1A56000"	"40155"
"ADV\PLAYER\ADVTF1BOD1.CCS"	"file"	"13504"	"0x1A60000"	"24959"
"ADV\PLAYER\ADVTF2BOD1.CCS"	"file"	"13517"	"0x1A66800"	"25410"
"ADV\PLAYER\ADVTF3BOD1.CCS"	"file"	"13530"	"0x1A6D000"	"24485"
"ADV\PLAYER\ADVTF4BOD1.CCS"	"file"	"13542"	"0x1A73000"	"26979"
"ADV\PLAYER\ADVTF5BOD1.CCS"	"file"	"13556"	"0x1A7A000"	"26351"
"ADV\PLAYER\ADVTF6BOD1.CCS"	"file"	"13569"	"0x1A80800"	"22992"
"ADV\PLAYER\ADVTF7BOD1.CCS"	"file"	"13581"	"0x1A86800"	"24686"
"ADV\PLAYER\ADVTI0BOD1.CCS"	"file"	"13594"	"0x1A8D000"	"28937"
"ADV\PLAYER\ADVTN1BOD1.CCS"	"file"	"13609"	"0x1A94800"	"39562"
"ADV\PLAYER\ADVTN2BOD1.CCS"	"file"	"13629"	"0x1A9E800"	"39598"
"ADV\PLAYER\ADVTN4BOD1.CCS"	"file"	"13649"	"0x1AA8800"	"26023"
"ADV\PLAYER\ADVTN5BOD1.CCS"	"file"	"13662"	"0x1AAF000"	"26529"
"ADV\PLAYER\ADVTN6BOD1.CCS"	"file"	"13675"	"0x1AB5800"	"26433"
"ADV\PLAYER\ADVTNWBOD1.CCS"	"file"	"13688"	"0x1ABC000"	"41849"
"ADV\PLAYER\ADVTT1BOD1.CCS"	"file"	"13709"	"0x1AC6800"	"24938"
"ADV\PLAYER\ADVTT2BOD1.CCS"	"file"	"13722"	"0x1ACD000"	"25186"
"ADV\PLAYER\ADVTT3BOD1.CCS"	"file"	"13735"	"0x1AD3800"	"24396"
"ADV\PLAYER\ADVTT4BOD1.CCS"	"file"	"13747"	"0x1AD9800"	"26842"
"ADV\PLAYER\ADVTT5BOD1.CCS"	"file"	"13761"	"0x1AE0800"	"25915"
"ADV\PLAYER\ADVTT6BOD1.CCS"	"file"	"13774"	"0x1AE7000"	"22746"
"ADV\PLAYER\ADVTT7BOD1.CCS"	"file"	"13786"	"0x1AED000"	"24449"
"ADV\PLAYER\ADVTY1BOD1.CCS"	"file"	"13798"	"0x1AF3000"	"25254"
"ADV\PLAYER\ADVTY2BOD1.CCS"	"file"	"13811"	"0x1AF9800"	"25590"
"ADV\PLAYER\ADVTY3BOD1.CCS"	"file"	"13824"	"0x1B00000"	"24430"
"ADV\PLAYER\ADVTY4BOD1.CCS"	"file"	"13836"	"0x1B06000"	"27464"
"ADV\PLAYER\ADVTY5BOD1.CCS"	"file"	"13850"	"0x1B0D000"	"26834"
"ADV\PLAYER\ADVTY6BOD1.CCS"	"file"	"13864"	"0x1B14000"	"23476"
"ADV\PLAYER\ADVTY7BOD1.CCS"	"file"	"13876"	"0x1B1A000"	"25113"
"ADV\PLAYER\ADVTYWBOD1.CCS"	"file"	"13889"	"0x1B20800"	"44627"
"ADV\PLAYER\EN00_BTL.CCS"	"file"	"13911"	"0x1B2B800"	"39193"
"ADV\PLAYER\EN01_BTL.CCS"	"file"	"13931"	"0x1B35800"	"33142"
"ADV\PLAYER\EN02_BTL.CCS"	"file"	"13948"	"0x1B3E000"	"40146"
"ADV\PLAYER\EN03_BTL.CCS"	"file"	"13968"	"0x1B48000"	"43577"
"ADV\PLAYER\EN04_BTL.CCS"	"file"	"13990"	"0x1B53000"	"41947"
"ADV\PLAYER\EN05_BTL.CCS"	"file"	"14011"	"0x1B5D800"	"37138"
"ADV\PLAYER\EN06_BTL.CCS"	"file"	"14030"	"0x1B67000"	"42585"
"ADV\PLAYER\EN07_BTL.CCS"	"file"	"14051"	"0x1B71800"	"38925"
"ADV\PLAYER\EN08_BTL.CCS"	"file"	"14071"	"0x1B7B800"	"32939"
"ADV\PLAYER\EN09_BTL.CCS"	"file"	"14088"	"0x1B84000"	"40173"
"ADV\PLAYER\EN10_BTL.CCS"	"file"	"14108"	"0x1B8E000"	"43191"
"ADV\PLAYER\EN11_BTL.CCS"	"file"	"14130"	"0x1B99000"	"41463"
"ADV\PLAYER\EN12_BTL.CCS"	"file"	"14151"	"0x1BA3800"	"36655"
"ADV\PLAYER\EN13_BTL.CCS"	"file"	"14169"	"0x1BAC800"	"42163"
"ADV\PLAYER\EN14_BTL.CCS"	"file"	"14190"	"0x1BB7000"	"38907"
"ADV\PLAYER\EN15_BTL.CCS"	"file"	"14209"	"0x1BC0800"	"32681"
"ADV\PLAYER\EN16_BTL.CCS"	"file"	"14225"	"0x1BC8800"	"40080"
"ADV\PLAYER\EN17_BTL.CCS"	"file"	"14245"	"0x1BD2800"	"43053"
"ADV\PLAYER\EN18_BTL.CCS"	"file"	"14267"	"0x1BDD800"	"39292"
"ADV\PLAYER\EN19_BTL.CCS"	"file"	"14287"	"0x1BE7800"	"36411"
"ADV\PLAYER\EN20_BTL.CCS"	"file"	"14305"	"0x1BF0800"	"41921"
"ADV\PLAYER\EN21_BTL.CCS"	"file"	"14326"	"0x1BFB000"	"38881"
"ADV\PLAYER\EN22_BTL.CCS"	"file"	"14345"	"0x1C04800"	"35472"
"ADV\PLAYER\EN23_BTL.CCS"	"file"	"14363"	"0x1C0D800"	"32666"
"ADV\PLAYER\EN24_BTL.CCS"	"file"	"14379"	"0x1C15800"	"36304"
"ADV\PLAYER\EN25_BTL.CCS"	"file"	"14397"	"0x1C1E800"	"44207"
"ADV\PLAYER\EN26_BTL.CCS"	"file"	"14419"	"0x1C29800"	"38540"
"ADV\PLAYER\EN27_BTL.CCS"	"file"	"14438"	"0x1C33000"	"35177"
"ADV\PLAYER\EN28_BTL.CCS"	"file"	"14456"	"0x1C3C000"	"32366"
"ADV\PLAYER\EN29_BTL.CCS"	"file"	"14472"	"0x1C44000"	"36002"
"ADV\PLAYER\EN30_BTL.CCS"	"file"	"14490"	"0x1C4D000"	"43936"
"ADV\PLAYER\EN31_BTL.CCS"	"file"	"14512"	"0x1C58000"	"44422"
"ADV\PLAYER\EN32_BTL.CCS"	"file"	"14534"	"0x1C63000"	"42169"
"ADV\PLAYER\EN33_BTL.CCS"	"file"	"14555"	"0x1C6D800"	"39132"
"ADV\PLAYER\EN34_BTL.CCS"	"file"	"14575"	"0x1C77800"	"41646"
"ADV\PLAYER\EN35_BTL.CCS"	"file"	"14596"	"0x1C82000"	"49414"
"ADV\PLAYER\GUW_BTL.CCS"	"file"	"14621"	"0x1C8E800"	"197407"
"ADV\PLAYER\HNW_BTL.CCS"	"file"	"14718"	"0x1CBF000"	"169464"
"ADV\PLAYER\INW_BTL.CCS"	"file"	"14801"	"0x1CE8800"	"190202"
"ADV\PLAYER\JRW_BTL.CCS"	"file"	"14894"	"0x1D17000"	"392200"
"ADV\PLAYER\KKW_BTL.CCS"	"file"	"15086"	"0x1D77000"	"210949"
"ADV\PLAYER\KKW_NRM.CCS"	"file"	"15190"	"0x1DAB000"	"83986"
"ADV\PLAYER\KNW_NRM.CCS"	"file"	"15232"	"0x1DC0000"	"87090"
"ADV\PLAYER\NA1_BTL.CCS"	"file"	"15275"	"0x1DD5800"	"76237"
"ADV\PLAYER\NEW_BTL.CCS"	"file"	"15313"	"0x1DE8800"	"259730"
"ADV\PLAYER\NEW_NRM.CCS"	"file"	"15440"	"0x1E28000"	"149189"
"ADV\PLAYER\NK1_BTL.CCS"	"file"	"15513"	"0x1E4C800"	"104179"
"ADV\PLAYER\NK2_BTL.CCS"	"file"	"15564"	"0x1E66000"	"108324"
"ADV\PLAYER\NK3_BTL.CCS"	"file"	"15617"	"0x1E80800"	"128059"
"ADV\PLAYER\NK4_BTL.CCS"	"file"	"15680"	"0x1EA0000"	"118179"
"ADV\PLAYER\NRT_BTL.CCS"	"file"	"15738"	"0x1EBD000"	"298897"
"ADV\PLAYER\NRV_BTL.CCS"	"file"	"15884"	"0x1F06000"	"288844"
"ADV\PLAYER\NRW_BTL.CCS"	"file"	"16026"	"0x1F4D000"	"575606"
"ADV\PLAYER\NRW_NRM.CCS"	"file"	"16308"	"0x1FDA000"	"103550"
"ADV\PLAYER\NWV_BTL.CCS"	"file"	"16359"	"0x1FF3800"	"540716"
"ADV\PLAYER\ORW_BTL.CCS"	"file"	"16624"	"0x2078000"	"427836"
"ADV\PLAYER\ROW_BTL.CCS"	"file"	"16833"	"0x20E0800"	"186838"
"ADV\PLAYER\SAI_BTL.CCS"	"file"	"16925"	"0x210E800"	"345786"
"ADV\PLAYER\SAI_NRM.CCS"	"file"	"17094"	"0x2163000"	"83108"
"ADV\PLAYER\SIW_BTL.CCS"	"file"	"17135"	"0x2177800"	"174162"
"ADV\PLAYER\SKL_KKW.CCS"	"file"	"17221"	"0x21A2800"	"51575"
"ADV\PLAYER\SKL_SKW.CCS"	"file"	"17247"	"0x21AF800"	"48108"
"ADV\PLAYER\SKW_BTL.CCS"	"file"	"17271"	"0x21BB800"	"257211"
"ADV\PLAYER\SKW_NRM.CCS"	"file"	"17397"	"0x21FA800"	"125928"
"ADV\PLAYER\SN0_BTL.CCS"	"file"	"17459"	"0x2219800"	"59122"
"ADV\PLAYER\SN1_BTL.CCS"	"file"	"17488"	"0x2228000"	"121989"
"ADV\PLAYER\SN2_BTL.CCS"	"file"	"17548"	"0x2246000"	"91366"
"ADV\PLAYER\SN3_BTL.CCS"	"file"	"17593"	"0x225C800"	"70148"
"ADV\PLAYER\SN4_BTL.CCS"	"file"	"17628"	"0x226E000"	"68846"
"ADV\PLAYER\SN5_BTL.CCS"	"file"	"17662"	"0x227F000"	"87361"
"ADV\PLAYER\SN6_BTL.CCS"	"file"	"17705"	"0x2294800"	"132552"
"ADV\PLAYER\SN7_BTL.CCS"	"file"	"17770"	"0x22B5000"	"55145"
"ADV\PLAYER\SSW_BTL.CCS"	"file"	"17797"	"0x22C2800"	"596828"
"ADV\PLAYER\SSW_NRM.CCS"	"file"	"18089"	"0x2354800"	"77414"
"ADV\PLAYER\TEW_BTL.CCS"	"file"	"18127"	"0x2367800"	"284045"
"ADV\PLAYER\TI0_BTL.CCS"	"file"	"18266"	"0x23AD000"	"90418"
"ADV\PLAYER\TI1_BTL.CCS"	"file"	"18311"	"0x23C3800"	"90585"
"ADV\PLAYER\TI2_BTL.CCS"	"file"	"18356"	"0x23DA000"	"91335"
"ADV\PLAYER\TI3_BTL.CCS"	"file"	"18401"	"0x23F0800"	"74927"
"ADV\PLAYER\TI4_BTL.CCS"	"file"	"18438"	"0x2403000"	"46571"
"ADV\PLAYER\TI5_BTL.CCS"	"file"	"18461"	"0x240E800"	"109565"
"ADV\PLAYER\TI6_BTL.CCS"	"file"	"18515"	"0x2429800"	"64625"
"ADV\PLAYER\TI7_BTL.CCS"	"file"	"18547"	"0x2439800"	"59096"
"ADV\PLAYER\TI8_BTL.CCS"	"file"	"18576"	"0x2448000"	"57678"
"ADV\PLAYER\TI9_BTL.CCS"	"file"	"18605"	"0x2456800"	"55182"
"ADV\PLAYER\TNW_BTL.CCS"	"file"	"18632"	"0x2464000"	"309355"
"ADV\PLAYER\TYW_BTL.CCS"	"file"	"18784"	"0x24B0000"	"275090"
"ADV\SKILL"	"dir"	"41"	"0x14800"	"2048"
"ADV\SKILL\N_SKL_KKW.CCS"	"file"	"18919"	"0x24F3800"	"159759"
"ADV\SKILL\N_SKL_NEW.CCS"	"file"	"18998"	"0x251B000"	"31954"
"ADV\SKILL\N_SKL_NRW.CCS"	"file"	"19014"	"0x2523000"	"12225"
"ADV\SKILL\N_SKL_SAI.CCS"	"file"	"19020"	"0x2526000"	"19844"
"ADV\SKILL\N_SKL_SKW.CCS"	"file"	"19030"	"0x252B000"	"13922"
"ADV\SKILL\N_SKL_SSW.CCS"	"file"	"19037"	"0x252E800"	"33601"
"ADV\SKILL\SKL_KKW.CCS"	"file"	"19054"	"0x2537000"	"103321"
"ADV\SKILL\SKL_NRW.CCS"	"file"	"19105"	"0x2550800"	"157970"
"ADV\SKILL\SKL_NRW1.CCS"	"file"	"19183"	"0x2577800"	"13587"
"ADV\SKILL\SKL_SAI.CCS"	"file"	"19190"	"0x257B000"	"57929"
"ADV\SKILL\SKL_SKW.CCS"	"file"	"19219"	"0x2589800"	"49071"
"ADV\SKILL\SKL_SSW0.CCS"	"file"	"19243"	"0x2595800"	"59749"
"ADV\SKILL\SKL_SSW1.CCS"	"file"	"19273"	"0x25A4800"	"10034"
"ADV\STAGE"	"dir"	"42"	"0x15000"	"4096"
"ADV\STAGE\B000.CCS"	"file"	"19278"	"0x25A7000"	"195236"
"ADV\STAGE\E000.CCS"	"file"	"19374"	"0x25D7000"	"329819"
"ADV\STAGE\E100.CCS"	"file"	"19536"	"0x2628000"	"361056"
"ADV\STAGE\E200.CCS"	"file"	"19713"	"0x2680800"	"332732"
"ADV\STAGE\E300.CCS"	"file"	"19876"	"0x26D2000"	"313264"
"ADV\STAGE\E400.CCS"	"file"	"20029"	"0x271E800"	"343327"
"ADV\STAGE\MAPTIP.CCS"	"file"	"20197"	"0x2772800"	"965283"
"ADV\STAGE\S000.CCS"	"file"	"20669"	"0x285E800"	"823698"
"ADV\STAGE\S001.CCS"	"file"	"21072"	"0x2928000"	"59668"
"ADV\STAGE\S002.CCS"	"file"	"21102"	"0x2937000"	"744934"
"ADV\STAGE\S003.CCS"	"file"	"21466"	"0x29ED000"	"646778"
"ADV\STAGE\S004.CCS"	"file"	"21782"	"0x2A8B000"	"174410"
"ADV\STAGE\S006.CCS"	"file"	"21868"	"0x2AB6000"	"863811"
"ADV\STAGE\S007.CCS"	"file"	"22290"	"0x2B89000"	"543974"
"ADV\STAGE\S008.CCS"	"file"	"22556"	"0x2C0E000"	"117240"
"ADV\STAGE\S009.CCS"	"file"	"22614"	"0x2C2B000"	"748160"
"ADV\STAGE\S010.CCS"	"file"	"22980"	"0x2CE2000"	"826544"
"ADV\STAGE\S011.CCS"	"file"	"23384"	"0x2DAC000"	"951999"
"ADV\STAGE\S012.CCS"	"file"	"23849"	"0x2E94800"	"739653"
"ADV\STAGE\S013.CCS"	"file"	"24211"	"0x2F49800"	"943906"
"ADV\STAGE\S016.CCS"	"file"	"24672"	"0x3030000"	"706224"
"ADV\STAGE\S018.CCS"	"file"	"25017"	"0x30DC800"	"652429"
"ADV\STAGE\S019.CCS"	"file"	"25336"	"0x317C000"	"704027"
"ADV\STAGE\S100.CCS"	"file"	"25680"	"0x3228000"	"972031"
"ADV\STAGE\S102.CCS"	"file"	"26155"	"0x3315800"	"1055862"
"ADV\STAGE\S103.CCS"	"file"	"26671"	"0x3417800"	"631728"
"ADV\STAGE\S104.CCS"	"file"	"26980"	"0x34B2000"	"861191"
"ADV\STAGE\S105.CCS"	"file"	"27401"	"0x3584800"	"624369"
"ADV\STAGE\S106.CCS"	"file"	"27706"	"0x361D000"	"214351"
"ADV\STAGE\S107.CCS"	"file"	"27811"	"0x3651800"	"561498"
"ADV\STAGE\S108.CCS"	"file"	"28086"	"0x36DB000"	"927780"
"ADV\STAGE\S110.CCS"	"file"	"28540"	"0x37BE000"	"397234"
"ADV\STAGE\S111.CCS"	"file"	"28734"	"0x381F000"	"439023"
"ADV\STAGE\S112.CCS"	"file"	"28949"	"0x388A800"	"1032445"
"ADV\STAGE\S200.CCS"	"file"	"29454"	"0x3987000"	"1165634"
"ADV\STAGE\S201.CCS"	"file"	"30024"	"0x3AA4000"	"1161437"
"ADV\STAGE\S202.CCS"	"file"	"30592"	"0x3BC0000"	"765268"
"ADV\STAGE\S203.CCS"	"file"	"30966"	"0x3C7B000"	"1028987"
"ADV\STAGE\S204.CCS"	"file"	"31469"	"0x3D76800"	"817029"
"ADV\STAGE\S301.CCS"	"file"	"31868"	"0x3E3E000"	"991794"
"ADV\STAGE\S302.CCS"	"file"	"32353"	"0x3F30800"	"918586"
"ADV\STAGE\S400.CCS"	"file"	"32802"	"0x4011000"	"905177"
"ADV\STAGE\S401.CCS"	"file"	"33244"	"0x40EE000"	"797194"
"ADV\STAGE\S402.CCS"	"file"	"33634"	"0x41B1000"	"770784"
"ADV\STAGE\S403.CCS"	"file"	"34011"	"0x426D800"	"519958"
"ADV\STAGE\S600.CCS"	"file"	"34265"	"0x42EC800"	"78093"
"ADV\STAGE\S700.CCS"	"file"	"34304"	"0x4300000"	"348029"
"ADV\STAGE\S701.CCS"	"file"	"34474"	"0x4355000"	"457020"
"ADV\STAGE\S702.CCS"	"file"	"34698"	"0x43C5000"	"158236"
"ADV\STAGE\S703.CCS"	"file"	"34776"	"0x43EC000"	"170605"
"ADV\STAGE\S704.CCS"	"file"	"34860"	"0x4416000"	"158878"
"ADV\STAGE\S705.CCS"	"file"	"34938"	"0x443D000"	"157972"
"ADV\STAGE\S706.CCS"	"file"	"35016"	"0x4464000"	"161929"
"ADV\STAGE\S707.CCS"	"file"	"35096"	"0x448C000"	"158418"
"ADV\STAGE\S708.CCS"	"file"	"35174"	"0x44B3000"	"161979"
"ADV\STAGE\S709.CCS"	"file"	"35254"	"0x44DB000"	"157949"
"ADV\STAGE\S710.CCS"	"file"	"35332"	"0x4502000"	"209486"
"ADV\STAGE\S801.CCS"	"file"	"35435"	"0x4535800"	"1536"
"ADV\STAGE\S802.CCS"	"file"	"35436"	"0x4536000"	"1922"
"ADV\STAGE\S803.CCS"	"file"	"35437"	"0x4536800"	"3003"
"ADV\STAGE\S804.CCS"	"file"	"35439"	"0x4537800"	"3464"
"ADV\STAGE\S805.CCS"	"file"	"35441"	"0x4538800"	"2526"
"ADV\STAGE\S806.CCS"	"file"	"35443"	"0x4539800"	"3616"
"ADV\STAGE\S807.CCS"	"file"	"35445"	"0x453A800"	"3392"
"ADV\STAGE\S808.CCS"	"file"	"35447"	"0x453B800"	"4141"
"ADV\STAGE\S809.CCS"	"file"	"35450"	"0x453D000"	"3186"
"ADV\STAGE\S810.CCS"	"file"	"35452"	"0x453E000"	"4342"
"ADV\STAGE\S811.CCS"	"file"	"35455"	"0x453F800"	"3631"
"ADV\STAGE\S812.CCS"	"file"	"35457"	"0x4540800"	"4328"
"ADV\STAGE\S813.CCS"	"file"	"35460"	"0x4542000"	"4516"
"ADV\STAGE\S814.CCS"	"file"	"35463"	"0x4543800"	"4508"
"ADV\STAGE\S815.CCS"	"file"	"35466"	"0x4545000"	"6437"
"ADV\STAGE\S816.CCS"	"file"	"35470"	"0x4547000"	"3211"
"ADV\STAGE\S817.CCS"	"file"	"35472"	"0x4548000"	"4676"
"ADV\STAGE\S818.CCS"	"file"	"35475"	"0x4549800"	"4480"
"ADV\STAGE\S819.CCS"	"file"	"35478"	"0x454B000"	"7424"
"ADV\STAGE\S820.CCS"	"file"	"35482"	"0x454D000"	"3669"
"ADV\STAGE\STCMN.CCS"	"file"	"35484"	"0x454E000"	"120310"
"BATTLEGAUGE.CCS"	"file"	"87"	"0x2B800"	"134543"
"BUDDY"	"dir"	"44"	"0x16000"	"6144"
"BUDDY\2ASWBDY.CCS"	"file"	"35543"	"0x456B800"	"45761"
"BUDDY\2ASWBDY0.CCS"	"file"	"35566"	"0x4577000"	"49569"
"BUDDY\2ASWBDY1.CCS"	"file"	"35591"	"0x4583800"	"38327"
"BUDDY\2CHYBDY.CCS"	"file"	"35610"	"0x458D000"	"21302"
"BUDDY\2CHYBDY0.CCS"	"file"	"35621"	"0x4592800"	"13549"
"BUDDY\2CYBBDY.CCS"	"file"	"35628"	"0x4596000"	"33500"
"BUDDY\2CYBBDY0.CCS"	"file"	"35645"	"0x459E800"	"55861"
"BUDDY\2DDRBDY.CCS"	"file"	"35673"	"0x45AC800"	"40825"
"BUDDY\2DDRBDY0.CCS"	"file"	"35693"	"0x45B6800"	"41481"
"BUDDY\2DDRBDY1.CCS"	"file"	"35714"	"0x45C1000"	"52708"
"BUDDY\2GAWBDY.CCS"	"file"	"35740"	"0x45CE000"	"37075"
"BUDDY\2GAWBDY0.CCS"	"file"	"35759"	"0x45D7800"	"43293"
"BUDDY\2GUWBDY.CCS"	"file"	"35781"	"0x45E2800"	"36593"
"BUDDY\2GUWBDY0.CCS"	"file"	"35799"	"0x45EB800"	"29364"
"BUDDY\2GUWBDY1.CCS"	"file"	"35814"	"0x45F3000"	"45223"
"BUDDY\2GUWBDY2.CCS"	"file"	"35837"	"0x45FE800"	"45116"
"BUDDY\2HNWBDY.CCS"	"file"	"35860"	"0x460A000"	"42681"
"BUDDY\2HNWBDY0.CCS"	"file"	"35881"	"0x4614800"	"38077"
"BUDDY\2INWBDY.CCS"	"file"	"35900"	"0x461E000"	"43415"
"BUDDY\2INWBDY0.CCS"	"file"	"35922"	"0x4629000"	"29791"
"BUDDY\2ITWBDY.CCS"	"file"	"35937"	"0x4630800"	"41287"
"BUDDY\2ITWBDY0.CCS"	"file"	"35958"	"0x463B000"	"31124"
"BUDDY\2JRWBDY.CCS"	"file"	"35974"	"0x4643000"	"38947"
"BUDDY\2JRWBDY0.CCS"	"file"	"35994"	"0x464D000"	"50989"
"BUDDY\2KBWBDY.CCS"	"file"	"36019"	"0x4659800"	"39409"
"BUDDY\2KBWBDY0.CCS"	"file"	"36039"	"0x4663800"	"48220"
"BUDDY\2KBWBDY1.CCS"	"file"	"36063"	"0x466F800"	"42398"
"BUDDY\2KIWBDY.CCS"	"file"	"36084"	"0x467A000"	"38054"
"BUDDY\2KIWBDY0.CCS"	"file"	"36103"	"0x4683800"	"68988"
"BUDDY\2KIWBDY1.CCS"	"file"	"36137"	"0x4694800"	"35434"
"BUDDY\2KIWBDY2.CCS"	"file"	"36155"	"0x469D800"	"53263"
"BUDDY\2KKWBDY.CCS"	"file"	"36182"	"0x46AB000"	"46108"
"BUDDY\2KKWBDY0.CCS"	"file"	"36205"	"0x46B6800"	"48777"
"BUDDY\2KKWBDY1.CCS"	"file"	"36229"	"0x46C2800"	"35276"
"BUDDY\2KKWBDY2.CCS"	"file"	"36247"	"0x46CB800"	"39253"
"BUDDY\2KKWBDY3.CCS"	"file"	"36267"	"0x46D5800"	"32031"
"BUDDY\2KNWBDY.CCS"	"file"	"36283"	"0x46DD800"	"20031"
"BUDDY\2KNWBDY0.CCS"	"file"	"36293"	"0x46E2800"	"12083"
"BUDDY\2KNWBDY1.CCS"	"file"	"36299"	"0x46E5800"	"15669"
"BUDDY\2KNWBDY2.CCS"	"file"	"36307"	"0x46E9800"	"13263"
"BUDDY\2KRWBDY.CCS"	"file"	"36314"	"0x46ED000"	"39731"
"BUDDY\2KRWBDY0.CCS"	"file"	"36334"	"0x46F7000"	"54294"
"BUDDY\2KRWBDY1.CCS"	"file"	"36361"	"0x4704800"	"49309"
"BUDDY\2KSWBDY.CCS"	"file"	"36386"	"0x4711000"	"42014"
"BUDDY\2KSWBDY0.CCS"	"file"	"36407"	"0x471B800"	"39500"
"BUDDY\2NEWBDY.CCS"	"file"	"36427"	"0x4725800"	"38301"
"BUDDY\2NEWBDY0.CCS"	"file"	"36446"	"0x472F000"	"57107"
"BUDDY\2NEWBDY1.CCS"	"file"	"36474"	"0x473D000"	"68764"
"BUDDY\2NRWBDY.CCS"	"file"	"36508"	"0x474E000"	"36317"
"BUDDY\2NRWBDY0.CCS"	"file"	"36526"	"0x4757000"	"50113"
"BUDDY\2NRWBDY1.CCS"	"file"	"36551"	"0x4763800"	"58926"
"BUDDY\2NRWBDY2.CCS"	"file"	"36580"	"0x4772000"	"45014"
"BUDDY\2ORWBDY.CCS"	"file"	"36602"	"0x477D000"	"37378"
"BUDDY\2ORWBDY0.CCS"	"file"	"36621"	"0x4786800"	"47499"
"BUDDY\2ORWBDY1.CCS"	"file"	"36645"	"0x4792800"	"54276"
"BUDDY\2ROWBDY.CCS"	"file"	"36672"	"0x47A0000"	"41748"
"BUDDY\2ROWBDY0.CCS"	"file"	"36693"	"0x47AA800"	"53924"
"BUDDY\2ROWBDY1.CCS"	"file"	"36720"	"0x47B8000"	"62881"
"BUDDY\2SAIBDY.CCS"	"file"	"36751"	"0x47C7800"	"39733"
"BUDDY\2SAIBDY0.CCS"	"file"	"36771"	"0x47D1800"	"30515"
"BUDDY\2SCHBDY.CCS"	"file"	"36786"	"0x47D9000"	"43412"
"BUDDY\2SCHBDY0.CCS"	"file"	"36808"	"0x47E4000"	"7683"
"BUDDY\2SCHBDY1.CCS"	"file"	"36812"	"0x47E6000"	"5178"
"BUDDY\2SCOBDY.CCS"	"file"	"36815"	"0x47E7800"	"41793"
"BUDDY\2SCOBDY0.CCS"	"file"	"36836"	"0x47F2000"	"32971"
"BUDDY\2SIWBDY.CCS"	"file"	"36853"	"0x47FA800"	"37392"
"BUDDY\2SIWBDY0.CCS"	"file"	"36872"	"0x4804000"	"37846"
"BUDDY\2SIWBDY1.CCS"	"file"	"36891"	"0x480D800"	"38028"
"BUDDY\2SKWBDY.CCS"	"file"	"36910"	"0x4817000"	"41429"
"BUDDY\2SKWBDY0.CCS"	"file"	"36931"	"0x4821800"	"35891"
"BUDDY\2SKWBDY1.CCS"	"file"	"36949"	"0x482A800"	"74138"
"BUDDY\2SNWBDY.CCS"	"file"	"36986"	"0x483D000"	"40464"
"BUDDY\2SNWBDY0.CCS"	"file"	"37006"	"0x4847000"	"40057"
"BUDDY\2SNWBDY1.CCS"	"file"	"37026"	"0x4851000"	"35746"
"BUDDY\2SNWBDY2.CCS"	"file"	"37044"	"0x485A000"	"42474"
"BUDDY\2SSWBDY.CCS"	"file"	"37065"	"0x4864800"	"41020"
"BUDDY\2SSWBDY0.CCS"	"file"	"37086"	"0x486F000"	"63833"
"BUDDY\2SZWBDY.CCS"	"file"	"37118"	"0x487F000"	"35578"
"BUDDY\2SZWBDY0.CCS"	"file"	"37136"	"0x4888000"	"40199"
"BUDDY\2SZWBDY1.CCS"	"file"	"37156"	"0x4892000"	"46298"
"BUDDY\2TEWBDY.CCS"	"file"	"37179"	"0x489D800"	"40162"
"BUDDY\2TEWBDY0.CCS"	"file"	"37199"	"0x48A7800"	"42737"
"BUDDY\2TEWBDY1.CCS"	"file"	"37220"	"0x48B2000"	"32626"
"BUDDY\2TMWBDY.CCS"	"file"	"37236"	"0x48BA000"	"42271"
"BUDDY\2TMWBDY0.CCS"	"file"	"37257"	"0x48C4800"	"41425"
"BUDDY\2TMWBDY1.CCS"	"file"	"37278"	"0x48CF000"	"38126"
"BUDDY\2TMWBDY2.CCS"	"file"	"37297"	"0x48D8800"	"40112"
"BUDDY\2TMWBDY3.CCS"	"file"	"37317"	"0x48E2800"	"42345"
"BUDDY\2TNWBDY.CCS"	"file"	"37338"	"0x48ED000"	"38720"
"BUDDY\2TNWBDY0.CCS"	"file"	"37357"	"0x48F6800"	"34272"
"BUDDY\2TNWBDY1.CCS"	"file"	"37374"	"0x48FF000"	"66855"
"BUDDY\2TNWBDY2.CCS"	"file"	"37407"	"0x490F800"	"43811"
"BUDDY\2TYWBDY.CCS"	"file"	"37429"	"0x491A800"	"44316"
"BUDDY\2TYWBDY0.CCS"	"file"	"37451"	"0x4925800"	"43747"
"BUDDY\2TYWBDY1.CCS"	"file"	"37473"	"0x4930800"	"41291"
"BUDDY\2YMTBDY.CCS"	"file"	"37494"	"0x493B000"	"43528"
"BUDDY\2YMTBDY0.CCS"	"file"	"37516"	"0x4946000"	"31293"
"BUDDY\2YMTBDY1.CCS"	"file"	"37532"	"0x494E000"	"34945"
"CHARSEL1.CCS"	"file"	"153"	"0x4C800"	"791370"
"CMN"	"dir"	"47"	"0x17800"	"2048"
"CMN\2CMNBOD1.CCS"	"file"	"37550"	"0x4957000"	"235056"
"CMN\CW2.CCS"	"file"	"37665"	"0x4990800"	"50573"
"CMN\EFFECT0X.CCS"	"file"	"37690"	"0x499D000"	"420424"
"CMN\GAUGE.CCS"	"file"	"37896"	"0x4A04000"	"72505"
"CMN\PARTICLE.CCS"	"file"	"37932"	"0x4A16000"	"93436"
"CMN\SHADE.CCS"	"file"	"37978"	"0x4A2D000"	"9675"
"CONTINUE.CCS"	"file"	"540"	"0x10E000"	"16048"
"CUTIN"	"dir"	"48"	"0x18000"	"2048"
"CUTIN\1ASWCUTIN.CCS"	"file"	"37983"	"0x4A2F800"	"6966"
"CUTIN\1CHYCUTIN.CCS"	"file"	"37987"	"0x4A31800"	"4073"
"CUTIN\1CYBCUTIN.CCS"	"file"	"37989"	"0x4A32800"	"4670"
"CUTIN\1DDRCUTIN.CCS"	"file"	"37992"	"0x4A34000"	"9685"
"CUTIN\1GAWCUTIN.CCS"	"file"	"37997"	"0x4A36800"	"4142"
"CUTIN\1GUWCUTIN.CCS"	"file"	"38000"	"0x4A38000"	"5821"
"CUTIN\1HNWCUTIN.CCS"	"file"	"38003"	"0x4A39800"	"5902"
"CUTIN\1INWCUTIN.CCS"	"file"	"38006"	"0x4A3B000"	"7449"
"CUTIN\1ITWCUTIN.CCS"	"file"	"38010"	"0x4A3D000"	"4934"
"CUTIN\1JRWCUTIN.CCS"	"file"	"38013"	"0x4A3E800"	"8477"
"CUTIN\1KBWCUTIN.CCS"	"file"	"38018"	"0x4A41000"	"4179"
"CUTIN\1KIWCUTIN.CCS"	"file"	"38021"	"0x4A42800"	"10124"
"CUTIN\1KKWCUTIN.CCS"	"file"	"38026"	"0x4A45000"	"5324"
"CUTIN\1KNWCUTIN.CCS"	"file"	"38029"	"0x4A46800"	"7156"
"CUTIN\1KRWCUTIN.CCS"	"file"	"38033"	"0x4A48800"	"4537"
"CUTIN\1KSWCUTIN.CCS"	"file"	"38036"	"0x4A4A000"	"3919"
"CUTIN\1NEWCUTIN.CCS"	"file"	"38038"	"0x4A4B000"	"12012"
"CUTIN\1NRTCUTIN.CCS"	"file"	"38044"	"0x4A4E000"	"9545"
"CUTIN\1NRWCUTIN.CCS"	"file"	"38049"	"0x4A50800"	"8704"
"CUTIN\1NWVCUTIN.CCS"	"file"	"38054"	"0x4A53000"	"5309"
"CUTIN\1ORWCUTIN.CCS"	"file"	"38057"	"0x4A54800"	"4852"
"CUTIN\1ROWCUTIN.CCS"	"file"	"38060"	"0x4A56000"	"3792"
"CUTIN\1SAICUTIN.CCS"	"file"	"38062"	"0x4A57000"	"4191"
"CUTIN\1SCHCUTIN.CCS"	"file"	"38065"	"0x4A58800"	"4871"
"CUTIN\1SCOCUTIN.CCS"	"file"	"38068"	"0x4A5A000"	"5760"
"CUTIN\1SCVCUTIN.CCS"	"file"	"38071"	"0x4A5B800"	"6133"
"CUTIN\1SIWCUTIN.CCS"	"file"	"38074"	"0x4A5D000"	"4799"
"CUTIN\1SKWCUTIN.CCS"	"file"	"38077"	"0x4A5E800"	"10313"
"CUTIN\1SNWCUTIN.CCS"	"file"	"38083"	"0x4A61800"	"10551"
"CUTIN\1SSKCUTIN.CCS"	"file"	"38089"	"0x4A64800"	"11548"
"CUTIN\1SSWCUTIN.CCS"	"file"	"38095"	"0x4A67800"	"12849"
"CUTIN\1SZWCUTIN.CCS"	"file"	"38102"	"0x4A6B000"	"4746"
"CUTIN\1TEWCUTIN.CCS"	"file"	"38105"	"0x4A6C800"	"5222"
"CUTIN\1TMWCUTIN.CCS"	"file"	"38108"	"0x4A6E000"	"9547"
"CUTIN\1TNWCUTIN.CCS"	"file"	"38113"	"0x4A70800"	"10061"
"CUTIN\1TYWCUTIN.CCS"	"file"	"38118"	"0x4A73000"	"9797"
"CUTIN\1YMTCUTIN.CCS"	"file"	"38123"	"0x4A75800"	"4290"
"DBGMENU.CCS"	"file"	"548"	"0x112000"	"45436"
"GZLIST.TXT"	"file"	"571"	"0x11D800"	"103848"
"HOME"	"dir"	"49"	"0x18800"	"4096"
"HOME\DIO1.CCS"	"file"	"38126"	"0x4A77000"	"258972"
"HOME\DIO10.CCS"	"file"	"38253"	"0x4AB6800"	"327696"
"HOME\DIO11.CCS"	"file"	"38414"	"0x4B07000"	"477858"
"HOME\DIO12.CCS"	"file"	"38648"	"0x4B7C000"	"159594"
"HOME\DIO13.CCS"	"file"	"38726"	"0x4BA3000"	"261152"
"HOME\DIO2.CCS"	"file"	"38854"	"0x4BE3000"	"318478"
"HOME\DIO3.CCS"	"file"	"39010"	"0x4C31000"	"308003"
"HOME\DIO5.CCS"	"file"	"39161"	"0x4C7C800"	"543953"
"HOME\DIO6.CCS"	"file"	"39427"	"0x4D01800"	"252450"
"HOME\DIO7.CCS"	"file"	"39551"	"0x4D3F800"	"973452"
"HOME\DIO8.CCS"	"file"	"40027"	"0x4E2D800"	"817029"
"HOME\DIO9.CCS"	"file"	"40426"	"0x4EF5000"	"481165"
"HOME\IFASW.CCS"	"file"	"40661"	"0x4F6A800"	"93890"
"HOME\IFCHY.CCS"	"file"	"40707"	"0x4F81800"	"189321"
"HOME\IFCYB.CCS"	"file"	"40800"	"0x4FB0000"	"83329"
"HOME\IFDDR.CCS"	"file"	"40841"	"0x4FC4800"	"235711"
"HOME\IFGAW.CCS"	"file"	"40957"	"0x4FFE800"	"266008"
"HOME\IFGUW.CCS"	"file"	"41087"	"0x503F800"	"150037"
"HOME\IFHNW.CCS"	"file"	"41161"	"0x5064800"	"104183"
"HOME\IFINW.CCS"	"file"	"41212"	"0x507E000"	"161928"
"HOME\IFITW.CCS"	"file"	"41292"	"0x50A6000"	"112530"
"HOME\IFJRW.CCS"	"file"	"41347"	"0x50C1800"	"197532"
"HOME\IFKBW.CCS"	"file"	"41444"	"0x50F2000"	"94834"
"HOME\IFKIW.CCS"	"file"	"41491"	"0x5109800"	"168970"
"HOME\IFKKW.CCS"	"file"	"41574"	"0x5133000"	"208240"
"HOME\IFKNW.CCS"	"file"	"41676"	"0x5166000"	"259730"
"HOME\IFKRW.CCS"	"file"	"41803"	"0x51A5800"	"93942"
"HOME\IFKSW.CCS"	"file"	"41849"	"0x51BC800"	"182440"
"HOME\IFNEW.CCS"	"file"	"41939"	"0x51E9800"	"164496"
"HOME\IFNRW.CCS"	"file"	"42020"	"0x5212000"	"384780"
"HOME\IFORW.CCS"	"file"	"42208"	"0x5270000"	"185288"
"HOME\IFROW.CCS"	"file"	"42299"	"0x529D800"	"241805"
"HOME\IFSAI.CCS"	"file"	"42418"	"0x52D9000"	"177288"
"HOME\IFSCH.CCS"	"file"	"42505"	"0x5304800"	"134918"
"HOME\IFSCO.CCS"	"file"	"42571"	"0x5325800"	"159250"
"HOME\IFSCV.CCS"	"file"	"42649"	"0x534C800"	"106373"
"HOME\IFSIW.CCS"	"file"	"42701"	"0x5366800"	"93372"
"HOME\IFSKW.CCS"	"file"	"42747"	"0x537D800"	"159987"
"HOME\IFSNW.CCS"	"file"	"42826"	"0x53A5000"	"83212"
"HOME\IFSSW.CCS"	"file"	"42867"	"0x53B9800"	"107112"
"HOME\IFSZW.CCS"	"file"	"42920"	"0x53D4000"	"197382"
"HOME\IFTEW.CCS"	"file"	"43017"	"0x5404800"	"159138"
"HOME\IFTMW.CCS"	"file"	"43095"	"0x542B800"	"265964"
"HOME\IFTNW.CCS"	"file"	"43225"	"0x546C800"	"160513"
"HOME\IFTYW.CCS"	"file"	"43304"	"0x5494000"	"117586"
"HOME\IFYMT.CCS"	"file"	"43362"	"0x54B1000"	"113829"
"HOME.CCS"	"file"	"622"	"0x137000"	"1416461"
"ICON.BIN"	"file"	"1314"	"0x291000"	"61440"
"LOADING"	"dir"	"51"	"0x19800"	"2048"
"LOADING\LOADING00.CCS"	"file"	"43418"	"0x54CD000"	"20089"
"LOADING\LOADING01.CCS"	"file"	"43428"	"0x54D2000"	"8903"
"LOADING\LOADING02.CCS"	"file"	"43433"	"0x54D4800"	"22500"
"LOADING\LOADING03.CCS"	"file"	"43444"	"0x54DA000"	"23825"
"LOADING\LOADING04.CCS"	"file"	"43456"	"0x54E0000"	"11613"
"LOADING\LOADING05.CCS"	"file"	"43462"	"0x54E3000"	"14066"
"LOADING\LOADING06.CCS"	"file"	"43469"	"0x54E6800"	"14882"
"LOADING\LOADING08.CCS"	"file"	"43477"	"0x54EA800"	"23641"
"LOADING\LOADING09.CCS"	"file"	"43489"	"0x54F0800"	"17695"
"LOADING\LOADING10.CCS"	"file"	"43498"	"0x54F5000"	"10620"
"LOADING\LOADING11.CCS"	"file"	"43504"	"0x54F8000"	"11280"
"LOADING\LOADING12.CCS"	"file"	"43510"	"0x54FB000"	"18762"
"LOADING\LOADING13.CCS"	"file"	"43520"	"0x5500000"	"28201"
"LOADING\SPLOAD.CCS"	"file"	"43534"	"0x5507000"	"17143"
"LOGO.CCS"	"file"	"1344"	"0x2A0000"	"53973"
"LOGO_T.CCS"	"file"	"1371"	"0x2AD800"	"73641"
"MAPSEL1.CCS"	"file"	"1407"	"0x2BF800"	"577241"
"MODENAME"	"dir"	"52"	"0x1A000"	"2048"
"MODENAME\MODE1CMN.CCS"	"file"	"43543"	"0x550B800"	"1720"
"MODENAME\MODE2CMN.CCS"	"file"	"43544"	"0x550C000"	"19827"
"MODENAME\MODE2GAV.CCS"	"file"	"43554"	"0x5511000"	"21414"
"MODENAME\MODE2JRV.CCS"	"file"	"43565"	"0x5516800"	"19217"
"MODENAME\MODE2KDV.CCS"	"file"	"43575"	"0x551B800"	"17883"
"MODENAME\MODE2KMV.CCS"	"file"	"43584"	"0x5520000"	"23811"
"MODENAME\MODE2NRV.CCS"	"file"	"43596"	"0x5526000"	"39740"
"MODENAME\MODE2NWV.CCS"	"file"	"43616"	"0x5530000"	"42446"
"MODENAME\MODE2ROV.CCS"	"file"	"43637"	"0x553A800"	"17384"
"MODENAME\MODE2SCV.CCS"	"file"	"43646"	"0x553F000"	"24934"
"MODENAME\MODE2SKV.CCS"	"file"	"43659"	"0x5545800"	"24724"
"MODENAME\MODE2SSV.CCS"	"file"	"43672"	"0x554C000"	"22741"
"MODENAME\MODE2TOV.CCS"	"file"	"43684"	"0x5552000"	"24489"
"MODENAME\MODE2TYV.CCS"	"file"	"43696"	"0x5558000"	"25468"
"MODESEL1.CCS"	"file"	"1689"	"0x34C800"	"632084"
"NAKOKUTI.CCS"	"file"	"1998"	"0x3E7000"	"87403"
"NINMU.CCS"	"file"	"2041"	"0x3FC800"	"17020"
"N_RASH.CCS"	"file"	"2050"	"0x401000"	"57805"
"N_RASH1.CCS"	"file"	"2079"	"0x40F800"	"58013"
"N_RASH2.CCS"	"file"	"2108"	"0x41E000"	"59220"
"N_RASH3.CCS"	"file"	"2137"	"0x42C800"	"58200"
"N_RASH4.CCS"	"file"	"2166"	"0x43B000"	"58362"
"N_RASH5.CCS"	"file"	"2195"	"0x449800"	"59183"
"OPTION.CCS"	"file"	"2224"	"0x458000"	"91725"
"OUGI.CCS"	"file"	"2269"	"0x46E800"	"74987"
"PL"	"dir"	"53"	"0x1A800"	"16384"
"PL\1ANKBOD1.CCS"	"file"	"43709"	"0x555E800"	"95555"
"PL\1ASMBOD1.CCS"	"file"	"43756"	"0x5576000"	"78604"
"PL\1ASWBOD1.CCS"	"file"	"43795"	"0x5589800"	"84454"
"PL\1CHYBOD1.CCS"	"file"	"43837"	"0x559E800"	"80074"
"PL\1CMNBOD1.CCS"	"file"	"43877"	"0x55B2800"	"6385"
"PL\1CYBBOD1.CCS"	"file"	"43881"	"0x55B4800"	"80361"
"PL\1DDRBOD1.CCS"	"file"	"43921"	"0x55C8800"	"89967"
"PL\1FIRBOD1.CCS"	"file"	"43965"	"0x55DE800"	"72704"
"PL\1FOUBOD1.CCS"	"file"	"44001"	"0x55F0800"	"77435"
"PL\1GARBOD1.CCS"	"file"	"44039"	"0x5603800"	"83338"
"PL\1GAVBOD1.CCS"	"file"	"44080"	"0x5618000"	"61763"
"PL\1GAWBOD1.CCS"	"file"	"44111"	"0x5627800"	"81133"
"PL\1GUWBOD1.CCS"	"file"	"44151"	"0x563B800"	"81346"
"PL\1GUWBOD2.CCS"	"file"	"44191"	"0x564F800"	"69834"
"PL\1HAKBOD1.CCS"	"file"	"44226"	"0x5661000"	"71223"
"PL\1HKGBOD1.CCS"	"file"	"44261"	"0x5672800"	"77051"
"PL\1HNBBOD1.CCS"	"file"	"44299"	"0x5685800"	"71854"
"PL\1HNTBOD1.CCS"	"file"	"44335"	"0x5697800"	"74849"
"PL\1HNWBOD1.CCS"	"file"	"44372"	"0x56AA000"	"84783"
"PL\1INOBOD1.CCS"	"file"	"44414"	"0x56BF000"	"76957"
"PL\1INWBOD1.CCS"	"file"	"44452"	"0x56D2000"	"81276"
"PL\1ITWBOD1.CCS"	"file"	"44492"	"0x56E6000"	"81402"
"PL\1JRBBOD1.CCS"	"file"	"44532"	"0x56FA000"	"75012"
"PL\1JRVBOD1.CCS"	"file"	"44569"	"0x570C800"	"77678"
"PL\1JRWBOD1.CCS"	"file"	"44607"	"0x571F800"	"87617"
"PL\1JRYBOD1.CCS"	"file"	"44650"	"0x5735000"	"86048"
"PL\1KBTBOD1.CCS"	"file"	"44693"	"0x574A800"	"70673"
"PL\1KBWBOD1.CCS"	"file"	"44728"	"0x575C000"	"73431"
"PL\1KDMBOD1.CCS"	"file"	"44764"	"0x576E000"	"97565"
"PL\1KDVBOD1.CCS"	"file"	"44812"	"0x5786000"	"108549"
"PL\1KHMBOD1.CCS"	"file"	"44866"	"0x57A1000"	"66089"
"PL\1KHWBOD1.CCS"	"file"	"44899"	"0x57B1800"	"87260"
"PL\1KIBBOD1.CCS"	"file"	"44942"	"0x57C7000"	"106909"
"PL\1KIWBOD1.CCS"	"file"	"44995"	"0x57E1800"	"72325"
"PL\1KKWBOD1.CCS"	"file"	"45031"	"0x57F3800"	"79077"
"PL\1KKWBOD2.CCS"	"file"	"45070"	"0x5807000"	"86760"
"PL\1KMMBOD1.CCS"	"file"	"45113"	"0x581C800"	"74396"
"PL\1KMVBOD1.CCS"	"file"	"45150"	"0x582F000"	"80824"
"PL\1KNKBOD1.CCS"	"file"	"45190"	"0x5843000"	"67154"
"PL\1KNWBOD1.CCS"	"file"	"45223"	"0x5853800"	"73408"
"PL\1KRNBOD1.CCS"	"file"	"45259"	"0x5865800"	"88618"
"PL\1KRWBOD1.CCS"	"file"	"45303"	"0x587B800"	"86983"
"PL\1KSWBOD1.CCS"	"file"	"45346"	"0x5891000"	"92167"
"PL\1NEJBOD1.CCS"	"file"	"45392"	"0x58A8000"	"73464"
"PL\1NEWBOD1.CCS"	"file"	"45428"	"0x58BA000"	"87556"
"PL\1NRTBOD1.CCS"	"file"	"45471"	"0x58CF800"	"88429"
"PL\1NRVBOD1.CCS"	"file"	"45515"	"0x58E5800"	"124130"
"PL\1NRWBOD1.CCS"	"file"	"45576"	"0x5904000"	"85727"
"PL\1NWVBOD1.CCS"	"file"	"45618"	"0x5919000"	"83979"
"PL\1NWXBOD1.CCS"	"file"	"45660"	"0x592E000"	"139300"
"PL\1ORCBOD1.CCS"	"file"	"45729"	"0x5950800"	"81727"
"PL\1ORWBOD1.CCS"	"file"	"45769"	"0x5964800"	"81773"
"PL\1ROCBOD1.CCS"	"file"	"45809"	"0x5978800"	"79522"
"PL\1ROCBOD2.CCS"	"file"	"45848"	"0x598C000"	"83347"
"PL\1ROVBOD1.CCS"	"file"	"45889"	"0x59A0800"	"76663"
"PL\1ROWBOD1.CCS"	"file"	"45927"	"0x59B3800"	"84473"
"PL\1ROWBOD2.CCS"	"file"	"45969"	"0x59C8800"	"76319"
"PL\1SAIBOD1.CCS"	"file"	"46007"	"0x59DB800"	"71342"
"PL\1SCHBOD1.CCS"	"file"	"46042"	"0x59ED000"	"59790"
"PL\1SCOBOD1.CCS"	"file"	"46072"	"0x59FC000"	"83274"
"PL\1SCVBOD1.CCS"	"file"	"46113"	"0x5A10800"	"91787"
"PL\1SECBOD1.CCS"	"file"	"46158"	"0x5A27000"	"69069"
"PL\1SIKBOD1.CCS"	"file"	"46192"	"0x5A38000"	"73194"
"PL\1SINBOD1.CCS"	"file"	"46228"	"0x5A4A000"	"59934"
"PL\1SIWBOD1.CCS"	"file"	"46258"	"0x5A59000"	"74876"
"PL\1SKNBOD1.CCS"	"file"	"46295"	"0x5A6B800"	"83854"
"PL\1SKRBOD1.CCS"	"file"	"46336"	"0x5A80000"	"79183"
"PL\1SKVBOD1.CCS"	"file"	"46375"	"0x5A93800"	"86086"
"PL\1SKWBOD1.CCS"	"file"	"46418"	"0x5AA9000"	"83571"
"PL\1SNWBOD1.CCS"	"file"	"46459"	"0x5ABD800"	"70627"
"PL\1SSKBOD1.CCS"	"file"	"46494"	"0x5ACF000"	"73375"
"PL\1SSVBOD1.CCS"	"file"	"46530"	"0x5AE1000"	"109761"
"PL\1SSWBOD1.CCS"	"file"	"46584"	"0x5AFC000"	"78914"
"PL\1SZNBOD1.CCS"	"file"	"46623"	"0x5B0F800"	"63465"
"PL\1SZWBOD1.CCS"	"file"	"46654"	"0x5B1F000"	"66487"
"PL\1TENBOD1.CCS"	"file"	"46687"	"0x5B2F800"	"73571"
"PL\1TEWBOD1.CCS"	"file"	"46723"	"0x5B41800"	"78083"
"PL\1TMRBOD1.CCS"	"file"	"46762"	"0x5B55000"	"82731"
"PL\1TMWBOD1.CCS"	"file"	"46803"	"0x5B69800"	"80248"
"PL\1TNDBOD1.CCS"	"file"	"46843"	"0x5B7D800"	"83443"
"PL\1TNWBOD1.CCS"	"file"	"46884"	"0x5B92000"	"83277"
"PL\1TOVBOD1.CCS"	"file"	"46925"	"0x5BA6800"	"103124"
"PL\1TYOBOD1.CCS"	"file"	"46976"	"0x5BC0000"	"74481"
"PL\1TYVBOD1.CCS"	"file"	"47013"	"0x5BD2800"	"81122"
"PL\1TYWBOD1.CCS"	"file"	"47053"	"0x5BE6800"	"82180"
"PL\1TYYBOD1.CCS"	"file"	"47094"	"0x5BFB000"	"70910"
"PL\1UKNBOD1.CCS"	"file"	"47129"	"0x5C0C800"	"42981"
"PL\1UKVBOD1.CCS"	"file"	"47150"	"0x5C17000"	"86211"
"PL\1YMTBOD1.CCS"	"file"	"47193"	"0x5C2C800"	"82624"
"PL\1ZBZBOD1.CCS"	"file"	"47234"	"0x5C41000"	"74281"
"PL\2ANKBOD1.CCS"	"file"	"47271"	"0x5C53800"	"747531"
"PL\2ANKCHA0.CCS"	"file"	"47637"	"0x5D0A800"	"82593"
"PL\2ANKCHA1.CCS"	"file"	"47678"	"0x5D1F000"	"52195"
"PL\2ASWBOD1.CCS"	"file"	"47704"	"0x5D2C000"	"628464"
"PL\2ASWCHA0.CCS"	"file"	"48011"	"0x5DC5800"	"56814"
"PL\2ASWCHA1.CCS"	"file"	"48039"	"0x5DD3800"	"43288"
"PL\2BDYCHA0.CCS"	"file"	"48061"	"0x5DDE800"	"208047"
"PL\2BDYCHA1.CCS"	"file"	"48163"	"0x5E11800"	"117896"
"PL\2BDYCHA2.CCS"	"file"	"48221"	"0x5E2E800"	"87976"
"PL\2BDYCHA3.CCS"	"file"	"48264"	"0x5E44000"	"151284"
"PL\2BDYCHA4.CCS"	"file"	"48338"	"0x5E69000"	"156544"
"PL\2CHYBOD1.CCS"	"file"	"48415"	"0x5E8F800"	"679331"
"PL\2CHYCHA0.CCS"	"file"	"48747"	"0x5F35800"	"146664"
"PL\2CHYCHA1.CCS"	"file"	"48819"	"0x5F59800"	"9060"
"PL\2CYBBOD1.CCS"	"file"	"48824"	"0x5F5C000"	"834077"
"PL\2CYBCHA0.CCS"	"file"	"49232"	"0x6028000"	"90074"
"PL\2CYBCHA1.CCS"	"file"	"49276"	"0x603E000"	"5735"
"PL\2DDRBOD1.CCS"	"file"	"49279"	"0x603F800"	"826268"
"PL\2DDRCHA0.CCS"	"file"	"49683"	"0x6109800"	"131208"
"PL\2DDRCHA1.CCS"	"file"	"49748"	"0x612A000"	"63148"
"PL\2FIRBOD1.CCS"	"file"	"49779"	"0x6139800"	"575717"
"PL\2FIRCHA0.CCS"	"file"	"50061"	"0x61C6800"	"108651"
"PL\2FIRCHA1.CCS"	"file"	"50115"	"0x61E1800"	"71778"
"PL\2FOUBOD1.CCS"	"file"	"50151"	"0x61F3800"	"591089"
"PL\2FOUCHA0.CCS"	"file"	"50440"	"0x6284000"	"145171"
"PL\2FOUCHA1.CCS"	"file"	"50511"	"0x62A7800"	"59963"
"PL\2GARBOD1.CCS"	"file"	"50541"	"0x62B6800"	"682142"
"PL\2GARCHA0.CCS"	"file"	"50875"	"0x635D800"	"89945"
"PL\2GARCHA1.CCS"	"file"	"50919"	"0x6373800"	"24835"
"PL\2GAVBOD1.CCS"	"file"	"50932"	"0x637A000"	"821429"
"PL\2GAVCHA0.CCS"	"file"	"51334"	"0x6443000"	"80737"
"PL\2GAVCHA1.CCS"	"file"	"51374"	"0x6457000"	"13387"
"PL\2GAWBOD1.CCS"	"file"	"51381"	"0x645A800"	"685424"
"PL\2GAWCHA0.CCS"	"file"	"51716"	"0x6502000"	"82587"
"PL\2GAWCHA1.CCS"	"file"	"51757"	"0x6516800"	"24038"
"PL\2GUWBOD1.CCS"	"file"	"51769"	"0x651C800"	"787015"
"PL\2GUWCHA0.CCS"	"file"	"52154"	"0x65DD000"	"82833"
"PL\2GUWCHA1.CCS"	"file"	"52195"	"0x65F1800"	"28316"
"PL\2HAKBOD1.CCS"	"file"	"52209"	"0x65F8800"	"699550"
"PL\2HAKCHA0.CCS"	"file"	"52551"	"0x66A3800"	"84361"
"PL\2HAKCHA1.CCS"	"file"	"52593"	"0x66B8800"	"97059"
"PL\2HKGBOD1.CCS"	"file"	"52641"	"0x66D0800"	"847527"
"PL\2HKGCHA0.CCS"	"file"	"53055"	"0x679F800"	"31577"
"PL\2HKGCHA1.CCS"	"file"	"53071"	"0x67A7800"	"36040"
"PL\2HNBBOD1.CCS"	"file"	"53089"	"0x67B0800"	"619012"
"PL\2HNBCHA0.CCS"	"file"	"53392"	"0x6848000"	"144482"
"PL\2HNBCHA1.CCS"	"file"	"53463"	"0x686B800"	"85882"
"PL\2HNTBOD1.CCS"	"file"	"53505"	"0x6880800"	"646196"
"PL\2HNTCHA0.CCS"	"file"	"53821"	"0x691E800"	"128184"
"PL\2HNTCHA1.CCS"	"file"	"53884"	"0x693E000"	"24560"
"PL\2HNWBOD1.CCS"	"file"	"53896"	"0x6944000"	"671878"
"PL\2HNWCHA0.CCS"	"file"	"54225"	"0x69E8800"	"151272"
"PL\2HNWCHA1.CCS"	"file"	"54299"	"0x6A0D800"	"78558"
"PL\2INOBOD1.CCS"	"file"	"54338"	"0x6A21000"	"643409"
"PL\2INOCHA0.CCS"	"file"	"54653"	"0x6ABE800"	"67298"
"PL\2INOCHA1.CCS"	"file"	"54686"	"0x6ACF000"	"43979"
"PL\2INWBOD1.CCS"	"file"	"54708"	"0x6ADA000"	"565256"
"PL\2INWCHA0.CCS"	"file"	"54985"	"0x6B64800"	"98555"
"PL\2INWCHA1.CCS"	"file"	"55034"	"0x6B7D000"	"40545"
"PL\2ITWBOD1.CCS"	"file"	"55054"	"0x6B87000"	"769348"
"PL\2ITWCHA0.CCS"	"file"	"55430"	"0x6C43000"	"138522"
"PL\2ITWCHA1.CCS"	"file"	"55498"	"0x6C65000"	"78422"
"PL\2JRBBOD1.CCS"	"file"	"55537"	"0x6C78800"	"613802"
"PL\2JRBCHA0.CCS"	"file"	"55837"	"0x6D0E800"	"76886"
"PL\2JRBCHA1.CCS"	"file"	"55875"	"0x6D21800"	"45641"
"PL\2JRVBOD1.CCS"	"file"	"55898"	"0x6D2D000"	"702779"
"PL\2JRVCHA0.CCS"	"file"	"56242"	"0x6DD9000"	"85696"
"PL\2JRVCHA1.CCS"	"file"	"56284"	"0x6DEE000"	"53639"
"PL\2JRWBOD1.CCS"	"file"	"56311"	"0x6DFB800"	"799613"
"PL\2JRWCHA0.CCS"	"file"	"56702"	"0x6EBF000"	"126897"
"PL\2JRWCHA1.CCS"	"file"	"56764"	"0x6EDE000"	"59167"
"PL\2KBTCHA0.CCS"	"file"	"56793"	"0x6EEC800"	"16621"
"PL\2KBWBOD1.CCS"	"file"	"56802"	"0x6EF1000"	"529262"
"PL\2KBWCHA0.CCS"	"file"	"57061"	"0x6F72800"	"117434"
"PL\2KBWCHA1.CCS"	"file"	"57119"	"0x6F8F800"	"100278"
"PL\2KDMBOD1.CCS"	"file"	"57168"	"0x6FA8000"	"774023"
"PL\2KDMCHA0.CCS"	"file"	"57546"	"0x7065000"	"96822"
"PL\2KDMCHA1.CCS"	"file"	"57594"	"0x707D000"	"36166"
"PL\2KDVBOD1.CCS"	"file"	"57612"	"0x7086000"	"780866"
"PL\2KDVCHA0.CCS"	"file"	"57994"	"0x7145000"	"151209"
"PL\2KDVCHA1.CCS"	"file"	"58068"	"0x716A000"	"41099"
"PL\2KHMBOD1.CCS"	"file"	"58089"	"0x7174800"	"799194"
"PL\2KHMCHA0.CCS"	"file"	"58480"	"0x7238000"	"144407"
"PL\2KHMCHA1.CCS"	"file"	"58551"	"0x725B800"	"29263"
"PL\2KIBBOD1.CCS"	"file"	"58566"	"0x7263000"	"703495"
"PL\2KIBCHA0.CCS"	"file"	"58910"	"0x730F000"	"102558"
"PL\2KIBCHA1.CCS"	"file"	"58961"	"0x7328800"	"49349"
"PL\2KIWBOD1.CCS"	"file"	"58986"	"0x7335000"	"879145"
"PL\2KIWCHA0.CCS"	"file"	"59416"	"0x740C000"	"179556"
"PL\2KIWCHA1.CCS"	"file"	"59504"	"0x7438000"	"42209"
"PL\2KKVCHA1.CCS"	"file"	"59525"	"0x7442800"	"127598"
"PL\2KKWBOD1.CCS"	"file"	"59588"	"0x7462000"	"558720"
"PL\2KKWCHA0.CCS"	"file"	"59861"	"0x74EA800"	"73400"
"PL\2KKWCHA1.CCS"	"file"	"59897"	"0x74FC800"	"72782"
"PL\2KMMBOD1.CCS"	"file"	"59933"	"0x750E800"	"667780"
"PL\2KMMCHA0.CCS"	"file"	"60260"	"0x75B2000"	"120582"
"PL\2KMMCHA1.CCS"	"file"	"60319"	"0x75CF800"	"28006"
"PL\2KMVBOD1.CCS"	"file"	"60333"	"0x75D6800"	"812082"
"PL\2KMVCHA0.CCS"	"file"	"60730"	"0x769D000"	"140058"
"PL\2KMVCHA1.CCS"	"file"	"60799"	"0x76BF800"	"15354"
"PL\2KNKBOD1.CCS"	"file"	"60807"	"0x76C3800"	"682076"
"PL\2KNKCHA0.CCS"	"file"	"61141"	"0x776A800"	"69717"
"PL\2KNKCHA1.CCS"	"file"	"61176"	"0x777C000"	"157697"
"PL\2KNWBOD1.CCS"	"file"	"61254"	"0x77A3000"	"546350"
"PL\2KNWCHA0.CCS"	"file"	"61521"	"0x7828800"	"76421"
"PL\2KNWCHA1.CCS"	"file"	"61559"	"0x783B800"	"59208"
"PL\2KRWBOD1.CCS"	"file"	"61588"	"0x784A000"	"731530"
"PL\2KRWCHA0.CCS"	"file"	"61946"	"0x78FD000"	"87943"
"PL\2KRWCHA1.CCS"	"file"	"61989"	"0x7912800"	"41989"
"PL\2KSWBOD1.CCS"	"file"	"62010"	"0x791D000"	"844622"
"PL\2KSWCHA0.CCS"	"file"	"62423"	"0x79EB800"	"97478"
"PL\2KSWCHA1.CCS"	"file"	"62471"	"0x7A03800"	"34753"
"PL\2NEJBOD1.CCS"	"file"	"62488"	"0x7A0C000"	"704792"
"PL\2NEJCHA0.CCS"	"file"	"62833"	"0x7AB8800"	"242598"
"PL\2NEJCHA1.CCS"	"file"	"62952"	"0x7AF4000"	"76110"
"PL\2NEWBOD1.CCS"	"file"	"62990"	"0x7B07000"	"721118"
"PL\2NEWCHA0.CCS"	"file"	"63343"	"0x7BB7800"	"188319"
"PL\2NEWCHA1.CCS"	"file"	"63435"	"0x7BE5800"	"80205"
"PL\2NROCHA1.CCS"	"file"	"63475"	"0x7BF9800"	"35935"
"PL\2NRTBOD1.CCS"	"file"	"63493"	"0x7C02800"	"706176"
"PL\2NRTCHA0.CCS"	"file"	"63838"	"0x7CAF000"	"166187"
"PL\2NRTCHA1.CCS"	"file"	"63920"	"0x7CD8000"	"60945"
"PL\2NRVBOD1.CCS"	"file"	"63950"	"0x7CE7000"	"899258"
"PL\2NRVCHA0.CCS"	"file"	"64390"	"0x7DC3000"	"197151"
"PL\2NRVCHA1.CCS"	"file"	"64487"	"0x7DF3800"	"53871"
"PL\2NRWBOD1.CCS"	"file"	"64514"	"0x7E01000"	"807049"
"PL\2NRWCHA0.CCS"	"file"	"64909"	"0x7EC6800"	"233320"
"PL\2NRWCHA1.CCS"	"file"	"65023"	"0x7EFF800"	"74940"
"PL\2NWVBOD1.CCS"	"file"	"65060"	"0x7F12000"	"752976"
"PL\2NWVCHA0.CCS"	"file"	"65428"	"0x7FCA000"	"115148"
"PL\2NWVCHA1.CCS"	"file"	"65485"	"0x7FE6800"	"79646"
"PL\2ORWBOD1.CCS"	"file"	"65524"	"0x7FFA000"	"785460"
"PL\2ORWCHA0.CCS"	"file"	"65908"	"0x80BA000"	"96835"
"PL\2ORWCHA1.CCS"	"file"	"65956"	"0x80D2000"	"51602"
"PL\2ROCBOD1.CCS"	"file"	"65982"	"0x80DF000"	"687112"
"PL\2ROCCHA0.CCS"	"file"	"66318"	"0x8187000"	"26137"
"PL\2ROCCHA1.CCS"	"file"	"66331"	"0x818D800"	"98520"
"PL\2ROVBOD1.CCS"	"file"	"66380"	"0x81A6000"	"780385"
"PL\2ROVCHA0.CCS"	"file"	"66762"	"0x8265000"	"120712"
"PL\2ROVCHA1.CCS"	"file"	"66821"	"0x8282800"	"102037"
"PL\2ROWBOD1.CCS"	"file"	"66871"	"0x829B800"	"657697"
"PL\2ROWCHA0.CCS"	"file"	"67193"	"0x833C800"	"101214"
"PL\2ROWCHA1.CCS"	"file"	"67243"	"0x8355800"	"18061"
"PL\2SAIBOD1.CCS"	"file"	"67252"	"0x835A000"	"694743"
"PL\2SAICHA0.CCS"	"file"	"67592"	"0x8404000"	"192732"
"PL\2SAICHA1.CCS"	"file"	"67687"	"0x8433800"	"60608"
"PL\2SCHBOD1.CCS"	"file"	"67717"	"0x8442800"	"539020"
"PL\2SCHCHA0.CCS"	"file"	"67981"	"0x84C6800"	"74511"
"PL\2SCHCHA1.CCS"	"file"	"68018"	"0x84D9000"	"5759"
"PL\2SCOBOD1.CCS"	"file"	"68021"	"0x84DA800"	"838334"
"PL\2SCOCHA0.CCS"	"file"	"68431"	"0x85A7800"	"111952"
"PL\2SCOCHA1.CCS"	"file"	"68486"	"0x85C3000"	"34569"
"PL\2SCVBOD1.CCS"	"file"	"68503"	"0x85CB800"	"830197"
"PL\2SCVCHA0.CCS"	"file"	"68909"	"0x8696800"	"106776"
"PL\2SCVCHA1.CCS"	"file"	"68962"	"0x86B1000"	"15532"
"PL\2SECBOD1.CCS"	"file"	"68970"	"0x86B5000"	"557472"
"PL\2SECCHA0.CCS"	"file"	"69243"	"0x873D800"	"50547"
"PL\2SECCHA1.CCS"	"file"	"69268"	"0x874A000"	"38132"
"PL\2SIKBOD1.CCS"	"file"	"69287"	"0x8753800"	"645568"
"PL\2SIKCHA0.CCS"	"file"	"69603"	"0x87F1800"	"82781"
"PL\2SIKCHA1.CCS"	"file"	"69644"	"0x8806000"	"26872"
"PL\2SINBOD1.CCS"	"file"	"69658"	"0x880D000"	"506467"
"PL\2SINCHA0.CCS"	"file"	"69906"	"0x8889000"	"43500"
"PL\2SINCHA1.CCS"	"file"	"69928"	"0x8894000"	"22061"
"PL\2SIWBOD1.CCS"	"file"	"69939"	"0x8899800"	"608134"
"PL\2SIWCHA0.CCS"	"file"	"70236"	"0x892E000"	"39886"
"PL\2SIWCHA1.CCS"	"file"	"70256"	"0x8938000"	"14783"
"PL\2SKNBOD1.CCS"	"file"	"70264"	"0x893C000"	"772718"
"PL\2SKNCHA0.CCS"	"file"	"70642"	"0x89F9000"	"62553"
"PL\2SKNCHA1.CCS"	"file"	"70673"	"0x8A08800"	"33622"
"PL\2SKRBOD1.CCS"	"file"	"70690"	"0x8A11000"	"688730"
"PL\2SKRCHA0.CCS"	"file"	"71027"	"0x8AB9800"	"32819"
"PL\2SKRCHA1.CCS"	"file"	"71044"	"0x8AC2000"	"130411"
"PL\2SKVBOD1.CCS"	"file"	"71108"	"0x8AE2000"	"846632"
"PL\2SKVCHA0.CCS"	"file"	"71522"	"0x8BB1000"	"128406"
"PL\2SKVCHA1.CCS"	"file"	"71585"	"0x8BD0800"	"61236"
"PL\2SKWBOD1.CCS"	"file"	"71615"	"0x8BDF800"	"577761"
"PL\2SKWCHA0.CCS"	"file"	"71898"	"0x8C6D000"	"89145"
"PL\2SKWCHA1.CCS"	"file"	"71942"	"0x8C83000"	"48106"
"PL\2SNWBOD1.CCS"	"file"	"71966"	"0x8C8F000"	"605038"
"PL\2SNWCHA0.CCS"	"file"	"72262"	"0x8D23000"	"73234"
"PL\2SNWCHA1.CCS"	"file"	"72298"	"0x8D35000"	"10794"
"PL\2SSKBOD1.CCS"	"file"	"72304"	"0x8D38000"	"556858"
"PL\2SSKCHA0.CCS"	"file"	"72576"	"0x8DC0000"	"169546"
"PL\2SSKCHA1.CCS"	"file"	"72659"	"0x8DE9800"	"82080"
"PL\2SSVBOD1.CCS"	"file"	"72700"	"0x8DFE000"	"831978"
"PL\2SSVCHA0.CCS"	"file"	"73107"	"0x8EC9800"	"131436"
"PL\2SSVCHA1.CCS"	"file"	"73172"	"0x8EEA000"	"84930"
"PL\2SSWBOD1.CCS"	"file"	"73214"	"0x8EFF000"	"617697"
"PL\2SSWCHA0.CCS"	"file"	"73516"	"0x8F96000"	"117619"
"PL\2SSWCHA1.CCS"	"file"	"73574"	"0x8FB3000"	"47664"
"PL\2SZWBOD1.CCS"	"file"	"73598"	"0x8FBF000"	"868315"
"PL\2SZWCHA0.CCS"	"file"	"74022"	"0x9093000"	"184164"
"PL\2SZWCHA1.CCS"	"file"	"74112"	"0x90C0000"	"25010"
"PL\2TENBOD1.CCS"	"file"	"74125"	"0x90C6800"	"617743"
"PL\2TENCHA0.CCS"	"file"	"74427"	"0x915D800"	"181300"
"PL\2TENCHA1.CCS"	"file"	"74516"	"0x918A000"	"35648"
"PL\2TEWBOD1.CCS"	"file"	"74534"	"0x9193000"	"776625"
"PL\2TEWCHA0.CCS"	"file"	"74914"	"0x9251000"	"92988"
"PL\2TEWCHA1.CCS"	"file"	"74960"	"0x9268000"	"29591"
"PL\2TMRBOD1.CCS"	"file"	"74975"	"0x926F800"	"916902"
"PL\2TMRCHA0.CCS"	"file"	"75423"	"0x934F800"	"53741"
"PL\2TMRCHA1.CCS"	"file"	"75450"	"0x935D000"	"47834"
"PL\2TMWBOD1.CCS"	"file"	"75474"	"0x9369000"	"870657"
"PL\2TMWCHA0.CCS"	"file"	"75900"	"0x943E000"	"156014"
"PL\2TMWCHA1.CCS"	"file"	"75977"	"0x9464800"	"77801"
"PL\2TNWBOD1.CCS"	"file"	"76015"	"0x9477800"	"807474"
"PL\2TNWCHA0.CCS"	"file"	"76410"	"0x953D000"	"107761"
"PL\2TNWCHA1.CCS"	"file"	"76463"	"0x9557800"	"34270"
"PL\2TOVBOD1.CCS"	"file"	"76480"	"0x9560000"	"840896"
"PL\2TOVCHA0.CCS"	"file"	"76891"	"0x962D800"	"101476"
"PL\2TOVCHA1.CCS"	"file"	"76941"	"0x9646800"	"48977"
"PL\2TYOBOD1.CCS"	"file"	"76965"	"0x9652800"	"751126"
"PL\2TYOCHA0.CCS"	"file"	"77332"	"0x970A000"	"116109"
"PL\2TYOCHA1.CCS"	"file"	"77389"	"0x9726800"	"34706"
"PL\2TYVBOD1.CCS"	"file"	"77406"	"0x972F000"	"692674"
"PL\2TYVCHA0.CCS"	"file"	"77745"	"0x97D8800"	"119303"
"PL\2TYVCHA1.CCS"	"file"	"77804"	"0x97F6000"	"28491"
"PL\2TYWBOD1.CCS"	"file"	"77818"	"0x97FD000"	"743274"
"PL\2TYWCHA0.CCS"	"file"	"78181"	"0x98B2800"	"104623"
"PL\2TYWCHA1.CCS"	"file"	"78233"	"0x98CC800"	"40694"
"PL\2TYYBOD1.CCS"	"file"	"78253"	"0x98D6800"	"720279"
"PL\2TYYCHA0.CCS"	"file"	"78605"	"0x9986800"	"151769"
"PL\2TYYCHA1.CCS"	"file"	"78680"	"0x99AC000"	"37921"
"PL\2YMTBOD1.CCS"	"file"	"78699"	"0x99B5800"	"628723"
"PL\2YMTCHA0.CCS"	"file"	"79006"	"0x9A4F000"	"70473"
"PL\2YMTCHA1.CCS"	"file"	"79041"	"0x9A60800"	"20008"
"PL\2ZBZBOD1.CCS"	"file"	"79051"	"0x9A65800"	"867668"
"PL\2ZBZCHA0.CCS"	"file"	"79475"	"0x9B39800"	"45236"
"PL\2ZBZCHA1.CCS"	"file"	"79498"	"0x9B45000"	"123776"
"PL\6KDVBOD1.CCS"	"file"	"79559"	"0x9B63800"	"106173"
"PL\6NRVBOD1.CCS"	"file"	"79611"	"0x9B7D800"	"116721"
"PL\6SSVBOD1.CCS"	"file"	"79668"	"0x9B9A000"	"72748"
"PL\6TYVBOD1.CCS"	"file"	"79704"	"0x9BAC000"	"72717"
"PL\6UKVBOD1.CCS"	"file"	"79740"	"0x9BBE000"	"82846"
"PL\MODEL"	"dir"	"61"	"0x1E800"	"4096"
"PL\MODEL\2ANKBOD1.CCS"	"file"	"79781"	"0x9BD2800"	"44678"
"PL\MODEL\2ASWBOD1.CCS"	"file"	"79803"	"0x9BDD800"	"43935"
"PL\MODEL\2CHYBOD1.CCS"	"file"	"79825"	"0x9BE8800"	"31914"
"PL\MODEL\2CYBBOD1.CCS"	"file"	"79841"	"0x9BF0800"	"66970"
"PL\MODEL\2DDRBOD1.CCS"	"file"	"79874"	"0x9C01000"	"119701"
"PL\MODEL\2FIRBOD1.CCS"	"file"	"79933"	"0x9C1E800"	"40794"
"PL\MODEL\2FOUBOD1.CCS"	"file"	"79953"	"0x9C28800"	"44558"
"PL\MODEL\2GARBOD1.CCS"	"file"	"79975"	"0x9C33800"	"44980"
"PL\MODEL\2GAVBOD1.CCS"	"file"	"79997"	"0x9C3E800"	"42749"
"PL\MODEL\2GAWBOD1.CCS"	"file"	"80018"	"0x9C49000"	"38930"
"PL\MODEL\2GUWBOD1.CCS"	"file"	"80038"	"0x9C53000"	"38785"
"PL\MODEL\2HAKBOD1.CCS"	"file"	"80057"	"0x9C5C800"	"37313"
"PL\MODEL\2HKGBOD1.CCS"	"file"	"80076"	"0x9C66000"	"57349"
"PL\MODEL\2HNBBOD1.CCS"	"file"	"80105"	"0x9C74800"	"36441"
"PL\MODEL\2HNTBOD1.CCS"	"file"	"80123"	"0x9C7D800"	"38314"
"PL\MODEL\2HNWBOD1.CCS"	"file"	"80142"	"0x9C87000"	"72589"
"PL\MODEL\2INOBOD1.CCS"	"file"	"80178"	"0x9C99000"	"37626"
"PL\MODEL\2INWBOD1.CCS"	"file"	"80197"	"0x9CA2800"	"69994"
"PL\MODEL\2ITWBOD1.CCS"	"file"	"80232"	"0x9CB4000"	"82488"
"PL\MODEL\2JRBBOD1.CCS"	"file"	"80273"	"0x9CC8800"	"36492"
"PL\MODEL\2JRVBOD1.CCS"	"file"	"80291"	"0x9CD1800"	"41278"
"PL\MODEL\2JRWBOD1.CCS"	"file"	"80312"	"0x9CDC000"	"48529"
"PL\MODEL\2KBWBOD1.CCS"	"file"	"80336"	"0x9CE8000"	"41009"
"PL\MODEL\2KDMBOD1.CCS"	"file"	"80357"	"0x9CF2800"	"67370"
"PL\MODEL\2KDVBOD1.CCS"	"file"	"80390"	"0x9D03000"	"67190"
"PL\MODEL\2KHMBOD1.CCS"	"file"	"80423"	"0x9D13800"	"33187"
"PL\MODEL\2KIBBOD1.CCS"	"file"	"80440"	"0x9D1C000"	"55833"
"PL\MODEL\2KIWBOD1.CCS"	"file"	"80468"	"0x9D2A000"	"62217"
"PL\MODEL\2KKWBOD1.CCS"	"file"	"80499"	"0x9D39800"	"167091"
"PL\MODEL\2KMMBOD1.CCS"	"file"	"80581"	"0x9D62800"	"41889"
"PL\MODEL\2KMVBOD1.CCS"	"file"	"80602"	"0x9D6D000"	"66846"
"PL\MODEL\2KNKBOD1.CCS"	"file"	"80635"	"0x9D7D800"	"29214"
"PL\MODEL\2KNWBOD1.CCS"	"file"	"80650"	"0x9D85000"	"34219"
"PL\MODEL\2KRWBOD1.CCS"	"file"	"80667"	"0x9D8D800"	"91658"
"PL\MODEL\2KSWBOD1.CCS"	"file"	"80712"	"0x9DA4000"	"83189"
"PL\MODEL\2NEJBOD1.CCS"	"file"	"80753"	"0x9DB8800"	"46172"
"PL\MODEL\2NEWBOD1.CCS"	"file"	"80776"	"0x9DC4000"	"41326"
"PL\MODEL\2NRTBOD1.CCS"	"file"	"80797"	"0x9DCE800"	"37126"
"PL\MODEL\2NRVBOD1.CCS"	"file"	"80816"	"0x9DD8000"	"78792"
"PL\MODEL\2NRWBOD1.CCS"	"file"	"80855"	"0x9DEB800"	"74937"
"PL\MODEL\2NWVBOD1.CCS"	"file"	"80892"	"0x9DFE000"	"41431"
"PL\MODEL\2ORWBOD1.CCS"	"file"	"80913"	"0x9E08800"	"84347"
"PL\MODEL\2ROCBOD1.CCS"	"file"	"80955"	"0x9E1D800"	"38176"
"PL\MODEL\2ROVBOD1.CCS"	"file"	"80974"	"0x9E27000"	"37553"
"PL\MODEL\2ROWBOD1.CCS"	"file"	"80993"	"0x9E30800"	"57715"
"PL\MODEL\2SAIBOD1.CCS"	"file"	"81022"	"0x9E3F000"	"38758"
"PL\MODEL\2SCHBOD1.CCS"	"file"	"81041"	"0x9E48800"	"69644"
"PL\MODEL\2SCOBOD1.CCS"	"file"	"81076"	"0x9E5A000"	"114865"
"PL\MODEL\2SCVBOD1.CCS"	"file"	"81133"	"0x9E76800"	"51850"
"PL\MODEL\2SECBOD1.CCS"	"file"	"81159"	"0x9E83800"	"38108"
"PL\MODEL\2SIKBOD1.CCS"	"file"	"81178"	"0x9E8D000"	"39003"
"PL\MODEL\2SINBOD1.CCS"	"file"	"81198"	"0x9E97000"	"36257"
"PL\MODEL\2SIWBOD1.CCS"	"file"	"81216"	"0x9EA0000"	"83820"
"PL\MODEL\2SKNBOD1.CCS"	"file"	"81257"	"0x9EB4800"	"59461"
"PL\MODEL\2SKRBOD1.CCS"	"file"	"81287"	"0x9EC3800"	"40543"
"PL\MODEL\2SKVBOD1.CCS"	"file"	"81307"	"0x9ECD800"	"49094"
"PL\MODEL\2SKWBOD1.CCS"	"file"	"81331"	"0x9ED9800"	"40676"
"PL\MODEL\2SNWBOD1.CCS"	"file"	"81351"	"0x9EE3800"	"76209"
"PL\MODEL\2SSKBOD1.CCS"	"file"	"81389"	"0x9EF6800"	"36075"
"PL\MODEL\2SSVBOD1.CCS"	"file"	"81407"	"0x9EFF800"	"52874"
"PL\MODEL\2SSWBOD1.CCS"	"file"	"81433"	"0x9F0C800"	"41643"
"PL\MODEL\2SZNBOD1.CCS"	"file"	"81454"	"0x9F17000"	"34200"
"PL\MODEL\2SZWBOD1.CCS"	"file"	"81471"	"0x9F1F800"	"34200"
"PL\MODEL\2TENBOD1.CCS"	"file"	"81488"	"0x9F28000"	"35568"
"PL\MODEL\2TEWBOD1.CCS"	"file"	"81506"	"0x9F31000"	"116987"
"PL\MODEL\2TMRBOD1.CCS"	"file"	"81564"	"0x9F4E000"	"39115"
"PL\MODEL\2TMWBOD1.CCS"	"file"	"81584"	"0x9F58000"	"42350"
"PL\MODEL\2TNWBOD1.CCS"	"file"	"81605"	"0x9F62800"	"41845"
"PL\MODEL\2TOVBOD1.CCS"	"file"	"81626"	"0x9F6D000"	"71288"
"PL\MODEL\2TYOBOD1.CCS"	"file"	"81661"	"0x9F7E800"	"40204"
"PL\MODEL\2TYVBOD1.CCS"	"file"	"81681"	"0x9F88800"	"58902"
"PL\MODEL\2TYWBOD1.CCS"	"file"	"81710"	"0x9F97000"	"109121"
"PL\MODEL\2TYYBOD1.CCS"	"file"	"81764"	"0x9FB2000"	"41603"
"PL\MODEL\2YMTBOD1.CCS"	"file"	"81785"	"0x9FBC800"	"43621"
"PL\MODEL\2ZBZBOD1.CCS"	"file"	"81807"	"0x9FC7800"	"42174"
"PRAC.CCS"	"file"	"2306"	"0x481000"	"13064"
"PUPPET"	"dir"	"63"	"0x1F800"	"4096"
"PUPPET\PPT2200.CCS"	"file"	"81828"	"0x9FD2000"	"214"
"PUPPET\PPT2205.CCS"	"file"	"81829"	"0x9FD2800"	"7394"
"PUPPET\PPT2210.CCS"	"file"	"81833"	"0x9FD4800"	"7925"
"PUPPET\PPT2215.CCS"	"file"	"81837"	"0x9FD6800"	"5022"
"PUPPET\PPT2220.CCS"	"file"	"81840"	"0x9FD8000"	"6041"
"PUPPET\PPT2225.CCS"	"file"	"81843"	"0x9FD9800"	"3530"
"PUPPET\PPT2230.CCS"	"file"	"81845"	"0x9FDA800"	"5006"
"PUPPET\PPT2235.CCS"	"file"	"81848"	"0x9FDC000"	"7751"
"PUPPET\PPT2240.CCS"	"file"	"81852"	"0x9FDE000"	"4253"
"PUPPET\PPT2245.CCS"	"file"	"81855"	"0x9FDF800"	"10093"
"PUPPET\PPT2250.CCS"	"file"	"81860"	"0x9FE2000"	"3503"
"PUPPET\PPT2255.CCS"	"file"	"81862"	"0x9FE3000"	"215"
"PUPPET\PPT2260.CCS"	"file"	"81863"	"0x9FE3800"	"5284"
"PUPPET\PPT2265.CCS"	"file"	"81866"	"0x9FE5000"	"13459"
"PUPPET\PPT2270.CCS"	"file"	"81873"	"0x9FE8800"	"4784"
"PUPPET\PPT2275.CCS"	"file"	"81876"	"0x9FEA000"	"4287"
"PUPPET\PPT2280.CCS"	"file"	"81879"	"0x9FEB800"	"7172"
"PUPPET\PPT2285.CCS"	"file"	"81883"	"0x9FED800"	"1404"
"PUPPET\PPT2290.CCS"	"file"	"81884"	"0x9FEE000"	"6057"
"PUPPET\PPT2295.CCS"	"file"	"81887"	"0x9FEF800"	"4236"
"PUPPET\PPT2300.CCS"	"file"	"81890"	"0x9FF1000"	"6510"
"PUPPET\PPT2305.CCS"	"file"	"81894"	"0x9FF3000"	"3200"
"PUPPET\PPT2310.CCS"	"file"	"81896"	"0x9FF4000"	"18567"
"PUPPET\PPT2315.CCS"	"file"	"81906"	"0x9FF9000"	"13653"
"PUPPET\PPT2320.CCS"	"file"	"81913"	"0x9FFC800"	"18310"
"PUPPET\PPT2325.CCS"	"file"	"81922"	"0xA001000"	"4897"
"PUPPET\PPT2999.CCS"	"file"	"81925"	"0xA002800"	"5372"
"PUPPET\PPT3195.CCS"	"file"	"81928"	"0xA004000"	"215"
"PUPPET\PPT3200.CCS"	"file"	"81929"	"0xA004800"	"6044"
"PUPPET\PPT3205.CCS"	"file"	"81932"	"0xA006000"	"6695"
"PUPPET\PPT3210.CCS"	"file"	"81936"	"0xA008000"	"7005"
"PUPPET\PPT3215.CCS"	"file"	"81940"	"0xA00A000"	"6114"
"PUPPET\PPT3220.CCS"	"file"	"81943"	"0xA00B800"	"8398"
"PUPPET\PPT3225.CCS"	"file"	"81948"	"0xA00E000"	"8456"
"PUPPET\PPT3230.CCS"	"file"	"81953"	"0xA010800"	"4945"
"PUPPET\PPT3235.CCS"	"file"	"81956"	"0xA012000"	"11082"
"PUPPET\PPT3238.CCS"	"file"	"81962"	"0xA015000"	"10444"
"PUPPET\PPT3240.CCS"	"file"	"81968"	"0xA018000"	"9053"
"PUPPET\PPT3243.CCS"	"file"	"81973"	"0xA01A800"	"2267"
"PUPPET\PPT3245.CCS"	"file"	"81975"	"0xA01B800"	"8825"
"PUPPET\PPT3250.CCS"	"file"	"81980"	"0xA01E000"	"18020"
"PUPPET\PPT3255.CCS"	"file"	"81989"	"0xA022800"	"6159"
"PUPPET\PPT3999.CCS"	"file"	"81993"	"0xA024800"	"255"
"PUPPET\PPT4200.CCS"	"file"	"81994"	"0xA025000"	"1728"
"PUPPET\PPT4205.CCS"	"file"	"81995"	"0xA025800"	"3523"
"PUPPET\PPT4215.CCS"	"file"	"81997"	"0xA026800"	"6358"
"SCENE"	"dir"	"65"	"0x20800"	"24576"
"SCENE\P001.CCS"	"file"	"82001"	"0xA028800"	"468135"
"SCENE\P004.CCS"	"file"	"82230"	"0xA09B000"	"758109"
"SCENE\P05.CCS"	"file"	"82601"	"0xA154800"	"490010"
"SCENE\P402.CCS"	"file"	"82841"	"0xA1CC800"	"473955"
"SCENE\PPT2205_1JRW.CCS"	"file"	"83073"	"0xA240800"	"158213"
"SCENE\PPT2205_1MOB.CCS"	"file"	"83151"	"0xA267800"	"231243"
"SCENE\PPT2205_1NRW.CCS"	"file"	"83264"	"0xA2A0000"	"296036"
"SCENE\PPT2205_1SKW.CCS"	"file"	"83409"	"0xA2E8800"	"138018"
"SCENE\PPT2205_2JRW.CCS"	"file"	"83477"	"0xA30A800"	"74213"
"SCENE\PPT2205_2M01.CCS"	"file"	"83514"	"0xA31D000"	"1265067"
"SCENE\PPT2205_2NRW.CCS"	"file"	"84132"	"0xA452000"	"134175"
"SCENE\PPT2205_2SKW.CCS"	"file"	"84198"	"0xA473000"	"82601"
"SCENE\PPT2210_1KKW.CCS"	"file"	"84239"	"0xA487800"	"205958"
"SCENE\PPT2210_1MOB.CCS"	"file"	"84340"	"0xA4BA000"	"134185"
"SCENE\PPT2210_1NRW.CCS"	"file"	"84406"	"0xA4DB000"	"579584"
"SCENE\PPT2210_1SIW.CCS"	"file"	"84689"	"0xA568800"	"134604"
"SCENE\PPT2210_1SKW.CCS"	"file"	"84755"	"0xA589800"	"391968"
"SCENE\PPT2210_1TMW.CCS"	"file"	"84947"	"0xA5E9800"	"105217"
"SCENE\PPT2210_1TNW.CCS"	"file"	"84999"	"0xA603800"	"211444"
"SCENE\PPT2210_2JRW.CCS"	"file"	"85103"	"0xA637800"	"74213"
"SCENE\PPT2210_2KKW.CCS"	"file"	"85140"	"0xA64A000"	"128619"
"SCENE\PPT2210_2NRW.CCS"	"file"	"85203"	"0xA669800"	"257302"
"SCENE\PPT2210_2SIW.CCS"	"file"	"85329"	"0xA6A8800"	"81447"
"SCENE\PPT2210_2SKW.CCS"	"file"	"85369"	"0xA6BC800"	"176922"
"SCENE\PPT2210_2SZW.CCS"	"file"	"85456"	"0xA6E8000"	"38524"
"SCENE\PPT2210_2TMW.CCS"	"file"	"85475"	"0xA6F1800"	"66478"
"SCENE\PPT2210_2TNW.CCS"	"file"	"85508"	"0xA702000"	"79487"
"SCENE\PPT2215_1KKW.CCS"	"file"	"85547"	"0xA715800"	"245071"
"SCENE\PPT2215_1NRW.CCS"	"file"	"85667"	"0xA751800"	"400195"
"SCENE\PPT2215_1SKW.CCS"	"file"	"85863"	"0xA7B3800"	"238946"
"SCENE\PPT2220_1GAW.CCS"	"file"	"85980"	"0xA7EE000"	"154036"
"SCENE\PPT2220_1IRK.CCS"	"file"	"86056"	"0xA814000"	"97202"
"SCENE\PPT2220_1MOB.CCS"	"file"	"86104"	"0xA82C000"	"231242"
"SCENE\PPT2220_1NRW.CCS"	"file"	"86217"	"0xA864800"	"262324"
"SCENE\PPT2220_2M01.CCS"	"file"	"86346"	"0xA8A5000"	"604272"
"SCENE\PPT2220_2ROW.CCS"	"file"	"86642"	"0xA939000"	"57978"
"SCENE\PPT2220_2SIW.CCS"	"file"	"86671"	"0xA947800"	"61612"
"SCENE\PPT2220_2TEW.CCS"	"file"	"86702"	"0xA957000"	"58794"
"SCENE\PPT2220_2TUC.CCS"	"file"	"86731"	"0xA965800"	"93086"
"SCENE\PPT2225_1CLB.CCS"	"file"	"86777"	"0xA97C800"	"531634"
"SCENE\PPT2225_1DDR.CCS"	"file"	"87037"	"0xA9FE800"	"298287"
"SCENE\PPT2225_2DDR.CCS"	"file"	"87183"	"0xAA47800"	"201363"
"SCENE\PPT2225_2SCH.CCS"	"file"	"87282"	"0xAA79000"	"102057"
"SCENE\PPT2230_1CLB.CCS"	"file"	"87332"	"0xAA92000"	"239460"
"SCENE\PPT2230_1DDR.CCS"	"file"	"87449"	"0xAACC800"	"314903"
"SCENE\PPT2230_1GAW.CCS"	"file"	"87603"	"0xAB19800"	"254044"
"SCENE\PPT2230_1MOB.CCS"	"file"	"87728"	"0xAB58000"	"5478"
"SCENE\PPT2230_2DDR.CCS"	"file"	"87731"	"0xAB59800"	"125250"
"SCENE\PPT2230_2GAW.CCS"	"file"	"87793"	"0xAB78800"	"102234"
"SCENE\PPT2235_1CLB.CCS"	"file"	"87843"	"0xAB91800"	"124054"
"SCENE\PPT2235_1KAR.CCS"	"file"	"87904"	"0xABB0000"	"40168"
"SCENE\PPT2235_1KNW.CCS"	"file"	"87924"	"0xABBA000"	"281738"
"SCENE\PPT2235_1KRS.CCS"	"file"	"88062"	"0xABFF000"	"47494"
"SCENE\PPT2235_1SAN.CCS"	"file"	"88086"	"0xAC0B000"	"33208"
"SCENE\PPT2235_1SCH.CCS"	"file"	"88103"	"0xAC13800"	"108347"
"SCENE\PPT2235_1SUO.CCS"	"file"	"88156"	"0xAC2E000"	"35826"
"SCENE\PPT2235_2DDR.CCS"	"file"	"88174"	"0xAC37000"	"201363"
"SCENE\PPT2235_2KNW.CCS"	"file"	"88273"	"0xAC68800"	"153151"
"SCENE\PPT2235_2SCH.CCS"	"file"	"88348"	"0xAC8E000"	"120614"
"SCENE\PPT2240_1KKW.CCS"	"file"	"88407"	"0xACAB800"	"182470"
"SCENE\PPT2240_1NRW.CCS"	"file"	"88497"	"0xACD8800"	"210045"
"SCENE\PPT2240_1SIW.CCS"	"file"	"88600"	"0xAD0C000"	"95753"
"SCENE\PPT2240_1SKW.CCS"	"file"	"88647"	"0xAD23800"	"178262"
"SCENE\PPT2240_1TMW.CCS"	"file"	"88735"	"0xAD4F800"	"117141"
"SCENE\PPT2240_1TNW.CCS"	"file"	"88793"	"0xAD6C800"	"102901"
"SCENE\PPT2240_2KKW.CCS"	"file"	"88844"	"0xAD86000"	"50493"
"SCENE\PPT2240_2NRW.CCS"	"file"	"88869"	"0xAD92800"	"83425"
"SCENE\PPT2240_2SIW.CCS"	"file"	"88910"	"0xADA7000"	"48431"
"SCENE\PPT2240_2SKW.CCS"	"file"	"88934"	"0xADB3000"	"75523"
"SCENE\PPT2240_2TMW.CCS"	"file"	"88971"	"0xADC5800"	"63404"
"SCENE\PPT2240_2TNW.CCS"	"file"	"89002"	"0xADD5000"	"48608"
"SCENE\PPT2245_1CYB.CCS"	"file"	"89026"	"0xADE1000"	"315444"
"SCENE\PPT2245_1KKW.CCS"	"file"	"89181"	"0xAE2E800"	"239087"
"SCENE\PPT2245_1NRW.CCS"	"file"	"89298"	"0xAE69000"	"479046"
"SCENE\PPT2245_1SKW.CCS"	"file"	"89532"	"0xAEDE000"	"179216"
"SCENE\PPT2245_2BAK.CCS"	"file"	"89620"	"0xAF0A000"	"68281"
"SCENE\PPT2245_2CYB.CCS"	"file"	"89654"	"0xAF1B000"	"103911"
"SCENE\PPT2245_2EBZ.CCS"	"file"	"89705"	"0xAF34800"	"62292"
"SCENE\PPT2245_2KKW.CCS"	"file"	"89736"	"0xAF44000"	"122421"
"SCENE\PPT2245_2NRW.CCS"	"file"	"89796"	"0xAF62000"	"292219"
"SCENE\PPT2245_2SKW.CCS"	"file"	"89939"	"0xAFA9800"	"188330"
"SCENE\PPT2250_1GUW.CCS"	"file"	"90031"	"0xAFD7800"	"217761"
"SCENE\PPT2250_1ROW.CCS"	"file"	"90138"	"0xB00D000"	"260304"
"SCENE\PPT2250_1TNW.CCS"	"file"	"90266"	"0xB04D000"	"108505"
"SCENE\PPT2250_2GUW.CCS"	"file"	"90319"	"0xB067800"	"127762"
"SCENE\PPT2250_2NEW.CCS"	"file"	"90382"	"0xB087000"	"163287"
"SCENE\PPT2250_2ROW.CCS"	"file"	"90462"	"0xB0AF000"	"151761"
"SCENE\PPT2250_2TEW.CCS"	"file"	"90537"	"0xB0D4800"	"157255"
"SCENE\PPT2250_2TNW.CCS"	"file"	"90614"	"0xB0FB000"	"53280"
"SCENE\PPT2260_1GUW.CCS"	"file"	"90641"	"0xB108800"	"169176"
"SCENE\PPT2260_1KSW.CCS"	"file"	"90724"	"0xB132000"	"307623"
"SCENE\PPT2260_1NEW.CCS"	"file"	"90875"	"0xB17D800"	"130033"
"SCENE\PPT2260_1ROW.CCS"	"file"	"90939"	"0xB19D800"	"152747"
"SCENE\PPT2260_1TEW.CCS"	"file"	"91014"	"0xB1C3000"	"173890"
"SCENE\PPT2260_2GUW.CCS"	"file"	"91099"	"0xB1ED800"	"111538"
"SCENE\PPT2260_2KSW.CCS"	"file"	"91154"	"0xB209000"	"103408"
"SCENE\PPT2260_2NEW.CCS"	"file"	"91205"	"0xB222800"	"124545"
"SCENE\PPT2260_2ROW.CCS"	"file"	"91266"	"0xB241000"	"84106"
"SCENE\PPT2260_2TEW.CCS"	"file"	"91308"	"0xB256000"	"157255"
"SCENE\PPT2260_ST00.CCS"	"file"	"91385"	"0xB27C800"	"2743396"
"SCENE\PPT2260_ST00E.CCS"	"file"	"92725"	"0xB51A800"	"129235"
"SCENE\PPT2265_1CYB.CCS"	"file"	"92789"	"0xB53A800"	"145696"
"SCENE\PPT2265_1GAW.CCS"	"file"	"92861"	"0xB55E800"	"153149"
"SCENE\PPT2265_1ITW.CCS"	"file"	"92936"	"0xB584000"	"277596"
"SCENE\PPT2265_1KKW.CCS"	"file"	"93072"	"0xB5C8000"	"186308"
"SCENE\PPT2265_1MOB.CCS"	"file"	"93163"	"0xB5F5800"	"105608"
"SCENE\PPT2265_1NRW.CCS"	"file"	"93215"	"0xB60F800"	"493577"
"SCENE\PPT2265_1SKW.CCS"	"file"	"93457"	"0xB688800"	"168170"
"SCENE\PPT2265_2CYB.CCS"	"file"	"93540"	"0xB6B2000"	"85071"
"SCENE\PPT2265_2ITW.CCS"	"file"	"93582"	"0xB6C7000"	"56516"
"SCENE\PPT2265_2KKW.CCS"	"file"	"93610"	"0xB6D5000"	"117635"
"SCENE\PPT2265_2NRW.CCS"	"file"	"93668"	"0xB6F2000"	"267950"
"SCENE\PPT2265_2SKW.CCS"	"file"	"93799"	"0xB733800"	"114448"
"SCENE\PPT2265_EFF.CCS"	"file"	"93855"	"0xB74F800"	"31003"
"SCENE\PPT2265_ST00.CCS"	"file"	"93871"	"0xB757800"	"1712839"
"SCENE\PPT2265_ST00E.CCS"	"file"	"94708"	"0xB8FA000"	"91651"
"SCENE\PPT2270_1AKR.CCS"	"file"	"94753"	"0xB910800"	"111763"
"SCENE\PPT2270_1GAW.CCS"	"file"	"94808"	"0xB92C000"	"289635"
"SCENE\PPT2270_1MOB.CCS"	"file"	"94950"	"0xB973000"	"27106"
"SCENE\PPT2270_1NRT.CCS"	"file"	"94964"	"0xB97A000"	"94968"
"SCENE\PPT2270_1SCH.CCS"	"file"	"95011"	"0xB991800"	"68884"
"SCENE\PPT2270_2DDR.CCS"	"file"	"95045"	"0xB9A2800"	"51497"
"SCENE\PPT2270_EFF.CCS"	"file"	"95071"	"0xB9AF800"	"7398"
"SCENE\PPT2275_1CYB.CCS"	"file"	"95075"	"0xB9B1800"	"142811"
"SCENE\PPT2275_1KKW.CCS"	"file"	"95145"	"0xB9D4800"	"97387"
"SCENE\PPT2275_1NRW.CCS"	"file"	"95193"	"0xB9EC800"	"159665"
"SCENE\PPT2275_1SKW.CCS"	"file"	"95271"	"0xBA13800"	"140241"
"SCENE\PPT2275_2CYB.CCS"	"file"	"95340"	"0xBA36000"	"63276"
"SCENE\PPT2275_2KKW.CCS"	"file"	"95371"	"0xBA45800"	"63446"
"SCENE\PPT2275_2NRW.CCS"	"file"	"95402"	"0xBA55000"	"95769"
"SCENE\PPT2275_2SKW.CCS"	"file"	"95449"	"0xBA6C800"	"67386"
"SCENE\PPT2275_SNP.CCS"	"file"	"95482"	"0xBA7D000"	"93571"
"SCENE\PPT2280_1GUW.CCS"	"file"	"95528"	"0xBA94000"	"129834"
"SCENE\PPT2280_1KKW.CCS"	"file"	"95592"	"0xBAB4000"	"167902"
"SCENE\PPT2280_1MOB.CCS"	"file"	"95674"	"0xBADD000"	"210287"
"SCENE\PPT2280_1NEW.CCS"	"file"	"95777"	"0xBB10800"	"167823"
"SCENE\PPT2280_1NRW.CCS"	"file"	"95859"	"0xBB39800"	"174262"
"SCENE\PPT2280_2CYB.CCS"	"file"	"95945"	"0xBB64800"	"97443"
"SCENE\PPT2280_2GUW.CCS"	"file"	"95993"	"0xBB7C800"	"68076"
"SCENE\PPT2280_2KKW.CCS"	"file"	"96027"	"0xBB8D800"	"113500"
"SCENE\PPT2280_2NEW.CCS"	"file"	"96083"	"0xBBA9800"	"88413"
"SCENE\PPT2280_2NRW.CCS"	"file"	"96127"	"0xBBBF800"	"94490"
"SCENE\PPT2280_2ROW.CCS"	"file"	"96174"	"0xBBD7000"	"99204"
"SCENE\PPT2280_2SKW.CCS"	"file"	"96223"	"0xBBEF800"	"100963"
"SCENE\PPT2280_2TEW.CCS"	"file"	"96273"	"0xBC08800"	"81065"
"SCENE\PPT2280_EFF.CCS"	"file"	"96313"	"0xBC1C800"	"21221"
"SCENE\PPT2280_SNP.CCS"	"file"	"96324"	"0xBC22000"	"583913"
"SCENE\PPT2285_1CYB.CCS"	"file"	"96610"	"0xBCB1000"	"130445"
"SCENE\PPT2285_1KKW.CCS"	"file"	"96674"	"0xBCD1000"	"181864"
"SCENE\PPT2285_1SKW.CCS"	"file"	"96763"	"0xBCFD800"	"321631"
"SCENE\PPT2285_2CYB.CCS"	"file"	"96921"	"0xBD4C800"	"73951"
"SCENE\PPT2285_2NRW.CCS"	"file"	"96958"	"0xBD5F000"	"81401"
"SCENE\PPT2285_ST00.CCS"	"file"	"96998"	"0xBD73000"	"1341886"
"SCENE\PPT2285_ST00E.CCS"	"file"	"97654"	"0xBEBB000"	"184178"
"SCENE\PPT2290_1CLB.CCS"	"file"	"97744"	"0xBEE8000"	"296150"
"SCENE\PPT2290_1CYB.CCS"	"file"	"97889"	"0xBF30800"	"90886"
"SCENE\PPT2290_1DDR.CCS"	"file"	"97934"	"0xBF47000"	"163976"
"SCENE\PPT2290_1GAW.CCS"	"file"	"98015"	"0xBF6F800"	"84256"
"SCENE\PPT2290_1KKW.CCS"	"file"	"98057"	"0xBF84800"	"130063"
"SCENE\PPT2290_1NRW.CCS"	"file"	"98121"	"0xBFA4800"	"209339"
"SCENE\PPT2290_1SCH.CCS"	"file"	"98224"	"0xBFD8000"	"68884"
"SCENE\PPT2290_1SKW.CCS"	"file"	"98258"	"0xBFE9000"	"164788"
"SCENE\PPT2290_2CYB.CCS"	"file"	"98339"	"0xC011800"	"73530"
"SCENE\PPT2290_2DDR.CCS"	"file"	"98375"	"0xC023800"	"51496"
"SCENE\PPT2290_2GAW.CCS"	"file"	"98401"	"0xC030800"	"47601"
"SCENE\PPT2290_2KKW.CCS"	"file"	"98425"	"0xC03C800"	"83144"
"SCENE\PPT2290_2NRW.CCS"	"file"	"98466"	"0xC051000"	"64626"
"SCENE\PPT2290_2SCH.CCS"	"file"	"98498"	"0xC061000"	"45069"
"SCENE\PPT2290_2SKW.CCS"	"file"	"98521"	"0xC06C800"	"145804"
"SCENE\PPT2290_ST00.CCS"	"file"	"98593"	"0xC090800"	"301242"
"SCENE\PPT2290_ST00E.CCS"	"file"	"98741"	"0xC0DA800"	"109231"
"SCENE\PPT2295_1CLB.CCS"	"file"	"98795"	"0xC0F5800"	"141478"
"SCENE\PPT2295_1DDR.CCS"	"file"	"98865"	"0xC118800"	"135664"
"SCENE\PPT2295_1KKW.CCS"	"file"	"98932"	"0xC13A000"	"154098"
"SCENE\PPT2295_1NRW.CCS"	"file"	"99008"	"0xC160000"	"327261"
"SCENE\PPT2295_2KKW.CCS"	"file"	"99168"	"0xC1B0000"	"62955"
"SCENE\PPT2295_2NRW.CCS"	"file"	"99199"	"0xC1BF800"	"61128"
"SCENE\PPT2300_1CYB.CCS"	"file"	"99229"	"0xC1CE800"	"168329"
"SCENE\PPT2300_1MOB.CCS"	"file"	"99312"	"0xC1F8000"	"74780"
"SCENE\PPT2300_1SCH.CCS"	"file"	"99349"	"0xC20A800"	"79512"
"SCENE\PPT2300_1SKW.CCS"	"file"	"99388"	"0xC21E000"	"389969"
"SCENE\PPT2300_2CYB.CCS"	"file"	"99579"	"0xC27D800"	"101143"
"SCENE\PPT2300_2SCH.CCS"	"file"	"99629"	"0xC296800"	"163494"
"SCENE\PPT2300_2SCO.CCS"	"file"	"99709"	"0xC2BE800"	"74990"
"SCENE\PPT2300_2SKW.CCS"	"file"	"99746"	"0xC2D1000"	"147363"
"SCENE\PPT2305_1CLB.CCS"	"file"	"99818"	"0xC2F5000"	"178953"
"SCENE\PPT2305_1DDR.CCS"	"file"	"99906"	"0xC321000"	"152917"
"SCENE\PPT2305_1KKW.CCS"	"file"	"99981"	"0xC346800"	"143968"
"SCENE\PPT2305_1NRW.CCS"	"file"	"100052"	"0xC36A000"	"243741"
"SCENE\PPT2305_2KKW.CCS"	"file"	"100172"	"0xC3A6000"	"111890"
"SCENE\PPT2305_2NRW.CCS"	"file"	"100227"	"0xC3C1800"	"125631"
"SCENE\PPT2310_1CHY.CCS"	"file"	"100289"	"0xC3E0800"	"868265"
"SCENE\PPT2310_1CYB.CCS"	"file"	"100713"	"0xC4B4800"	"121928"
"SCENE\PPT2310_1ORW.CCS"	"file"	"100773"	"0xC4D2800"	"95413"
"SCENE\PPT2310_1SCO.CCS"	"file"	"100820"	"0xC4EA000"	"551709"
"SCENE\PPT2310_1SCV.CCS"	"file"	"101090"	"0xC571000"	"148251"
"SCENE\PPT2310_1SKW.CCS"	"file"	"101163"	"0xC595800"	"364679"
"SCENE\PPT2310_1SSK.CCS"	"file"	"101342"	"0xC5EF000"	"87569"
"SCENE\PPT2310_2CHY.CCS"	"file"	"101385"	"0xC604800"	"115962"
"SCENE\PPT2310_2SCO.CCS"	"file"	"101442"	"0xC621000"	"88164"
"SCENE\PPT2310_2SCV.CCS"	"file"	"101486"	"0xC637000"	"83454"
"SCENE\PPT2310_2SKW.CCS"	"file"	"101527"	"0xC64B800"	"164397"
"SCENE\PPT2310_SNP.CCS"	"file"	"101608"	"0xC674000"	"160113"
"SCENE\PPT2310_ST00.CCS"	"file"	"101687"	"0xC69B800"	"385282"
"SCENE\PPT2310_ST00E.CCS"	"file"	"101876"	"0xC6FA000"	"88521"
"SCENE\PPT2315_1CHY.CCS"	"file"	"101920"	"0xC710000"	"142227"
"SCENE\PPT2315_1CLB.CCS"	"file"	"101990"	"0xC733000"	"173459"
"SCENE\PPT2315_1DDR.CCS"	"file"	"102075"	"0xC75D800"	"333724"
"SCENE\PPT2315_1GAW.CCS"	"file"	"102238"	"0xC7AF000"	"84256"
"SCENE\PPT2315_1KKW.CCS"	"file"	"102280"	"0xC7C4000"	"248503"
"SCENE\PPT2315_1MOB.CCS"	"file"	"102402"	"0xC801000"	"56685"
"SCENE\PPT2315_1NRW.CCS"	"file"	"102430"	"0xC80F000"	"785593"
"SCENE\PPT2315_1SKW.CCS"	"file"	"102814"	"0xC8CF000"	"208544"
"SCENE\PPT2315_2CHY.CCS"	"file"	"102916"	"0xC902000"	"82635"
"SCENE\PPT2315_2DDR.CCS"	"file"	"102957"	"0xC916800"	"144048"
"SCENE\PPT2315_2KKW.CCS"	"file"	"103028"	"0xC93A000"	"131668"
"SCENE\PPT2315_2NRW.CCS"	"file"	"103093"	"0xC95A800"	"267877"
"SCENE\PPT2315_2SKW.CCS"	"file"	"103224"	"0xC99C000"	"132774"
"SCENE\PPT2320_1CHY.CCS"	"file"	"103289"	"0xC9BC800"	"186111"
"SCENE\PPT2320_1GAW.CCS"	"file"	"103380"	"0xC9EA000"	"429900"
"SCENE\PPT2320_1GUW.CCS"	"file"	"103590"	"0xCA53000"	"89870"
"SCENE\PPT2320_1KKW.CCS"	"file"	"103634"	"0xCA69000"	"87439"
"SCENE\PPT2320_1MOB.CCS"	"file"	"103677"	"0xCA7E800"	"567725"
"SCENE\PPT2320_1NRW.CCS"	"file"	"103955"	"0xCB09800"	"350255"
"SCENE\PPT2320_1SKW.CCS"	"file"	"104127"	"0xCB5F800"	"232219"
"SCENE\PPT2320_2CHY.CCS"	"file"	"104241"	"0xCB98800"	"47364"
"SCENE\PPT2320_2GAW.CCS"	"file"	"104265"	"0xCBA4800"	"87287"
"SCENE\PPT2320_2GUW.CCS"	"file"	"104308"	"0xCBBA000"	"45769"
"SCENE\PPT2320_2KKW.CCS"	"file"	"104331"	"0xCBC5800"	"50493"
"SCENE\PPT2320_2KNW.CCS"	"file"	"104356"	"0xCBD2000"	"46348"
"SCENE\PPT2320_2M01.CCS"	"file"	"104379"	"0xCBDD800"	"175402"
"SCENE\PPT2320_2NRW.CCS"	"file"	"104465"	"0xCC08800"	"86263"
"SCENE\PPT2320_2SKW.CCS"	"file"	"104508"	"0xCC1E000"	"84656"
"SCENE\PPT2320_2TMW.CCS"	"file"	"104550"	"0xCC33000"	"63404"
"SCENE\PPT2320_SNP.CCS"	"file"	"104581"	"0xCC42800"	"131535"
"SCENE\PPT2320_ST00.CCS"	"file"	"104646"	"0xCC63000"	"225911"
"SCENE\PPT2320_ST00E.CCS"	"file"	"104757"	"0xCC9A800"	"89248"
"SCENE\PPT2325_1GAW.CCS"	"file"	"104801"	"0xCCB0800"	"147038"
"SCENE\PPT2325_1KNW.CCS"	"file"	"104873"	"0xCCD4800"	"87742"
"SCENE\PPT2325_1MOB.CCS"	"file"	"104916"	"0xCCEA000"	"275173"
"SCENE\PPT2325_1NRW.CCS"	"file"	"105051"	"0xCD2D800"	"224490"
"SCENE\PPT2325_1ROW.CCS"	"file"	"105161"	"0xCD64800"	"94158"
"SCENE\PPT2325_1SKW.CCS"	"file"	"105207"	"0xCD7B800"	"101002"
"SCENE\PPT2325_1TMW.CCS"	"file"	"105257"	"0xCD94800"	"91993"
"SCENE\PPT2325_2KNW.CCS"	"file"	"105302"	"0xCDAB000"	"46349"
"SCENE\PPT2325_2NRW.CCS"	"file"	"105325"	"0xCDB6800"	"64892"
"SCENE\PPT2325_2ROW.CCS"	"file"	"105357"	"0xCDC6800"	"50155"
"SCENE\PPT2325_2SKW.CCS"	"file"	"105382"	"0xCDD3000"	"56095"
"SCENE\PPT2325_2TMW.CCS"	"file"	"105410"	"0xCDE1000"	"53627"
"SCENE\PPT2325_SNP.CCS"	"file"	"105437"	"0xCDEE800"	"7409"
"SCENE\PPT2999_1GUW.CCS"	"file"	"105441"	"0xCDF0800"	"120297"
"SCENE\PPT2999_1KKW.CCS"	"file"	"105500"	"0xCE0E000"	"96737"
"SCENE\PPT2999_1NEW.CCS"	"file"	"105548"	"0xCE26000"	"139706"
"SCENE\PPT2999_1NRW.CCS"	"file"	"105617"	"0xCE48800"	"241359"
"SCENE\PPT2999_1ROW.CCS"	"file"	"105735"	"0xCE83800"	"107071"
"SCENE\PPT2999_1SKW.CCS"	"file"	"105788"	"0xCE9E000"	"99638"
"SCENE\PPT2999_1TEW.CCS"	"file"	"105837"	"0xCEB6800"	"90234"
"SCENE\PPT2999_2GUW.CCS"	"file"	"105882"	"0xCECD000"	"217143"
"SCENE\PPT2999_2KKW.CCS"	"file"	"105989"	"0xCF02800"	"71008"
"SCENE\PPT2999_2NEW.CCS"	"file"	"106024"	"0xCF14000"	"95940"
"SCENE\PPT2999_2NRW.CCS"	"file"	"106071"	"0xCF2B800"	"116785"
"SCENE\PPT2999_2ROW.CCS"	"file"	"106129"	"0xCF48800"	"96162"
"SCENE\PPT2999_2SKW.CCS"	"file"	"106176"	"0xCF60000"	"99188"
"SCENE\PPT2999_2TEW.CCS"	"file"	"106225"	"0xCF78800"	"85810"
"SCENE\PPT2999_SNP.CCS"	"file"	"106267"	"0xCF8D800"	"90400"
"SCENE\PPT3200_1GUW.CCS"	"file"	"106312"	"0xCFA4000"	"89870"
"SCENE\PPT3200_1KKW.CCS"	"file"	"106356"	"0xCFBA000"	"140111"
"SCENE\PPT3200_1MOB.CCS"	"file"	"106425"	"0xCFDC800"	"420497"
"SCENE\PPT3200_1NRW.CCS"	"file"	"106631"	"0xD043800"	"267959"
"SCENE\PPT3200_1SKW.CCS"	"file"	"106762"	"0xD085000"	"155817"
"SCENE\PPT3200_2GUW.CCS"	"file"	"106839"	"0xD0AB800"	"63576"
"SCENE\PPT3200_2KKW.CCS"	"file"	"106871"	"0xD0BB800"	"97447"
"SCENE\PPT3200_2M01.CCS"	"file"	"106919"	"0xD0D3800"	"608020"
"SCENE\PPT3200_2NEW.CCS"	"file"	"107216"	"0xD168000"	"65490"
"SCENE\PPT3200_2NRW.CCS"	"file"	"107248"	"0xD178000"	"104683"
"SCENE\PPT3200_2ROW.CCS"	"file"	"107300"	"0xD192000"	"58743"
"SCENE\PPT3200_2SKW.CCS"	"file"	"107329"	"0xD1A0800"	"93845"
"SCENE\PPT3200_2TEW.CCS"	"file"	"107375"	"0xD1B7800"	"68100"
"SCENE\PPT3205_1HNW.CCS"	"file"	"107409"	"0xD1C8800"	"133490"
"SCENE\PPT3205_1KIW.CCS"	"file"	"107475"	"0xD1E9800"	"244436"
"SCENE\PPT3205_1NRW.CCS"	"file"	"107595"	"0xD225800"	"275230"
"SCENE\PPT3205_1SNW.CCS"	"file"	"107730"	"0xD269000"	"74854"
"SCENE\PPT3205_2KIW.CCS"	"file"	"107767"	"0xD27B800"	"117316"
"SCENE\PPT3205_2M01.CCS"	"file"	"107825"	"0xD298800"	"626653"
"SCENE\PPT3205_2NRW.CCS"	"file"	"108131"	"0xD331800"	"63415"
"SCENE\PPT3205_2SNW.CCS"	"file"	"108162"	"0xD341000"	"59733"
"SCENE\PPT3210_1INW.CCS"	"file"	"108192"	"0xD350000"	"136781"
"SCENE\PPT3210_1NRW.CCS"	"file"	"108259"	"0xD371800"	"230214"
"SCENE\PPT3210_1SAI.CCS"	"file"	"108372"	"0xD3AA000"	"218935"
"SCENE\PPT3210_1SIW.CCS"	"file"	"108479"	"0xD3DF800"	"114349"
"SCENE\PPT3210_1TYW.CCS"	"file"	"108535"	"0xD3FB800"	"139598"
"SCENE\PPT3210_2INW.CCS"	"file"	"108604"	"0xD41E000"	"56523"
"SCENE\PPT3210_2NRW.CCS"	"file"	"108632"	"0xD42C000"	"141433"
"SCENE\PPT3210_2SAI.CCS"	"file"	"108702"	"0xD44F000"	"81483"
"SCENE\PPT3210_2SIW.CCS"	"file"	"108742"	"0xD463000"	"83641"
"SCENE\PPT3210_2TYW.CCS"	"file"	"108783"	"0xD477800"	"66379"
"SCENE\PPT3210_ST00.CCS"	"file"	"108816"	"0xD488000"	"813186"
"SCENE\PPT3210_ST00E.CCS"	"file"	"109214"	"0xD54F000"	"49708"
"SCENE\PPT3215_1MOB.CCS"	"file"	"109239"	"0xD55B800"	"76163"
"SCENE\PPT3215_1NRW.CCS"	"file"	"109277"	"0xD56E800"	"242552"
"SCENE\PPT3215_1SAI.CCS"	"file"	"109396"	"0xD5AA000"	"100978"
"SCENE\PPT3215_1SZW.CCS"	"file"	"109446"	"0xD5C3000"	"100651"
"SCENE\PPT3215_1TNW.CCS"	"file"	"109496"	"0xD5DC000"	"102901"
"SCENE\PPT3215_1YMT.CCS"	"file"	"109547"	"0xD5F5800"	"179914"
"SCENE\PPT3215_2NRW.CCS"	"file"	"109635"	"0xD621800"	"59215"
"SCENE\PPT3215_2SAI.CCS"	"file"	"109664"	"0xD630000"	"55110"
"SCENE\PPT3215_2SKW.CCS"	"file"	"109691"	"0xD63D800"	"66985"
"SCENE\PPT3215_2SZW.CCS"	"file"	"109724"	"0xD64E000"	"41194"
"SCENE\PPT3215_2TNW.CCS"	"file"	"109745"	"0xD658800"	"48608"
"SCENE\PPT3215_2YMT.CCS"	"file"	"109769"	"0xD664800"	"67330"
"SCENE\PPT3220_1NRW.CCS"	"file"	"109802"	"0xD675000"	"335723"
"SCENE\PPT3220_1SAI.CCS"	"file"	"109966"	"0xD6C7000"	"100978"
"SCENE\PPT3220_1SKW.CCS"	"file"	"110016"	"0xD6E0000"	"229907"
"SCENE\PPT3220_1YMT.CCS"	"file"	"110129"	"0xD718800"	"187379"
"SCENE\PPT3220_2NRW.CCS"	"file"	"110221"	"0xD746800"	"268775"
"SCENE\PPT3220_2SAI.CCS"	"file"	"110353"	"0xD788800"	"63258"
"SCENE\PPT3220_2SKW.CCS"	"file"	"110384"	"0xD798000"	"188329"
"SCENE\PPT3220_2YMT.CCS"	"file"	"110476"	"0xD7C6000"	"90070"
"SCENE\PPT3225_1NRW.CCS"	"file"	"110520"	"0xD7DC000"	"509131"
"SCENE\PPT3225_1SAI.CCS"	"file"	"110769"	"0xD858800"	"194423"
"SCENE\PPT3225_1SKW.CCS"	"file"	"110864"	"0xD888000"	"101002"
"SCENE\PPT3225_1YMT.CCS"	"file"	"110914"	"0xD8A1000"	"194808"
"SCENE\PPT3225_2NRW.CCS"	"file"	"111010"	"0xD8D1000"	"140383"
"SCENE\PPT3225_2SAI.CCS"	"file"	"111079"	"0xD8F3800"	"80472"
"SCENE\PPT3225_2SKW.CCS"	"file"	"111119"	"0xD907800"	"128258"
"SCENE\PPT3225_2YMT.CCS"	"file"	"111182"	"0xD927000"	"69868"
"SCENE\PPT3230_1MOB.CCS"	"file"	"111217"	"0xD938800"	"27733"
"SCENE\PPT3230_1NRW.CCS"	"file"	"111231"	"0xD93F800"	"163791"
"SCENE\PPT3230_1SAI.CCS"	"file"	"111311"	"0xD967800"	"113699"
"SCENE\PPT3230_1SKW.CCS"	"file"	"111367"	"0xD983800"	"216529"
"SCENE\PPT3230_1YMT.CCS"	"file"	"111473"	"0xD9B8800"	"93982"
"SCENE\PPT3230_2NRW.CCS"	"file"	"111519"	"0xD9CF800"	"95769"
"SCENE\PPT3230_2SAI.CCS"	"file"	"111566"	"0xD9E7000"	"118075"
"SCENE\PPT3230_2SKW.CCS"	"file"	"111624"	"0xDA04000"	"66927"
"SCENE\PPT3230_2YMT.CCS"	"file"	"111657"	"0xDA14800"	"51580"
"SCENE\PPT3235_1KBW.CCS"	"file"	"111683"	"0xDA21800"	"374143"
"SCENE\PPT3235_1MOB.CCS"	"file"	"111866"	"0xDA7D000"	"84231"
"SCENE\PPT3235_1NRW.CCS"	"file"	"111908"	"0xDA92000"	"224090"
"SCENE\PPT3235_1ORW.CCS"	"file"	"112018"	"0xDAC9000"	"107415"
"SCENE\PPT3235_1SAI.CCS"	"file"	"112071"	"0xDAE3800"	"128314"
"SCENE\PPT3235_1SCH.CCS"	"file"	"112134"	"0xDB03000"	"68884"
"SCENE\PPT3235_1SKW.CCS"	"file"	"112168"	"0xDB14000"	"101825"
"SCENE\PPT3235_1YMT.CCS"	"file"	"112218"	"0xDB2D000"	"205610"
"SCENE\PPT3235_2KBW.CCS"	"file"	"112319"	"0xDB5F800"	"176382"
"SCENE\PPT3235_2NRW.CCS"	"file"	"112406"	"0xDB8B000"	"154256"
"SCENE\PPT3235_2ORW.CCS"	"file"	"112482"	"0xDBB1000"	"68597"
"SCENE\PPT3235_2SAI.CCS"	"file"	"112516"	"0xDBC2000"	"73818"
"SCENE\PPT3235_2SCH.CCS"	"file"	"112553"	"0xDBD4800"	"102057"
"SCENE\PPT3235_2SKW.CCS"	"file"	"112603"	"0xDBED800"	"89341"
"SCENE\PPT3235_2YMT.CCS"	"file"	"112647"	"0xDC03800"	"150891"
"SCENE\PPT3238_1KBW.CCS"	"file"	"112721"	"0xDC28800"	"156269"
"SCENE\PPT3238_1NRW.CCS"	"file"	"112798"	"0xDC4F000"	"167888"
"SCENE\PPT3238_1ORW.CCS"	"file"	"112880"	"0xDC78000"	"242954"
"SCENE\PPT3238_1SAI.CCS"	"file"	"112999"	"0xDCB3800"	"234193"
"SCENE\PPT3238_1SKW.CCS"	"file"	"113114"	"0xDCED000"	"151147"
"SCENE\PPT3238_1YMT.CCS"	"file"	"113188"	"0xDD12000"	"172495"
"SCENE\PPT3238_2KBW.CCS"	"file"	"113273"	"0xDD3C800"	"57550"
"SCENE\PPT3238_2NRW.CCS"	"file"	"113302"	"0xDD4B000"	"45897"
"SCENE\PPT3238_2ORW.CCS"	"file"	"113325"	"0xDD56800"	"85407"
"SCENE\PPT3238_2SAI.CCS"	"file"	"113367"	"0xDD6B800"	"68202"
"SCENE\PPT3238_2SKW.CCS"	"file"	"113401"	"0xDD7C800"	"87352"
"SCENE\PPT3238_2YMT.CCS"	"file"	"113444"	"0xDD92000"	"126251"
"SCENE\PPT3240_1KBW.CCS"	"file"	"113506"	"0xDDB1000"	"242821"
"SCENE\PPT3240_1NRW.CCS"	"file"	"113625"	"0xDDEC800"	"186274"
"SCENE\PPT3240_1ORW.CCS"	"file"	"113716"	"0xDE1A000"	"208032"
"SCENE\PPT3240_1SKW.CCS"	"file"	"113818"	"0xDE4D000"	"151364"
"SCENE\PPT3240_1YMT.CCS"	"file"	"113892"	"0xDE72000"	"127238"
"SCENE\PPT3240_2KBW.CCS"	"file"	"113955"	"0xDE91800"	"89317"
"SCENE\PPT3240_2NRW.CCS"	"file"	"113999"	"0xDEA7800"	"85088"
"SCENE\PPT3240_2ORW.CCS"	"file"	"114041"	"0xDEBC800"	"79194"
"SCENE\PPT3240_2SKW.CCS"	"file"	"114080"	"0xDED0000"	"146320"
"SCENE\PPT3240_2YMT.CCS"	"file"	"114152"	"0xDEF4000"	"102774"
"SCENE\PPT3240_SNP.CCS"	"file"	"114203"	"0xDF0D800"	"75862"
"SCENE\PPT3240_ST00.CCS"	"file"	"114241"	"0xDF20800"	"1115331"
"SCENE\PPT3240_ST00E.CCS"	"file"	"114786"	"0xE031000"	"163643"
"SCENE\PPT3243_1NRW.CCS"	"file"	"114866"	"0xE059000"	"186273"
"SCENE\PPT3243_1SKW.CCS"	"file"	"114957"	"0xE086800"	"148875"
"SCENE\PPT3243_1YMT.CCS"	"file"	"115030"	"0xE0AB000"	"127238"
"SCENE\PPT3243_2NRW.CCS"	"file"	"115093"	"0xE0CA800"	"85089"
"SCENE\PPT3243_2SKW.CCS"	"file"	"115135"	"0xE0DF800"	"146321"
"SCENE\PPT3243_2YMT.CCS"	"file"	"115207"	"0xE103800"	"102774"
"SCENE\PPT3245_1NRW.CCS"	"file"	"115258"	"0xE11D000"	"316149"
"SCENE\PPT3245_1SAI.CCS"	"file"	"115413"	"0xE16A800"	"280248"
"SCENE\PPT3245_1SKW.CCS"	"file"	"115550"	"0xE1AF000"	"184034"
"SCENE\PPT3245_1YMT.CCS"	"file"	"115640"	"0xE1DC000"	"121718"
"SCENE\PPT3245_2NRW.CCS"	"file"	"115700"	"0xE1FA000"	"136405"
"SCENE\PPT3245_2SAI.CCS"	"file"	"115767"	"0xE21B800"	"51082"
"SCENE\PPT3245_2SKW.CCS"	"file"	"115792"	"0xE228000"	"145162"
"SCENE\PPT3245_2YMT.CCS"	"file"	"115863"	"0xE24B800"	"89740"
"SCENE\PPT3245_SNP.CCS"	"file"	"115907"	"0xE261800"	"103542"
"SCENE\PPT3250_1ITW.CCS"	"file"	"115958"	"0xE27B000"	"86315"
"SCENE\PPT3250_1MOB.CCS"	"file"	"116001"	"0xE290800"	"269879"
"SCENE\PPT3250_1NRW.CCS"	"file"	"116133"	"0xE2D2800"	"774819"
"SCENE\PPT3250_1SAI.CCS"	"file"	"116512"	"0xE390000"	"284645"
"SCENE\PPT3250_1SKW.CCS"	"file"	"116651"	"0xE3D5800"	"482841"
"SCENE\PPT3250_1SSW.CCS"	"file"	"116887"	"0xE44B800"	"543446"
"SCENE\PPT3250_1YMT.CCS"	"file"	"117153"	"0xE4D0800"	"219596"
"SCENE\PPT3250_2NRW.CCS"	"file"	"117261"	"0xE506800"	"239295"
"SCENE\PPT3250_2SAI.CCS"	"file"	"117378"	"0xE541000"	"125251"
"SCENE\PPT3250_2SKW.CCS"	"file"	"117440"	"0xE560000"	"194496"
"SCENE\PPT3250_2SSW.CCS"	"file"	"117535"	"0xE58F800"	"94015"
"SCENE\PPT3250_2YMT.CCS"	"file"	"117581"	"0xE5A6800"	"114275"
"SCENE\PPT3250_SNP.CCS"	"file"	"117637"	"0xE5C2800"	"170338"
"SCENE\PPT3255_1NRW.CCS"	"file"	"117721"	"0xE5EC800"	"347200"
"SCENE\PPT3255_1SAI.CCS"	"file"	"117891"	"0xE641800"	"100978"
"SCENE\PPT3255_1SKW.CCS"	"file"	"117941"	"0xE65A800"	"179216"
"SCENE\PPT3255_1TNW.CCS"	"file"	"118029"	"0xE686800"	"174353"
"SCENE\PPT3255_1YMT.CCS"	"file"	"118115"	"0xE6B1800"	"187379"
"SCENE\PPT3255_2NRW.CCS"	"file"	"118207"	"0xE6DF800"	"255688"
"SCENE\PPT3255_2SAI.CCS"	"file"	"118332"	"0xE71E000"	"63255"
"SCENE\PPT3255_2SKW.CCS"	"file"	"118363"	"0xE72D800"	"188330"
"SCENE\PPT3255_2SZW.CCS"	"file"	"118455"	"0xE75B800"	"38524"
"SCENE\PPT3255_2TNW.CCS"	"file"	"118474"	"0xE765000"	"73573"
"SCENE\PPT3255_2YMT.CCS"	"file"	"118510"	"0xE777000"	"90070"
"SCENE\PPT4200_1MOB.CCS"	"file"	"118554"	"0xE78D000"	"38375"
"SCENE\PPT4200_1ORW.CCS"	"file"	"118573"	"0xE796800"	"148220"
"SCENE\PPT4200_1SSW.CCS"	"file"	"118646"	"0xE7BB000"	"302638"
"SCENE\PPT4205_1KBW.CCS"	"file"	"118794"	"0xE805000"	"127533"
"SCENE\PPT4205_1MOB.CCS"	"file"	"118857"	"0xE824800"	"40980"
"SCENE\PPT4205_1ORW.CCS"	"file"	"118878"	"0xE82F000"	"203258"
"SCENE\PPT4205_1SSW.CCS"	"file"	"118978"	"0xE861000"	"329740"
"SCENE\PPT4205_2KBW.CCS"	"file"	"119140"	"0xE8B2000"	"59871"
"SCENE\PPT4205_2ORW.CCS"	"file"	"119170"	"0xE8C1000"	"68597"
"SCENE\PPT4205_2SSW.CCS"	"file"	"119204"	"0xE8D2000"	"58781"
"SCENE\PPT4205_SNP.CCS"	"file"	"119233"	"0xE8E0800"	"17397"
"SCENE\PPT4215_1MOB.CCS"	"file"	"119242"	"0xE8E5000"	"33270"
"SCENE\PPT4215_1NRW.CCS"	"file"	"119259"	"0xE8ED800"	"309346"
"SCENE\PPT4215_1SAI.CCS"	"file"	"119411"	"0xE939800"	"100978"
"SCENE\PPT4215_1SKW.CCS"	"file"	"119461"	"0xE952800"	"121283"
"SCENE\PPT4215_1TNW.CCS"	"file"	"119521"	"0xE970800"	"174354"
"SCENE\PPT4215_1YMT.CCS"	"file"	"119607"	"0xE99B800"	"111332"
"SCENE\PPT4215_2NRW.CCS"	"file"	"119662"	"0xE9B7000"	"111345"
"SCENE\PPT4215_2SAI.CCS"	"file"	"119717"	"0xE9D2800"	"63257"
"SCENE\PPT4215_2SKW.CCS"	"file"	"119748"	"0xE9E2000"	"87908"
"SCENE\PPT4215_2SZW.CCS"	"file"	"119791"	"0xE9F7800"	"38524"
"SCENE\PPT4215_2TNW.CCS"	"file"	"119810"	"0xEA01000"	"73573"
"SCENE\PPT4215_2YMT.CCS"	"file"	"119846"	"0xEA13000"	"75923"
"SCENE\PPT4215_SNP.CCS"	"file"	"119884"	"0xEA26000"	"19600"
"SCENE\PPT6000_1DDR.CCS"	"file"	"119894"	"0xEA2B000"	"134219"
"SCENE\PPT6000_1NRW.CCS"	"file"	"119960"	"0xEA4C000"	"234508"
"SCENE\PPT6000_1SKW.CCS"	"file"	"120075"	"0xEA85800"	"179362"
"SCENE\PPT6000_2DDR.CCS"	"file"	"120163"	"0xEAB1800"	"74355"
"SCENE\PPT6000_2NRW.CCS"	"file"	"120200"	"0xEAC4000"	"128004"
"SCENE\PPT6000_2SKW.CCS"	"file"	"120263"	"0xEAE3800"	"112014"
"SCENE\PPTACT.CCS"	"file"	"120318"	"0xEAFF000"	"2987"
"SCENE\PPTEFF.CCS"	"file"	"120320"	"0xEB00000"	"213226"
"SCENE\PPTS001.CCS"	"file"	"120425"	"0xEB34800"	"60726"
"SCENE\PPTS004.CCS"	"file"	"120455"	"0xEB43800"	"360195"
"SCENE\PPTS03.CCS"	"file"	"120631"	"0xEB9B800"	"253232"
"SCENE\PPTS04.CCS"	"file"	"120755"	"0xEBD9800"	"440211"
"SCENE\PPTS05.CCS"	"file"	"120970"	"0xEC45000"	"680770"
"SCENE\PPTS05A.CCS"	"file"	"121303"	"0xECEB800"	"498175"
"SCENE\PPTS08.CCS"	"file"	"121547"	"0xED65800"	"559296"
"SCENE\PPTS09.CCS"	"file"	"121821"	"0xEDEE800"	"585346"
"SCENE\PPTS10.CCS"	"file"	"122107"	"0xEE7D800"	"665819"
"SCENE\PPTS13.CCS"	"file"	"122433"	"0xEF20800"	"351325"
"SCENE\PPTS14.CCS"	"file"	"122605"	"0xEF76800"	"580883"
"SCENE\PPTS15.CCS"	"file"	"122889"	"0xF004800"	"359729"
"SCENE\PPTS16.CCS"	"file"	"123065"	"0xF05C800"	"440297"
"SCENE\PPTS17.CCS"	"file"	"123280"	"0xF0C8000"	"68487"
"SCENE\PPTS401.CCS"	"file"	"123314"	"0xF0D9000"	"679036"
"SCENE\PPTS501.CCS"	"file"	"123646"	"0xF17F000"	"540678"
"SCENE\PPTS508.CCS"	"file"	"123911"	"0xF203800"	"709014"
"SCENE\PPTS512.CCS"	"file"	"124258"	"0xF2B1000"	"586878"
"SCENE\PPTS97.CCS"	"file"	"124545"	"0xF340800"	"237889"
"SCENE\PPTS98.CCS"	"file"	"124662"	"0xF37B000"	"181280"
"SCENE\PPTS99.CCS"	"file"	"124751"	"0xF3A7800"	"66207"
"SCENE\STFDATA.CCS"	"file"	"124784"	"0xF3B8000"	"3826"
"SETTING.CCS"	"file"	"2313"	"0x484800"	"9450"
"SPBATTLE.CCS"	"file"	"2453"	"0x4CA800"	"83565"
"STAGE"	"dir"	"77"	"0x26800"	"2048"
"STAGE\S01.CCS"	"file"	"124786"	"0xF3B9000"	"511840"
"STAGE\S02.CCS"	"file"	"125036"	"0xF436000"	"577582"
"STAGE\S03.CCS"	"file"	"125319"	"0xF4C3800"	"781451"
"STAGE\S04.CCS"	"file"	"125701"	"0xF582800"	"563678"
"STAGE\S05.CCS"	"file"	"125977"	"0xF60C800"	"661714"
"STAGE\S06.CCS"	"file"	"126301"	"0xF6AE800"	"541078"
"STAGE\S07.CCS"	"file"	"126566"	"0xF733000"	"518132"
"STAGE\S08.CCS"	"file"	"126819"	"0xF7B1800"	"546321"
"STAGE\S09.CCS"	"file"	"127086"	"0xF837000"	"615137"
"STAGE\S10.CCS"	"file"	"127387"	"0xF8CD800"	"548182"
"STAGE\S11.CCS"	"file"	"127655"	"0xF953800"	"559866"
"STAGE\S12.CCS"	"file"	"127929"	"0xF9DC800"	"457763"
"STAGE\S13.CCS"	"file"	"128153"	"0xFA4C800"	"411352"
"STAGE\S14.CCS"	"file"	"128354"	"0xFAB1000"	"534996"
"STAGE\S15.CCS"	"file"	"128616"	"0xFB34000"	"558558"
"STAGE\S16.CCS"	"file"	"128889"	"0xFBBC800"	"411590"
"STAGE\S17.CCS"	"file"	"129090"	"0xFC21000"	"305702"
"STAGE\S18.CCS"	"file"	"129240"	"0xFC6C000"	"373126"
"STAGE\S19.CCS"	"file"	"129423"	"0xFCC7800"	"694290"
"STAGE\S20.CCS"	"file"	"129763"	"0xFD71800"	"476403"
"STAGE\S21.CCS"	"file"	"129996"	"0xFDE6000"	"394680"
"STAGE\S22.CCS"	"file"	"130189"	"0xFE46800"	"627914"
"STAGE\S23.CCS"	"file"	"130496"	"0xFEE0000"	"456641"
"STAGE\S24.CCS"	"file"	"130719"	"0xFF4F800"	"458949"
"STR"	"dir"	"78"	"0x27000"	"18432"
"STR\ATTENTION.CCS"	"file"	"130944"	"0xFFC0000"	"21117"
"STR\D01_10.CCS"	"file"	"130955"	"0xFFC5800"	"1605508"
"STR\D01_10E.CCS"	"file"	"131739"	"0x1014D800"	"116858"
"STR\D01_20.CCS"	"file"	"131797"	"0x1016A800"	"2525143"
"STR\D01_20E.CCS"	"file"	"133030"	"0x103D3000"	"322027"
"STR\D01_30.CCS"	"file"	"133188"	"0x10422000"	"1853408"
"STR\D01_30E.CCS"	"file"	"134093"	"0x105E6800"	"417173"
"STR\D02_10.CCS"	"file"	"134297"	"0x1064C800"	"1474525"
"STR\D02_10E.CCS"	"file"	"135017"	"0x107B4800"	"213952"
"STR\D02_11.CCS"	"file"	"135122"	"0x107E9000"	"1470923"
"STR\D02_11E.CCS"	"file"	"135841"	"0x10950800"	"213952"
"STR\D02_20.CCS"	"file"	"135946"	"0x10985000"	"2313773"
"STR\D02_20E.CCS"	"file"	"137076"	"0x10BBA000"	"491594"
"STR\D02_30.CCS"	"file"	"137317"	"0x10C32800"	"2602737"
"STR\D02_30E.CCS"	"file"	"138588"	"0x10EAE000"	"299303"
"STR\D03_10.CCS"	"file"	"138735"	"0x10EF7800"	"1939573"
"STR\D03_10E.CCS"	"file"	"139683"	"0x110D1800"	"178233"
"STR\D03_20.CCS"	"file"	"139771"	"0x110FD800"	"1376262"
"STR\D03_20E.CCS"	"file"	"140444"	"0x1124E000"	"310553"
"STR\D03_30.CCS"	"file"	"140596"	"0x1129A000"	"1676122"
"STR\D03_30E.CCS"	"file"	"141415"	"0x11433800"	"284364"
"STR\D04_10.CCS"	"file"	"141554"	"0x11479000"	"1456227"
"STR\D04_10E.CCS"	"file"	"142266"	"0x115DD000"	"272351"
"STR\D04_20.CCS"	"file"	"142399"	"0x1161F800"	"1017905"
"STR\D04_20E.CCS"	"file"	"142897"	"0x11718800"	"109088"
"STR\D05_10.CCS"	"file"	"142951"	"0x11733800"	"1315767"
"STR\D05_10E.CCS"	"file"	"143594"	"0x11875000"	"108550"
"STR\D05_11.CCS"	"file"	"143648"	"0x11890000"	"1304076"
"STR\D05_11E.CCS"	"file"	"144285"	"0x119CE800"	"108550"
"STR\D05_20.CCS"	"file"	"144339"	"0x119E9800"	"1730301"
"STR\D05_20E.CCS"	"file"	"145184"	"0x11B90000"	"412910"
"STR\D05_30.CCS"	"file"	"145386"	"0x11BF5000"	"1144354"
"STR\D05_30E.CCS"	"file"	"145945"	"0x11D0C800"	"221473"
"STR\D06_10.CCS"	"file"	"146054"	"0x11D43000"	"1699007"
"STR\D06_10E.CCS"	"file"	"146884"	"0x11EE2000"	"247241"
"STR\D06_20.CCS"	"file"	"147005"	"0x11F1E800"	"3873895"
"STR\D06_20E.CCS"	"file"	"148897"	"0x122D0800"	"256513"
"STR\D06_30.CCS"	"file"	"149023"	"0x1230F800"	"1921632"
"STR\D06_30E.CCS"	"file"	"149962"	"0x124E5000"	"279510"
"STR\D07_10.CCS"	"file"	"150099"	"0x12529800"	"2776192"
"STR\D07_10E.CCS"	"file"	"151455"	"0x127CF800"	"251783"
"STR\D07_20.CCS"	"file"	"151578"	"0x1280D000"	"1074429"
"STR\D07_20E.CCS"	"file"	"152103"	"0x12913800"	"244604"
"STR\D09_10.CCS"	"file"	"152223"	"0x1294F800"	"1813370"
"STR\D09_10E.CCS"	"file"	"153109"	"0x12B0A800"	"308102"
"STR\D09_20.CCS"	"file"	"153260"	"0x12B56000"	"1538505"
"STR\D09_20E.CCS"	"file"	"154012"	"0x12CCE000"	"313409"
"STR\D09_30.CCS"	"file"	"154166"	"0x12D1B000"	"1435826"
"STR\D09_30E.CCS"	"file"	"154868"	"0x12E7A000"	"293491"
"STR\D10_10.CCS"	"file"	"155012"	"0x12EC2000"	"1055679"
"STR\D10_10E.CCS"	"file"	"155528"	"0x12FC4000"	"202292"
"STR\D10_20.CCS"	"file"	"155627"	"0x12FF5800"	"1128859"
"STR\D10_20E.CCS"	"file"	"156179"	"0x13109800"	"252666"
"STR\D11_10.CCS"	"file"	"156303"	"0x13147800"	"673688"
"STR\D11_10E.CCS"	"file"	"156632"	"0x131EC000"	"184608"
"STR\D11_20.CCS"	"file"	"156723"	"0x13219800"	"1120446"
"STR\D11_20E.CCS"	"file"	"157271"	"0x1332B800"	"235613"
"STR\D12_10.CCS"	"file"	"157387"	"0x13365800"	"1371083"
"STR\D12_10E.CCS"	"file"	"158057"	"0x134B4800"	"210354"
"STR\D12_11.CCS"	"file"	"158160"	"0x134E8000"	"1368511"
"STR\D12_11E.CCS"	"file"	"158829"	"0x13636800"	"210355"
"STR\D12_20.CCS"	"file"	"158932"	"0x1366A000"	"1840565"
"STR\D12_20E.CCS"	"file"	"159831"	"0x1382B800"	"333667"
"STR\D12_30.CCS"	"file"	"159994"	"0x1387D000"	"1426617"
"STR\D12_30E.CCS"	"file"	"160691"	"0x139D9800"	"204347"
"STR\D13_10.CCS"	"file"	"160791"	"0x13A0B800"	"1395601"
"STR\D13_10E.CCS"	"file"	"161473"	"0x13B60800"	"413662"
"STR\D13_20.CCS"	"file"	"161675"	"0x13BC5800"	"1874349"
"STR\D13_20E.CCS"	"file"	"162591"	"0x13D8F800"	"236302"
"STR\D13_21.CCS"	"file"	"162707"	"0x13DC9800"	"1874643"
"STR\D13_21E.CCS"	"file"	"163623"	"0x13F93800"	"236305"
"STR\D13_30.CCS"	"file"	"163739"	"0x13FCD800"	"1792948"
"STR\D13_30E.CCS"	"file"	"164615"	"0x14183800"	"281344"
"STR\D14_10.CCS"	"file"	"164753"	"0x141C8800"	"1503509"
"STR\D14_10E.CCS"	"file"	"165488"	"0x14338000"	"197429"
"STR\D14_15.CCS"	"file"	"165585"	"0x14368800"	"1000308"
"STR\D14_15E.CCS"	"file"	"166074"	"0x1445D000"	"140741"
"STR\D14_20.CCS"	"file"	"166143"	"0x1447F800"	"2463049"
"STR\D14_20E.CCS"	"file"	"167346"	"0x146D9000"	"263976"
"STR\D15_10.CCS"	"file"	"167475"	"0x14719800"	"1909946"
"STR\D15_10E.CCS"	"file"	"168408"	"0x148EC000"	"280984"
"STR\D15_20.CCS"	"file"	"168546"	"0x14931000"	"2889303"
"STR\D15_20E.CCS"	"file"	"169957"	"0x14BF2800"	"206939"
"STR\D15_21.CCS"	"file"	"170059"	"0x14C25800"	"2883924"
"STR\D15_21E.CCS"	"file"	"171468"	"0x14EE6000"	"206939"
"STR\D15_30.CCS"	"file"	"171570"	"0x14F19000"	"1502832"
"STR\D15_30E.CCS"	"file"	"172304"	"0x15088000"	"361477"
"STR\D16_10.CCS"	"file"	"172481"	"0x150E0800"	"1769809"
"STR\D16_10E.CCS"	"file"	"173346"	"0x15291000"	"423377"
"STR\D16_20.CCS"	"file"	"173553"	"0x152F8800"	"1927828"
"STR\D16_20E.CCS"	"file"	"174495"	"0x154CF800"	"357804"
"STR\D16_30.CCS"	"file"	"174670"	"0x15527000"	"1833097"
"STR\D16_30E.CCS"	"file"	"175566"	"0x156E7000"	"212510"
"STR\D17_10.CCS"	"file"	"175670"	"0x1571B000"	"1315667"
"STR\D17_10E.CCS"	"file"	"176313"	"0x1585C800"	"216240"
"STR\D17_20.CCS"	"file"	"176419"	"0x15891800"	"1143692"
"STR\D17_20E.CCS"	"file"	"176978"	"0x159A9000"	"349759"
"STR\D17_30.CCS"	"file"	"177149"	"0x159FE800"	"1743225"
"STR\D17_30E.CCS"	"file"	"178001"	"0x15BA8800"	"260448"
"STR\D18_10.CCS"	"file"	"178129"	"0x15BE8800"	"1841606"
"STR\D18_10E.CCS"	"file"	"179029"	"0x15DAA800"	"248388"
"STR\D18_20.CCS"	"file"	"179151"	"0x15DE7800"	"1520348"
"STR\D18_20E.CCS"	"file"	"179894"	"0x15F5B000"	"195427"
"STR\D18_30.CCS"	"file"	"179990"	"0x15F8B000"	"2226625"
"STR\D18_30E.CCS"	"file"	"181078"	"0x161AB000"	"284404"
"STR\D19_10.CCS"	"file"	"181217"	"0x161F0800"	"1251186"
"STR\D19_10E.CCS"	"file"	"181828"	"0x16322000"	"387233"
"STR\D19_20.CCS"	"file"	"182018"	"0x16381000"	"1303216"
"STR\D19_20E.CCS"	"file"	"182655"	"0x164BF800"	"188732"
"STR\D19_30.CCS"	"file"	"182748"	"0x164EE000"	"1247200"
"STR\D19_30E.CCS"	"file"	"183357"	"0x1661E800"	"335733"
"STR\D21_20.CCS"	"file"	"183521"	"0x16670800"	"2423459"
"STR\D21_20E.CCS"	"file"	"184705"	"0x168C0800"	"304082"
"STR\D21_30.CCS"	"file"	"184854"	"0x1690B000"	"1876298"
"STR\D21_30E.CCS"	"file"	"185771"	"0x16AD5800"	"318085"
"STR\D22_10.CCS"	"file"	"185927"	"0x16B23800"	"2214913"
"STR\D22_10E.CCS"	"file"	"187009"	"0x16D40800"	"309356"
"STR\D22_20.CCS"	"file"	"187161"	"0x16D8C800"	"1291935"
"STR\D22_20E.CCS"	"file"	"187792"	"0x16EC8000"	"232877"
"STR\D22_30.CCS"	"file"	"187906"	"0x16F01000"	"3893402"
"STR\D22_30E.CCS"	"file"	"189808"	"0x172B8000"	"447317"
"STR\D25_10.CCS"	"file"	"190027"	"0x17325800"	"1465738"
"STR\D25_10E.CCS"	"file"	"190743"	"0x1748B800"	"389746"
"STR\D25_20.CCS"	"file"	"190934"	"0x174EB000"	"1563066"
"STR\D25_20E.CCS"	"file"	"191698"	"0x17669000"	"385523"
"STR\D27_10.CCS"	"file"	"191887"	"0x176C7800"	"1886579"
"STR\D27_10E.CCS"	"file"	"192809"	"0x17894800"	"361728"
"STR\D27_20.CCS"	"file"	"192986"	"0x178ED000"	"2575832"
"STR\D27_20E.CCS"	"file"	"194244"	"0x17B62000"	"165523"
"STR\D28_10.CCS"	"file"	"194325"	"0x17B8A800"	"2720733"
"STR\D28_10E.CCS"	"file"	"195654"	"0x17E23000"	"245964"
"STR\D28_20.CCS"	"file"	"195775"	"0x17E5F800"	"1690170"
"STR\D28_20E.CCS"	"file"	"196601"	"0x17FFC800"	"177447"
"STR\D34_10.CCS"	"file"	"196688"	"0x18028000"	"1828312"
"STR\D34_10E.CCS"	"file"	"197581"	"0x181E6800"	"156653"
"STR\D34_15.CCS"	"file"	"197658"	"0x1820D000"	"1890339"
"STR\D34_15E.CCS"	"file"	"198582"	"0x183DB000"	"189658"
"STR\D34_20.CCS"	"file"	"198675"	"0x18409800"	"1340323"
"STR\D34_20E.CCS"	"file"	"199330"	"0x18551000"	"104842"
"STR\D35_10.CCS"	"file"	"199382"	"0x1856B000"	"2269648"
"STR\D35_10E.CCS"	"file"	"200491"	"0x18795800"	"220638"
"STR\D35_15.CCS"	"file"	"200599"	"0x187CB800"	"2689676"
"STR\D35_15E.CCS"	"file"	"201913"	"0x18A5C800"	"199284"
"STR\D35_20.CCS"	"file"	"202011"	"0x18A8D800"	"955980"
"STR\D35_20E.CCS"	"file"	"202478"	"0x18B77000"	"208621"
"STR\D36_10.CCS"	"file"	"202580"	"0x18BAA000"	"1738421"
"STR\D36_10E.CCS"	"file"	"203429"	"0x18D52800"	"347841"
"STR\D36_15.CCS"	"file"	"203599"	"0x18DA7800"	"2259404"
"STR\D36_15E.CCS"	"file"	"204703"	"0x18FCF800"	"364468"
"STR\D36_20.CCS"	"file"	"204881"	"0x19028800"	"2179539"
"STR\D36_20E.CCS"	"file"	"205946"	"0x1923D000"	"208197"
"STR\D36_21.CCS"	"file"	"206048"	"0x19270000"	"2143310"
"STR\D36_21E.CCS"	"file"	"207095"	"0x1947B800"	"207125"
"STR\D37_10.CCS"	"file"	"207197"	"0x194AE800"	"1644795"
"STR\D37_10E.CCS"	"file"	"208001"	"0x19640800"	"325596"
"STR\D37_15.CCS"	"file"	"208160"	"0x19690000"	"2295605"
"STR\D37_15E.CCS"	"file"	"209281"	"0x198C0800"	"414093"
"STR\D37_20.CCS"	"file"	"209484"	"0x19926000"	"1255435"
"STR\D37_20E.CCS"	"file"	"210098"	"0x19A59000"	"213281"
"STR\D38_10.CCS"	"file"	"210203"	"0x19A8D800"	"1573990"
"STR\D38_10E.CCS"	"file"	"210972"	"0x19C0E000"	"416378"
"STR\D38_15.CCS"	"file"	"211176"	"0x19C74000"	"1891477"
"STR\D38_15E.CCS"	"file"	"212100"	"0x19E42000"	"426133"
"STR\D38_20.CCS"	"file"	"212309"	"0x19EAA800"	"1369380"
"STR\D38_20E.CCS"	"file"	"212978"	"0x19FF9000"	"378281"
"STR\D39_10.CCS"	"file"	"213163"	"0x1A055800"	"1734586"
"STR\D39_10E.CCS"	"file"	"214010"	"0x1A1FD000"	"284552"
"STR\D40_10.CCS"	"file"	"214149"	"0x1A242800"	"1974614"
"STR\D40_10E.CCS"	"file"	"215114"	"0x1A425000"	"436414"
"STR\D41_10.CCS"	"file"	"215328"	"0x1A490000"	"2663053"
"STR\D41_10E.CCS"	"file"	"216629"	"0x1A71A800"	"112501"
"STR\D42_10.CCS"	"file"	"216684"	"0x1A736000"	"2283540"
"STR\D42_10E.CCS"	"file"	"217800"	"0x1A964000"	"282706"
"STR\D42_20.CCS"	"file"	"217939"	"0x1A9A9800"	"3844585"
"STR\D42_20E.CCS"	"file"	"219817"	"0x1AD54800"	"401931"
"STR\D43_10.CCS"	"file"	"220014"	"0x1ADB7000"	"1582531"
"STR\D43_10E.CCS"	"file"	"220787"	"0x1AF39800"	"372844"
"STR\D44_10.CCS"	"file"	"220970"	"0x1AF95000"	"1761455"
"STR\D44_10E.CCS"	"file"	"221831"	"0x1B143800"	"154433"
"STR\D45_10.CCS"	"file"	"221907"	"0x1B169800"	"2089161"
"STR\D45_10E.CCS"	"file"	"222928"	"0x1B368000"	"253696"
"STR\D46_10.CCS"	"file"	"223052"	"0x1B3A6000"	"1517474"
"STR\D46_10E.CCS"	"file"	"223793"	"0x1B518800"	"422384"
"STR\D46_11.CCS"	"file"	"224000"	"0x1B580000"	"1543382"
"STR\D46_11E.CCS"	"file"	"224754"	"0x1B6F9000"	"437248"
"STR\D46_12.CCS"	"file"	"224968"	"0x1B764000"	"1517766"
"STR\D46_12E.CCS"	"file"	"225710"	"0x1B8D7000"	"422384"
"STR\D47_10.CCS"	"file"	"225917"	"0x1B93E800"	"1651770"
"STR\D47_10E.CCS"	"file"	"226724"	"0x1BAD2000"	"417556"
"STR\D53_10.CCS"	"file"	"226928"	"0x1BB38000"	"962548"
"STR\D53_10E.CCS"	"file"	"227398"	"0x1BC23000"	"250887"
"STR\D57_10.CCS"	"file"	"227521"	"0x1BC60800"	"2734058"
"STR\D57_10E.CCS"	"file"	"228856"	"0x1BEFC000"	"215792"
"STR\D57_20.CCS"	"file"	"228962"	"0x1BF31000"	"2412134"
"STR\D57_20E.CCS"	"file"	"230140"	"0x1C17E000"	"201817"
"STR\D57_25.CCS"	"file"	"230239"	"0x1C1AF800"	"6442569"
"STR\D57_25E.CCS"	"file"	"233385"	"0x1C7D4800"	"344853"
"STR\D57_30.CCS"	"file"	"233554"	"0x1C829000"	"3715351"
"STR\D57_30E.CCS"	"file"	"235369"	"0x1CBB4800"	"288936"
"STR\D57_35.CCS"	"file"	"235511"	"0x1CBFB800"	"4150840"
"STR\D57_35E.CCS"	"file"	"237538"	"0x1CFF1000"	"262951"
"STR\D57_50.CCS"	"file"	"237667"	"0x1D031800"	"2946319"
"STR\D57_50E.CCS"	"file"	"239106"	"0x1D301000"	"267271"
"STR\D58_10.CCS"	"file"	"239237"	"0x1D342800"	"1782830"
"STR\D58_10E.CCS"	"file"	"240108"	"0x1D4F6000"	"216897"
"STR\D58_20.CCS"	"file"	"240214"	"0x1D52B000"	"1859432"
"STR\D58_20E.CCS"	"file"	"241122"	"0x1D6F1000"	"255688"
"STR\D58_30.CCS"	"file"	"241247"	"0x1D72F800"	"1542239"
"STR\D58_30E.CCS"	"file"	"242001"	"0x1D8A8800"	"237148"
"STR\D58_50.CCS"	"file"	"242117"	"0x1D8E2800"	"3335138"
"STR\D58_50E.CCS"	"file"	"243746"	"0x1DC11000"	"351304"
"STR\D58_55.CCS"	"file"	"243918"	"0x1DC67000"	"2936861"
"STR\D58_55E.CCS"	"file"	"245353"	"0x1DF34800"	"263796"
"STR\D59_10.CCS"	"file"	"245482"	"0x1DF75000"	"1544155"
"STR\D59_10E.CCS"	"file"	"246236"	"0x1E0EE000"	"498493"
"STR\D59_20.CCS"	"file"	"246480"	"0x1E168000"	"2530232"
"STR\D59_20E.CCS"	"file"	"247716"	"0x1E3D2000"	"315606"
"STR\D59_30.CCS"	"file"	"247871"	"0x1E41F800"	"1052009"
"STR\D59_30E.CCS"	"file"	"248385"	"0x1E520800"	"274570"
"STR\D59_35.CCS"	"file"	"248520"	"0x1E564000"	"2292759"
"STR\D59_35E.CCS"	"file"	"249640"	"0x1E794000"	"485679"
"STR\D60_10.CCS"	"file"	"249878"	"0x1E80B000"	"2820925"
"STR\D60_10E.CCS"	"file"	"251256"	"0x1EABC000"	"144413"
"STR\D60_20.CCS"	"file"	"251327"	"0x1EADF800"	"2562732"
"STR\D60_20E.CCS"	"file"	"252579"	"0x1ED51800"	"304987"
"STR\D60_30.CCS"	"file"	"252728"	"0x1ED9C000"	"2459867"
"STR\D60_30E.CCS"	"file"	"253930"	"0x1EFF5000"	"197250"
"STR\D61_10.CCS"	"file"	"254027"	"0x1F025800"	"1609462"
"STR\D61_10E.CCS"	"file"	"254813"	"0x1F1AE800"	"241887"
"STR\D61_20.CCS"	"file"	"254932"	"0x1F1EA000"	"2216412"
"STR\D61_20E.CCS"	"file"	"256015"	"0x1F407800"	"261629"
"STR\D61_30.CCS"	"file"	"256143"	"0x1F447800"	"1155765"
"STR\D61_30E.CCS"	"file"	"256708"	"0x1F562000"	"235190"
"STR\D62_10.CCS"	"file"	"256823"	"0x1F59B800"	"2022868"
"STR\D62_10E.CCS"	"file"	"257811"	"0x1F789800"	"236870"
"STR\D62_20.CCS"	"file"	"257927"	"0x1F7C3800"	"4749028"
"STR\D62_20E.CCS"	"file"	"260246"	"0x1FC4B000"	"344192"
"STR\D62_50.CCS"	"file"	"260415"	"0x1FC9F800"	"3335153"
"STR\D62_50E.CCS"	"file"	"262044"	"0x1FFCE000"	"353165"
"STR\D63_10.CCS"	"file"	"262217"	"0x20024800"	"2626205"
"STR\D63_10E.CCS"	"file"	"263500"	"0x202A6000"	"278138"
"STR\D63_20.CCS"	"file"	"263636"	"0x202EA000"	"2391623"
"STR\D63_20E.CCS"	"file"	"264804"	"0x20532000"	"312582"
"STR\D63_30.CCS"	"file"	"264957"	"0x2057E800"	"2129589"
"STR\D63_30E.CCS"	"file"	"265997"	"0x20786800"	"232755"
"STR\D63_50.CCS"	"file"	"266111"	"0x207BF800"	"2316698"
"STR\D63_50E.CCS"	"file"	"267243"	"0x209F5800"	"299896"
"STR\D64_10.CCS"	"file"	"267390"	"0x20A3F000"	"1550558"
"STR\D64_10E.CCS"	"file"	"268148"	"0x20BBA000"	"291327"
"STR\D64_20.CCS"	"file"	"268291"	"0x20C01800"	"1604539"
"STR\D64_20E.CCS"	"file"	"269075"	"0x20D89800"	"332236"
"STR\D64_25.CCS"	"file"	"269238"	"0x20DDB000"	"2002626"
"STR\D64_25E.CCS"	"file"	"270216"	"0x20FC4000"	"293101"
"STR\D64_30.CCS"	"file"	"270360"	"0x2100C000"	"1491405"
"STR\D64_30E.CCS"	"file"	"271089"	"0x21178800"	"354375"
"STR\D64_35.CCS"	"file"	"271263"	"0x211CF800"	"1949467"
"STR\D64_35E.CCS"	"file"	"272215"	"0x213AB800"	"228641"
"STR\D64_50.CCS"	"file"	"272327"	"0x213E3800"	"2600217"
"STR\D64_50E.CCS"	"file"	"273597"	"0x2165E800"	"297294"
"STR\D65_10.CCS"	"file"	"273743"	"0x216A7800"	"981565"
"STR\D65_10E.CCS"	"file"	"274223"	"0x21797800"	"210440"
"STR\D65_20.CCS"	"file"	"274326"	"0x217CB000"	"2123843"
"STR\D65_20E.CCS"	"file"	"275364"	"0x219D2000"	"235160"
"STR\D65_30.CCS"	"file"	"275479"	"0x21A0B800"	"1680035"
"STR\D65_30E.CCS"	"file"	"276300"	"0x21BA6000"	"230722"
"STR\D66_10.CCS"	"file"	"276413"	"0x21BDE800"	"1799595"
"STR\D66_10E.CCS"	"file"	"277292"	"0x21D96000"	"102185"
"STR\D66_20.CCS"	"file"	"277342"	"0x21DAF000"	"3335857"
"STR\D66_20E.CCS"	"file"	"278971"	"0x220DD800"	"193733"
"STR\D66_30.CCS"	"file"	"279066"	"0x2210D000"	"1405693"
"STR\D66_30E.CCS"	"file"	"279753"	"0x22264800"	"240989"
"STR\D67_10.CCS"	"file"	"279871"	"0x2229F800"	"1815151"
"STR\D67_10E.CCS"	"file"	"280758"	"0x2245B000"	"191353"
"STR\D67_20.CCS"	"file"	"280852"	"0x2248A000"	"2278378"
"STR\D67_20E.CCS"	"file"	"281965"	"0x226B6800"	"260647"
"STR\D67_30.CCS"	"file"	"282093"	"0x226F6800"	"2650132"
"STR\D67_30E.CCS"	"file"	"283388"	"0x2297E000"	"283177"
"STR\D68_10.CCS"	"file"	"283527"	"0x229C3800"	"1847770"
"STR\D68_10E.CCS"	"file"	"284430"	"0x22B87000"	"187762"
"STR\D68_20.CCS"	"file"	"284522"	"0x22BB5000"	"4631463"
"STR\D68_20E.CCS"	"file"	"286784"	"0x23020000"	"252534"
"STR\D68_30.CCS"	"file"	"286908"	"0x2305E000"	"1854485"
"STR\D68_30E.CCS"	"file"	"287814"	"0x23223000"	"189974"
"STR\D68_35.CCS"	"file"	"287907"	"0x23251800"	"2861932"
"STR\D68_35E.CCS"	"file"	"289305"	"0x2350C800"	"293443"
"STR\D69_10.CCS"	"file"	"289449"	"0x23554800"	"1941872"
"STR\D69_10E.CCS"	"file"	"290398"	"0x2372F000"	"214178"
"STR\D69_20.CCS"	"file"	"290503"	"0x23763800"	"1891035"
"STR\D69_20E.CCS"	"file"	"291427"	"0x23931800"	"285333"
"STR\D69_21.CCS"	"file"	"291567"	"0x23977800"	"1890583"
"STR\D69_21E.CCS"	"file"	"292491"	"0x23B45800"	"308428"
"STR\D69_30.CCS"	"file"	"292642"	"0x23B91000"	"2465012"
"STR\D69_30E.CCS"	"file"	"293846"	"0x23DEB000"	"261931"
"STR\D70_10.CCS"	"file"	"293974"	"0x23E2B000"	"3361852"
"STR\D70_10E.CCS"	"file"	"295616"	"0x24160000"	"214801"
"STR\D70_20.CCS"	"file"	"295721"	"0x24194800"	"2365860"
"STR\D70_20E.CCS"	"file"	"296877"	"0x243D6800"	"244512"
"STR\D70_25.CCS"	"file"	"296997"	"0x24412800"	"2354648"
"STR\D70_25E.CCS"	"file"	"298147"	"0x24651800"	"248809"
"STR\D70_30.CCS"	"file"	"298269"	"0x2468E800"	"721905"
"STR\D70_30E.CCS"	"file"	"298622"	"0x2473F000"	"273933"
"STR\D71_10.CCS"	"file"	"298756"	"0x24782000"	"1893626"
"STR\D71_10E.CCS"	"file"	"299681"	"0x24950800"	"209447"
"STR\D71_20.CCS"	"file"	"299784"	"0x24984000"	"1420601"
"STR\D71_20E.CCS"	"file"	"300478"	"0x24ADF000"	"258323"
"STR\D71_30.CCS"	"file"	"300605"	"0x24B1E800"	"2042076"
"STR\D71_30E.CCS"	"file"	"301603"	"0x24D11800"	"245596"
"STR\D71_50.CCS"	"file"	"301723"	"0x24D4D800"	"3407454"
"STR\D71_50E.CCS"	"file"	"303387"	"0x2508D800"	"380990"
"STR\D71_51.CCS"	"file"	"303574"	"0x250EB000"	"3606154"
"STR\D71_51E.CCS"	"file"	"305335"	"0x2545B800"	"380433"
"STR\D72_10.CCS"	"file"	"305521"	"0x254B8800"	"2621799"
"STR\D72_10E.CCS"	"file"	"306802"	"0x25739000"	"212997"
"STR\D72_20.CCS"	"file"	"306907"	"0x2576D800"	"7389676"
"STR\D72_20E.CCS"	"file"	"310516"	"0x25E7A000"	"245738"
"STR\D72_30.CCS"	"file"	"310636"	"0x25EB6000"	"1996057"
"STR\D72_30E.CCS"	"file"	"311611"	"0x2609D800"	"233789"
"STR\D72_50.CCS"	"file"	"311726"	"0x260D7000"	"3407429"
"STR\D72_50E.CCS"	"file"	"313390"	"0x26417000"	"377466"
"STR\D72_51.CCS"	"file"	"313575"	"0x26473800"	"3606200"
"STR\D72_51E.CCS"	"file"	"315336"	"0x267E4000"	"377466"
"STR\D76_10.CCS"	"file"	"315521"	"0x26840800"	"2273116"
"STR\D76_10E.CCS"	"file"	"316631"	"0x26A6B800"	"211412"
"STR\D76_20.CCS"	"file"	"316735"	"0x26A9F800"	"1601455"
"STR\D76_20E.CCS"	"file"	"317517"	"0x26C26800"	"184554"
"STR\D76_30.CCS"	"file"	"317608"	"0x26C54000"	"995284"
"STR\D76_30E.CCS"	"file"	"318094"	"0x26D47000"	"241256"
"STR\D77_10.CCS"	"file"	"318212"	"0x26D82000"	"1715612"
"STR\D77_10E.CCS"	"file"	"319050"	"0x26F25000"	"211653"
"STR\D78_10.CCS"	"file"	"319154"	"0x26F59000"	"2455584"
"STR\D78_10E.CCS"	"file"	"320354"	"0x271B1000"	"319016"
"STR\D78_20.CCS"	"file"	"320510"	"0x271FF000"	"4410253"
"STR\D78_20E.CCS"	"file"	"322664"	"0x27634000"	"222503"
"STR\D78_30.CCS"	"file"	"322773"	"0x2766A800"	"4410841"
"STR\D78_30E.CCS"	"file"	"324927"	"0x27A9F800"	"227423"
"STR\D79_10.CCS"	"file"	"325039"	"0x27AD7800"	"1931071"
"STR\D79_10E.CCS"	"file"	"325982"	"0x27CAF000"	"216596"
"STR\D79_20.CCS"	"file"	"326088"	"0x27CE4000"	"2348824"
"STR\D79_20E.CCS"	"file"	"327235"	"0x27F21800"	"302048"
"STR\D80_10.CCS"	"file"	"327383"	"0x27F6B800"	"2252737"
"STR\D80_10E.CCS"	"file"	"328483"	"0x28191800"	"189712"
"STR\D80_20.CCS"	"file"	"328576"	"0x281C0000"	"1810576"
"STR\D80_20E.CCS"	"file"	"329461"	"0x2837A800"	"232618"
"STR\D81_10.CCS"	"file"	"329575"	"0x283B3800"	"1963718"
"STR\D81_10E.CCS"	"file"	"330534"	"0x28593000"	"281603"
"STR\D81_20.CCS"	"file"	"330672"	"0x285D8000"	"1932845"
"STR\D81_20E.CCS"	"file"	"331616"	"0x287B0000"	"285118"
"STR\D81_30.CCS"	"file"	"331756"	"0x287F6000"	"2136760"
"STR\D81_30E.CCS"	"file"	"332800"	"0x28A00000"	"285118"
"STR\D82_10.CCS"	"file"	"332940"	"0x28A46000"	"2981970"
"STR\D82_10E.CCS"	"file"	"334397"	"0x28D1E800"	"255815"
"STR\D82_20.CCS"	"file"	"334522"	"0x28D5D000"	"2966623"
"STR\D82_20E.CCS"	"file"	"335971"	"0x29031800"	"332091"
"STR\D83_10.CCS"	"file"	"336134"	"0x29083000"	"1810821"
"STR\D83_10E.CCS"	"file"	"337019"	"0x2923D800"	"195895"
"STR\D84_10.CCS"	"file"	"337115"	"0x2926D800"	"1718104"
"STR\D84_10E.CCS"	"file"	"337954"	"0x29411000"	"275082"
"STR\D86_20.CCS"	"file"	"338089"	"0x29454800"	"2385956"
"STR\D86_20E.CCS"	"file"	"339255"	"0x2969B800"	"312468"
"STR\D89_10.CCS"	"file"	"339408"	"0x296E8000"	"1021485"
"STR\D89_10E.CCS"	"file"	"339907"	"0x297E1800"	"293219"
"STR\D89_50.CCS"	"file"	"340051"	"0x29829800"	"3599449"
"STR\D89_50E.CCS"	"file"	"341809"	"0x29B98800"	"267640"
"STR\D90_10.CCS"	"file"	"341940"	"0x29BDA000"	"2800068"
"STR\D90_10E.CCS"	"file"	"343308"	"0x29E86000"	"301081"
"STR\D91_10.CCS"	"file"	"343456"	"0x29ED0000"	"1681874"
"STR\D91_10E.CCS"	"file"	"344278"	"0x2A06B000"	"340642"
"STR\D91_20.CCS"	"file"	"344445"	"0x2A0BE800"	"952952"
"STR\D91_20E.CCS"	"file"	"344911"	"0x2A1A7800"	"270978"
"STR\D92_10.CCS"	"file"	"345044"	"0x2A1EA000"	"7978935"
"STR\D92_10E.CCS"	"file"	"348940"	"0x2A986000"	"270139"
"STR\D92_11.CCS"	"file"	"349072"	"0x2A9C8000"	"8228916"
"STR\D92_11E.CCS"	"file"	"353091"	"0x2B1A1800"	"270139"
"STR\D92_20.CCS"	"file"	"353223"	"0x2B1E3800"	"2013188"
"STR\D92_20E.CCS"	"file"	"354207"	"0x2B3CF800"	"403519"
"STR\D93_10.CCS"	"file"	"354405"	"0x2B432800"	"2234673"
"STR\D93_10E.CCS"	"file"	"355497"	"0x2B654800"	"334846"
"STR\D93_20.CCS"	"file"	"355661"	"0x2B6A6800"	"2855866"
"STR\D93_20E.CCS"	"file"	"357056"	"0x2B960000"	"339067"
"STR\D93_30.CCS"	"file"	"357222"	"0x2B9B3000"	"1562520"
"STR\D93_30E.CCS"	"file"	"357985"	"0x2BB30800"	"210915"
"STR\D93_50.CCS"	"file"	"358088"	"0x2BB64000"	"3599418"
"STR\D93_50E.CCS"	"file"	"359846"	"0x2BED3000"	"261434"
"STRMCMN.CCS"	"file"	"2494"	"0x4DF000"	"209468"
"TITLE.CCS"	"file"	"2597"	"0x512800"	"405530"
"TITLE_P.CCS"	"file"	"2796"	"0x576000"	"342496"
"TITLE_T.CCS"	"file"	"2964"	"0x5CA000"	"342675"
"TITLE_T2.CCS"	"file"	"3132"	"0x61E000"	"203964"
"VS.CCS"	"file"	"3232"	"0x650000"	"77568"
"XNINKA.CCS"	"file"	"3270"	"0x663000"	"68535"
